"Polarity","Alignment.ID","Adduct.type","Average.Rt.min.","Metabolite.curated","Ontology","ML210_0min_1","ML210_0min_2","ML210_0min_3","ML210_20min_1","ML210_20min_2","ML210_20min_3","ML210_45min_1","ML210_45min_2","ML210_45min_3","ML210_80min_1","ML210_80min_2","ML210_80min_3","ML210_120min_1","ML210_120min_2","ML210_120min_3","ML210_270min_1","ML210_270min_2","ML210_270min_3"
"Neg",61180,"[M-H]-",23.249,"CL 14:0_16:0_16:0_18:1","CL",51274,193316,168425,166954,76351,238227,175286,149501,172854,158866,158326,97883,72982,163054,68733,61865,50601,46290
"Neg",61102,"[M-H]-",22.147,"CL 14:0_16:1_16:1_18:1","CL",226438,196925,270657,280560,254820,322452,172092,272737,259370,188357,334191,319002,265153,237796,264305,140536,170890,189197
"Neg",61146,"[M-H]-",22.722,"CL 14:0_18:1_16:0_16:1","CL",178003,218316,264741,295011,193682,132133,252042,260452,221599,124230,331722,265168,178649,192868,182527,117692,115622,105484
"Neg",62045,"[M-H]-",23.48,"CL 15:0_18:1_16:0_18:1","CL",165519,250441,175609,211434,157294,180794,210825,174692,152775,216846,140546,225385,205077,89072,116211,129904,127273,92971
"Neg",61787,"[M-H]-",23.729,"CL 16:0_16:0_16:0_18:1","CL",351626,426174,252809,460369,323086,521711,433581,383926,399063,333068,448807,408352,218914,373365,290079,104355,232455,217525
"Neg",61750,"[M-H]-",23.246,"CL 16:0_16:1_16:0_18:1","CL",500260,1434742,1346311,1402881,997100,1648163,1253259,1194183,1260429,1141453,667541,1390523,1177781,1177791,1020355,720288,882286,926569
"Neg",61702,"[M-H]-",22.73,"CL 16:0_16:1_16:1_18:1 (a)","CL",1194170,1478026,1389798,1392165,1123457,1613052,1317622,1219427,1337047,1215686,1606980,1468504,1316213,1107721,1133661,778087,865397,541752
"Neg",61701,"[M-H]-",22.989,"CL 16:0_16:1_16:1_18:1 (b)","CL",23552,18781,25421,19830,4164,27334,23703,21527,16780,4728,2817,54340,12828,91713,20314,4238,3082,15975
"Neg",62002,"[M-H]-",23.002,"CL 16:0_17:1_16:1_18:1","CL",265338,315191,279845,316302,255514,343285,304672,277977,273920,258330,381081,303658,181742,269036,241087,107593,130028,146540
"Neg",62336,"[M-H]-",23.712,"CL 16:0_18:1_16:0_18:1 (a)","CL",3808426,4636272,4327586,4482816,3501575,5191504,4292401,4062747,4194576,4026917,2286155,4499594,4061784,3803754,3654175,2645013,3261981,3346409
"Neg",62339,"[M-H]-",24.508,"CL 16:0_18:1_16:0_18:1 (b)","CL",4821,8748,5562,12418,0,10215,0,3535,8462,4620,2489,7725,11008,3982,3103,3541,7058,0
"Neg",62338,"[M-H]-",24.871,"CL 16:0_18:1_16:0_18:1 (c)","CL",0,3827,2906,0,0,2704,2849,3629,0,0,3253,0,3916,3052,0,0,2781,0
"Neg",62296,"[M-H]-",23.243,"CL 16:0_18:1_16:1_18:1","CL",3472371,4339425,3822976,4051981,3064284,4630033,3730147,3684775,3806571,3370351,4647797,4236671,3675234,1647890,3345852,2477717,2728381,3015622
"Neg",62654,"[M-H]-",23.924,"CL 16:0_18:1_17:0_18:1","CL",203452,297390,287482,263737,194197,273892,251792,151876,272424,255801,341884,311388,203593,239622,185663,185800,226863,262158
"Neg",62606,"[M-H]-",23.476,"CL 16:0_18:1_17:1_18:1","CL",424253,539361,500219,486831,374534,583500,519386,462659,457562,437778,597253,510845,468950,433340,426012,314637,344814,417264
"Neg",62989,"[M-H]-",24.146,"CL 16:0_18:1_18:0_18:1","CL",375106,440153,407313,441980,323499,498158,404621,345551,417385,425739,503479,456423,406419,408118,355296,299019,348751,402274
"Neg",62943,"[M-H]-",23.716,"CL 16:0_18:1_18:1_18:1 (a)","CL",2302523,2891781,2669959,2650198,2178695,3047877,2735409,2595602,2701301,2476227,1613201,2832425,2642655,2471400,2333399,1781475,2104743,2341324
"Neg",62941,"[M-H]-",23.989,"CL 16:0_18:1_18:1_18:1 (b)","CL",36178,55937,62163,42467,40210,85838,57532,52015,54000,46364,46337,54855,48908,52081,44327,27361,30254,30762
"Neg",62942,"[M-H]-",24.871,"CL 16:0_18:1_18:1_18:1 (c)","CL",0,0,0,0,3736,0,0,0,3829,0,3595,2884,0,0,3188,0,0,0
"Neg",62893,"[M-H]-",23.67,"CL 16:0_18:2_18:1_18:1","CL",123126,219900,112640,159412,312531,67331,107242,119921,98500,134699,122253,171308,187687,95887,34682,233278,60292,75751
"Neg",61053,"[M-H]-",21.514,"CL 16:1_16:1_16:1_16:1","CL",156657,83850,136171,119291,111809,140590,165574,181093,168397,88056,94198,202640,134094,135437,117433,39107,72426,69487
"Neg",61655,"[M-H]-",22.166,"CL 16:1_16:1_16:1_18:1","CL",1353722,1669049,1439177,1509626,1302871,1813196,939129,1483625,1475273,854112,1741496,1762394,1363020,1363728,1362833,814066,970891,1018521
"Neg",61619,"[M-H]-",21.588,"CL 16:1_16:1_16:1_18:2","CL",150139,211206,146750,293923,204542,160273,290704,298836,264031,266699,337623,365755,259002,172737,221829,127121,155421,173154
"Neg",61957,"[M-H]-",22.471,"CL 16:1_17:1_17:1_17:1","CL",278968,376337,357309,317343,267470,396570,274127,174847,308155,280079,368802,372734,340495,161291,319647,174066,194781,243716
"Neg",62244,"[M-H]-",22.737,"CL 16:1_18:1_16:1_18:1 (a)","CL",4229511,5620955,4865236,5015936,4101496,5539799,4787964,4726915,4822788,4374937,5854024,5197046,4588820,4370545,4326695,3106146,3228573,1851733
"Neg",62245,"[M-H]-",22.986,"CL 16:1_18:1_16:1_18:1 (b)","CL",89469,118682,103422,107240,85025,122427,104248,98342,89079,82306,112718,119461,96329,107035,91057,82061,82012,46925
"Neg",62243,"[M-H]-",23.724,"CL 16:1_18:1_16:1_18:1 (c)","CL",30084,23868,27952,42013,11923,30082,55282,11088,45315,18764,39401,31367,17628,19266,28486,15999,10763,11769
"Neg",62207,"[M-H]-",22.226,"CL 16:1_18:1_16:1_18:2 (a)","CL",1677670,2203633,1948567,1971230,1687309,2304639,2072827,1938278,1907553,1795167,2367974,2190403,1898336,1834587,1724895,1160715,1326347,1464762
"Neg",62206,"[M-H]-",23.248,"CL 16:1_18:1_16:1_18:2 (b)","CL",68516,209455,64838,177943,60828,238336,186418,159352,95285,141300,220087,204072,98797,95902,133344,30672,86455,115162
"Neg",62736,"[M-H]-",22.094,"CL 16:1_18:1_16:1_20:4","CL",222389,383772,211305,352650,251777,359805,316935,462154,530024,279385,230095,380233,280632,355308,423159,142862,318804,218760
"Neg",62561,"[M-H]-",23.01,"CL 16:1_18:1_17:1_18:1","CL",704329,905041,803847,830859,668060,925735,756322,747631,775144,703302,920200,887003,750954,735971,423149,487017,554681,605743
"Neg",62509,"[M-H]-",22.522,"CL 16:1_18:1_17:1_18:2","CL",284403,348363,326476,286305,257695,395640,312225,289530,320712,195310,409508,333875,311167,331747,169830,193717,212824,245813
"Neg",62890,"[M-H]-",23.261,"CL 16:1_18:1_18:1_18:1","CL",5306062,6827288,5946409,6175533,4937372,7097078,5740395,5777100,5960622,5454655,7205348,6488197,5736881,5483756,5400959,3921006,4368192,4854123
"Neg",62845,"[M-H]-",22.785,"CL 16:1_18:1_18:1_18:2 (a)","CL",4255331,5526698,4887820,5068807,4085479,5418343,4715123,4797704,4983791,4546686,5993846,5244650,4886373,4402321,4423226,3143996,3413709,3845510
"Neg",62844,"[M-H]-",23.159,"CL 16:1_18:1_18:1_18:2 (b)","CL",258777,420578,273259,536594,176419,562576,444304,622621,578581,594398,698841,677314,676354,224033,209361,264233,236449,503484
"Neg",62846,"[M-H]-",23.709,"CL 16:1_18:1_18:1_18:2 (c)","CL",583163,792173,716821,738475,579582,420606,667022,640160,666497,639165,852884,756621,669696,589473,559128,413766,264376,562853
"Neg",62795,"[M-H]-",22.701,"CL 16:1_18:1_18:2_18:2 (a)","CL",443550,547249,691832,647900,340378,344536,314630,675386,421722,348577,485157,695595,354292,676251,562061,238334,223093,551757
"Neg",62796,"[M-H]-",23.24,"CL 16:1_18:1_18:2_18:2 (b)","CL",485747,709406,617737,600691,503990,712319,543987,278743,264604,532680,717359,627720,616165,541394,234631,245307,402907,434539
"Neg",63372,"[M-H]-",22.141,"CL 16:1_18:1_18:2_20:4","CL",484354,672201,616674,300390,286208,380002,362068,589115,514496,543964,763138,693705,574363,292576,541780,180324,396339,324450
"Neg",62173,"[M-H]-",21.681,"CL 16:1_18:2_16:1_18:2 (a)","CL",242333,316713,274543,209466,137805,188048,250839,267973,102931,247375,232661,266471,262312,275188,280062,129909,155451,204996
"Neg",62172,"[M-H]-",22.726,"CL 16:1_18:2_16:1_18:2 (b)","CL",144199,175282,101368,113972,59352,144249,141786,88696,156362,133697,127890,179815,83418,133174,76511,18133,41886,124273
"Neg",62692,"[M-H]-",21.521,"CL 16:1_18:2_16:1_20:4","CL",131401,112082,122020,99943,64424,132025,131345,101643,139263,65800,106226,125616,67796,103436,65643,35974,35877,45742
"Neg",62797,"[M-H]-",22.304,"CL 16:1_18:2_18:1_18:2","CL",1203082,1559597,1380745,1349837,1171564,1545032,1471696,1340561,1368501,1263824,1649688,1553377,1376017,1242918,1300009,872288,1016234,1017320
"Neg",62735,"[M-H]-",21.779,"CL 16:1_18:2_18:2_18:2","CL",44573,83765,67564,110666,99420,124894,150631,158946,103009,127244,112550,166741,157518,179990,119040,31752,61354,47252
"Neg",63420,"[M-H]-",23.649,"CL 16:1_20:4_18:1_18:1","CL",0,14509,3671,5223,0,8483,0,9797,16218,2927,5194,3656,3477,3953,11137,0,5752,0
"Neg",63371,"[M-H]-",22.784,"CL 16:1_20:4_18:1_18:2","CL",277616,846651,687889,472623,292523,775158,670927,682844,357486,683527,887045,762366,725993,630947,658868,292053,513680,547391
"Neg",63228,"[M-H]-",23.49,"CL 17:1_18:1_18:1_18:1","CL",424488,567383,267218,476946,374828,590903,489921,452228,473343,458408,590353,509648,434265,398660,449418,307851,188542,382498
"Neg",63175,"[M-H]-",23.046,"CL 17:1_18:1_18:1_18:2","CL",407986,240187,436766,539411,390934,593414,498348,452786,444109,438915,637699,520372,502560,443202,453424,305009,320571,372938
"Neg",63115,"[M-H]-",22.595,"CL 17:1_18:2_18:1_18:2","CL",100275,131289,83662,68274,60983,94212,48199,78616,78189,54884,96747,162620,119932,77886,111651,70655,77964,15276
"Neg",63641,"[M-H]-",24.145,"CL 18:0_18:1_18:1_18:1","CL",73542,102903,55953,153127,107713,181420,75012,80453,145248,105806,176808,201149,45865,177019,148878,55132,109752,98073
"Neg",63586,"[M-H]-",23.727,"CL 18:1_18:1_18:1_18:1 (a)","CL",1193177,1512184,1353285,1456539,1145438,1610214,1381497,1281488,1318902,1271778,1713172,1476450,1423162,1294546,1292734,951080,1148488,1209854
"Neg",63585,"[M-H]-",24.871,"CL 18:1_18:1_18:1_18:1 (b)","CL",0,0,0,0,0,0,0,0,0,0,0,0,0,2795,0,0,0,0
"Neg",63532,"[M-H]-",23.296,"CL 18:1_18:1_18:1_18:2","CL",2348556,3060591,2674879,2787040,2270561,3105389,2596706,2637842,2614391,2461391,3391238,2955003,2656716,2615926,2363947,1851825,2060647,2307791
"Neg",64204,"[M-H]-",23.378,"CL 18:1_18:1_18:1_20:3","CL",178035,112067,166471,176241,156652,254501,182282,143710,185422,94246,281828,129361,201585,175486,148098,111056,80776,76180
"Neg",64097,"[M-H]-",22.72,"CL 18:1_18:1_18:2_20:4","CL",205875,286912,286043,139272,253195,231141,329715,297559,331661,252481,382646,178835,278708,214658,314691,144306,133375,106568
"Neg",63478,"[M-H]-",22.849,"CL 18:1_18:2_18:1_18:2 (a)","CL",1823556,2334409,2072789,2056945,1806561,2260452,2108416,2025397,2089911,1931435,2613766,2363762,1245820,1835763,1825977,1417606,1473500,1753755
"Neg",63477,"[M-H]-",23.009,"CL 18:1_18:2_18:1_18:2 (b)","CL",133182,149842,137109,113975,119551,125211,140285,142157,143662,129015,145568,80755,139738,82227,68086,101294,90942,121336
"Neg",63474,"[M-H]-",23.221,"CL 18:1_18:2_18:1_18:2 (c)","CL",259617,671967,509951,200592,456745,216732,322043,422094,549506,185628,450314,341532,564595,340083,219031,302876,180343,521562
"Neg",63479,"[M-H]-",23.711,"CL 18:1_18:2_18:1_18:2 (d)","CL",362795,292921,359372,229678,327991,307614,408867,414924,443733,383564,504713,279753,236177,404187,320801,265978,170580,350550
"Neg",64153,"[M-H]-",22.968,"CL 18:1_18:2_18:1_20:3 (a)","CL",225701,259987,140731,269680,190731,261430,207814,226685,227934,210617,270799,260470,306804,135202,274756,179753,109194,134854
"Neg",64152,"[M-H]-",23.72,"CL 18:1_18:2_18:1_20:3 (b)","CL",111557,130618,93909,215564,148903,197036,195701,168060,175731,164179,110523,214365,212328,73675,137443,53248,154736,95371
"Neg",64095,"[M-H]-",23.292,"CL 18:1_18:2_18:1_20:4","CL",363464,443494,380946,289268,304836,468173,188665,315466,406622,333368,478404,468440,152382,373010,339743,244319,292814,337123
"Neg",63418,"[M-H]-",22.387,"CL 18:1_18:2_18:2_18:2 (a)","CL",460396,588428,518350,521593,267575,632631,293960,487351,265157,224236,642884,588075,600190,511098,406404,344956,153811,258879
"Neg",63419,"[M-H]-",22.512,"CL 18:1_18:2_18:2_18:2 (b)","CL",22880,26685,55377,102375,187591,31308,84736,82587,61875,224236,29738,59387,77758,37586,87562,43189,17756,41109
"Neg",63417,"[M-H]-",22.692,"CL 18:1_18:2_18:2_18:2 (c)","CL",325538,888858,519214,665950,436874,870921,305314,823061,467578,889005,654645,528885,399777,665499,611681,525851,228021,645378
"Neg",63416,"[M-H]-",23.257,"CL 18:1_18:2_18:2_18:2 (d)","CL",789699,1045056,957506,912216,711673,1129947,917154,862569,905923,821325,1122405,1019775,920037,883997,758560,568982,644674,745700
"Neg",64047,"[M-H]-",22.214,"CL 18:1_18:2_18:2_20:4 (a)","CL",178064,248654,154231,141096,99179,141995,293662,135494,195879,119067,307442,178609,129001,177139,112097,45189,68097,76213
"Neg",64045,"[M-H]-",22.85,"CL 18:1_18:2_18:2_20:4 (b)","CL",237568,239542,304109,288667,200867,284382,280682,251849,208347,243421,361224,329471,299786,247551,125825,160168,159404,99664
"Pos",21835,"[M+NH4]+",13.992,"DG 14:0_16:0","DG",2600054,2675610,2845489,2265417,3315086,3550366,2501936,3751060,3336410,2200238,3545426,2171547,2078864,884850,612411,963170,1167761,1608127
"Pos",23818,"[M+NH4]+",15.303,"DG 16:0_16:0","DG",18879377,20569439,20097460,24330624,24206849,24039902,22175946,26069295,24528513,22842645,26594774,21607777,14115377,14954993,15262068,8294436,6251959,4634894
"Pos",23689,"[M+NH4]+",14.079,"DG 16:0_16:1","DG",16298167,17849702,7903154,11369282,14448768,22957584,20369213,23671839,21865584,20201717,23607022,12178621,14049127,15504387,15659628,6502811,12734034,13535662
"Pos",24764,"[M+NH4]+",14.768,"DG 16:0_17:1","DG",2671575,1609247,1525166,2173952,3509084,3505277,3455314,3976429,1835550,3629614,2648237,3638948,3171405,3146887,1560840,1147954,2671166,2892627
"Pos",26055,"[M+NH4]+",16.833,"DG 16:0_18:0","DG",10736918,11214683,11275378,12711022,12262888,11647090,13285773,14392562,13884593,13914756,16916292,13446281,10260240,11253090,11045289,2238464,7034113,7816372
"Pos",25882,"[M+NH4]+",15.449,"DG 16:0_18:1","DG",84092837,89883806,87363217,106417264,106573157,102696871,97720015,112421071,105687037,103175622,121432751,99495195,76610628,83441800,84453212,55960201,68202366,75075132
"Pos",26988,"[M+NH4]+",16.174,"DG 16:0_19:1","DG",3194008,3964740,3498144,2279268,4663058,4011381,4763034,4421561,5020452,4764710,5340098,5016958,3838829,4601576,4540580,2737245,3515507,3346487
"Pos",28240,"[M+NH4]+",18.444,"DG 16:0_20:0","DG",1431721,1462368,1404468,1644557,973137,650099,1761254,1767559,638457,1954146,2221858,999756,801751,1737900,788197,1000383,1243683,1334631
"Pos",29647,"[M+NH4]+",13.962,"DG 16:0_22:5","DG",3090263,5602825,4981871,9434327,9539173,9078989,10124361,11170632,10606123,11911135,13140216,5270099,10637364,11679216,11536739,8997913,10867667,11835473
"Pos",33024,"[M+NH4]+",21.124,"DG 16:0_24:0","DG",642266,630113,648214,709913,761863,762805,860057,938807,937081,1077852,1037018,951395,690079,714054,374861,151463,185069,368570
"Pos",32844,"[M+NH4]+",19.932,"DG 16:0_24:1","DG",1651042,1786185,1790520,2327939,2263031,2262033,2537978,2894088,2811523,3025862,3509986,2837386,2163389,2334742,2335750,923202,1042613,1262755
"Pos",35564,"[M+NH4]+",22.073,"DG 16:0_26:0","DG",401075,411066,194827,534968,591569,574986,654920,724777,657043,352317,460597,402268,492161,356715,303208,161225,167558,149614
"Pos",35374,"[M+NH4]+",21.075,"DG 16:0_26:1","DG",1405676,1484319,1536611,2013291,1338352,2024759,2218418,2581721,2541538,2607997,3026421,2457750,1955160,2165580,2108334,334519,909966,610301
"Pos",25721,"[M+NH4]+",14.183,"DG 16:1_18:1","DG",8855123,18877508,18540983,25035882,25171139,25262957,12919605,27277824,25558223,26030520,29528694,25144427,19386044,21125035,21989314,15787454,18718613,19776531
"Pos",28238,"[M+NH4]+",18.497,"DG 18:0_18:0","DG",1437256,1462368,1404468,1644557,717052,889121,1761254,1767559,1245148,1954146,2221858,946430,764582,1737900,826268,1000383,1243683,1334631
"Pos",28101,"[M+NH4]+",16.969,"DG 18:0_18:1","DG",23907636,25851138,24519437,31000616,29931461,29236787,30497825,34426715,32489691,32556668,39079529,31500479,27603937,30207303,30287367,20463387,24465794,27140344
"Pos",30373,"[M+NH4]+",18.526,"DG 18:0_20:1","DG",1592565,2791734,2763533,3371828,3401189,2070705,3607685,3861650,3697691,3648959,4418091,3607233,2853198,3173437,3142482,1729835,2125165,2377531
"Pos",30207,"[M+NH4]+",17.559,"DG 18:0_20:2","DG",391066,153190,569017,487758,502239,427068,577919,545282,418982,500876,584617,362482,152671,507508,181802,96725,304034,367007
"Pos",30011,"[M+NH4]+",16.044,"DG 18:0_20:3","DG",2646159,1677492,1664737,3687116,3798938,3307330,3708267,2267065,3971352,4017332,2539668,3831384,3698557,4007113,4322425,2906577,3838241,2038973
"Pos",29821,"[M+NH4]+",15.263,"DG 18:0_20:4 (a)","DG",5712680,10066001,4401320,11532026,12585120,6599351,6435691,7463126,12985171,6385909,7028886,7298661,12754236,13518865,14011086,11436844,15126499,10131395
"Pos",29820,"[M+NH4]+",15.383,"DG 18:0_20:4 (b)","DG",3818265,1633807,4858819,1686272,2111030,4941740,5673702,6741915,2088073,5608862,6561472,4890444,1876198,1654054,2042799,1467871,2255421,7026364
"Pos",32125,"[M+NH4]+",15.297,"DG 18:0_22:5 (a)","DG",2134014,2380414,2165122,2954516,3125011,2661113,3125790,3542807,3298636,1722416,4150540,3381347,3797797,4128138,4154927,3181072,3982578,4221381
"Pos",32122,"[M+NH4]+",15.354,"DG 18:0_22:5 (b)","DG",2134014,2380414,2166764,2954516,3125011,2658911,3125790,3542807,3431058,1855405,4150540,2106657,3797797,4128138,4154927,3181072,3982578,4221381
"Pos",27948,"[M+NH4]+",15.558,"DG 18:1_18:1","DG",43771333,46898051,44940771,57109890,57943556,54801523,54944517,62814835,58214271,57643209,67805262,55336779,47652598,53966590,53760562,39673682,47535975,50588747
"Pos",27768,"[M+NH4]+",14.391,"DG 18:1_18:2 (a)","DG",2323260,4262965,3839030,3987858,2475421,4586137,3658883,3491748,4491144,6462092,4086086,4096950,5221213,3973257,4367280,7769203,7816121,7256876
"Pos",27770,"[M+NH4]+",14.486,"DG 18:1_18:2 (b)","DG",1358903,1649908,1771470,3845098,4812422,1762199,3401638,3048243,3494307,2400424,2515516,2886733,3363755,3571320,4765655,5182276,2044855,3075536
"Pos",29014,"[M+NH4]+",16.285,"DG 18:1_19:1","DG",1701380,1842265,966269,1481219,2211511,2021301,2271302,2539004,2337503,2423838,2926283,2270956,2046603,2391377,2348980,1709704,1967589,2192896
"Pos",30208,"[M+NH4]+",17.049,"DG 18:1_20:1","DG",8375766,9012392,8349179,10775026,10774044,10543389,10929528,12346506,12013408,11721811,13625060,11248556,9799991,10869989,10552522,7739141,8923166,9759737
"Pos",30014,"[M+NH4]+",15.756,"DG 18:1_20:2","DG",833753,1064011,1060414,1693015,1270937,1542420,2015379,1629212,2121539,1807645,1418363,2187118,2128754,1556232,2199424,1726478,2278625,2265903
"Pos",32664,"[M+NH4]+",18.647,"DG 18:1_22:1","DG",1495052,1618380,1582057,2072116,2098653,2073668,958853,2440946,2354997,2388533,2850072,2352453,1925079,2220135,2107132,1279032,1431614,1522093
"Pos",31945,"[M+NH4]+",14.032,"DG 18:1_22:5","DG",887081,1491051,1324851,2293247,2488499,2297991,2561818,2905764,2734385,2950315,3594020,3004990,2926513,3268376,3231423,2826871,3144338,3456250
"Pos",35198,"[M+NH4]+",20.02,"DG 18:1_24:1","DG",1164194,1271083,1205667,1702359,1756000,1654781,1864385,2104855,2126950,2191423,2664992,2110228,1761884,1864435,1847790,863107,985085,1134653
"Pos",37831,"[M+NH4]+",21.13,"DG 18:1_26:1","DG",500979,607711,591824,911627,882931,872806,959422,1098014,1040414,1147398,1304076,1137873,814580,971027,939992,396861,505467,506405
"Pos",27603,"[M+NH4]+",13.322,"DG 18:2_18:2","DG",34900564,35749411,35955832,32096877,29516189,38523755,36028937,36931095,34978068,35721438,31861014,36414520,35501015,36100405,31663186,26416941,34505477,30361883
"Neg",4114,"[M-H]-",7.176,"FA 16:0 (a)","FA",26636,3183,17732,3647,13049,12035,9129,15633,8584,21188,13374,25668,12930,15293,10929,12300,18488,29816
"Neg",4116,"[M-H]-",8.023,"FA 16:0 (b)","FA",79304,75987,28952,58975,71234,60191,87492,64382,31707,95339,52497,63500,76285,28693,69266,77530,67297,73947
"Neg",4029,"[M-H]-",7.733,"FA 16:1","FA",0,0,0,0,0,0,0,0,0,0,0,0,0,0,0,0,0,0
"Neg",5616,"[M-H]-",9.226,"FA 18:0","FA",15382,29610,57911,38538,28646,32148,19740,44546,8652,50391,42660,20989,37006,25635,29657,45688,62099,17676
"Neg",5531,"[M-H]-",8.273,"FA 18:1 (a)","FA",35682,31932,38381,22889,9287,23927,25702,31270,27423,21974,21589,6170,10541,11624,10357,14781,24442,33090
"Neg",5534,"[M-H]-",8.96,"FA 18:1 (b)","FA",0,0,0,0,0,0,0,0,0,0,0,0,0,0,0,0,0,0
"Pos",15343,"[M+H]+",1.128,"LPC 14:0 (a)","LPC",0,0,0,0,0,0,0,0,0,0,0,0,0,0,0,0,0,0
"Pos",15345,"[M+H]+",1.501,"LPC 14:0 (b)","LPC",717833,739896,694646,995738,849938,875092,901968,960941,1010848,1012065,894043,928939,746294,1165799,791557,639055,652206,582395
"Pos",15344,"[M+H]+",1.648,"LPC 14:0 (c)","LPC",2112626,2134765,1758074,3138233,2728885,2306746,2346191,2500087,2770172,2570945,2480180,2418614,2424321,4776237,2442670,2794825,1997246,1736247
"Pos",17396,"[M+H]+",2.505,"LPC 16:0 (a)","LPC",8259062,8510611,7373400,13199490,12550562,11115176,11582456,12819289,13187017,13064551,13507793,11661068,10648519,16484541,11722790,9544323,9176963,8732055
"Pos",17395,"[M+H]+",2.806,"LPC 16:0 (b)","LPC",30190085,31159946,26779295,56107602,53302795,45434664,45799065,52089322,52294952,46014881,50071299,47630114,39594531,69948097,43204579,37134692,34733719,31871483
"Pos",17242,"[M+H]+",1.691,"LPC 16:1 (a)","LPC",2946025,3264504,2902967,3895225,3412328,3458854,3278992,3551980,3698865,3431043,3783651,3220830,2651971,3847415,3044121,2373863,2338471,2233037
"Pos",17241,"[M+H]+",1.858,"LPC 16:1 (b)","LPC",6176673,6760850,5329464,9975486,8118444,6939867,6466642,7004253,7958912,6765996,7018356,7168049,7017055,14914696,7156449,8152002,5592479,4859268
"Pos",18390,"[M+H]+",3.437,"LPC 17:0 (a)","LPC",213324,269410,194410,332741,712563,339524,436458,491859,686759,661793,530706,384804,307164,850755,343592,466756,371121,237720
"Pos",18389,"[M+H]+",3.778,"LPC 17:0 (b)","LPC",453303,433205,412278,1450065,1490009,1336657,1375326,1589801,1548027,1411978,1602768,1436293,1091709,1644129,1250922,782370,1028560,1074884
"Pos",18232,"[M+H]+",2.417,"LPC 17:1","LPC",790435,832038,646999,1352956,1122980,850835,771316,1042964,892134,838876,1052563,795301,867825,2119921,551156,1073506,840320,532409
"Pos",19395,"[M+H]+",4.552,"LPC 18:0","LPC",1163449,1177890,801172,5224414,4903965,4437241,4597889,4959387,4868220,4768187,5185757,4688539,3894384,5376891,4395041,3352698,3651769,4019629
"Pos",19245,"[M+H]+",2.853,"LPC 18:1 (a)","LPC",14607028,16102989,14268476,19449022,17596511,17703690,15731331,18182091,18276356,15918420,18220854,16326079,13831496,20649237,15086218,12331300,11811568,11459834
"Pos",19242,"[M+H]+",3.179,"LPC 18:1 (b)","LPC",31022858,33585331,27353889,50280980,44504196,36223834,33514018,38848561,40570183,33010127,36850515,37075888,33824322,70128230,34939841,38987226,28966625,25397502
"Pos",19056,"[M+H]+",2.169,"LPC 18:2","LPC",1675238,1756479,1053907,2680921,2260290,1531562,1355424,1657580,1742644,1829321,1940707,1963133,1693356,4288751,2149716,2461288,1335743,1139534
"Pos",20231,"[M+H]+",4.26,"LPC 19:1","LPC",186445,351604,326966,652251,595805,491501,276493,548031,364239,281535,273180,474737,374662,381537,188351,374046,202104,161182
"Pos",20931,"[M+H]+",2.615,"LPC 20:3","LPC",454411,308604,178038,824390,801809,494634,698380,804740,821668,732030,737882,736313,649285,1471812,742317,730964,509980,442047
"Pos",20814,"[M+H]+",1.923,"LPC 20:4 (a)","LPC",591708,569132,487118,869162,831368,711072,828578,919277,992598,1112920,947894,821868,700671,1085799,788973,559080,624138,557085
"Pos",20813,"[M+H]+",2.09,"LPC 20:4 (b)","LPC",874236,857958,671084,1526967,1428936,1132719,1223947,1414542,1589698,1702586,1411284,1410558,1515590,3031194,1527814,1561369,1139954,939132
"Pos",20691,"[M+H]+",1.557,"LPC 20:5","LPC",307453,259538,199274,714956,451198,341926,403723,436574,509647,596420,432148,489068,625656,991945,434330,385671,373097,94797
"Pos",22815,"[M+H]+",3.23,"LPC 22:4","LPC",106731,54595,63423,138720,114542,97931,118387,132646,134185,150788,92912,116035,142988,254773,74258,86872,98388,99343
"Pos",22692,"[M+H]+",2.311,"LPC 22:5","LPC",763141,778070,599170,1325685,1314355,975597,1051926,1141057,1239079,1303351,1124963,1078478,1053030,2082455,1063977,1140226,825900,764329
"Pos",22557,"[M+H]+",1.962,"LPC 22:6","LPC",879700,827863,667967,1463843,1415325,1094112,1249655,1424767,1497213,1508247,1317728,1332519,1166124,2297780,1310268,982308,802790,769916
"Pos",18238,"[M+H]+",3.925,"LPC O-18:1","EtherLPC",4192424,4594493,4516244,7942420,7272809,7393043,5537750,5680792,5776526,4295517,4947720,4127651,3297576,3869338,3764869,3431959,3846767,3948415
"Neg",15096,"[M-H]-",2.079,"LPE 15:0","LPE",81691,72241,81402,68317,44297,91948,68885,53589,82685,68108,44629,66324,104759,170930,91451,133107,110632,67764
"Neg",15995,"[M-H]-",2.457,"LPE 16:0 (a)","LPE",84310,111240,75323,130744,121499,87223,115436,110203,99043,52166,124637,148717,175517,277245,171743,141370,144846,74328
"Neg",15994,"[M-H]-",2.744,"LPE 16:0 (b)","LPE",678837,713077,604293,1123340,839570,829115,843240,879349,972318,874631,1004816,976923,1090553,1649758,1164280,1027492,945548,888218
"Neg",15885,"[M-H]-",1.818,"LPE 16:1 (a)","LPE",240498,242812,208693,356772,314383,265506,244965,221859,275780,283933,271654,265231,296435,690000,357853,387089,287391,237177
"Neg",15884,"[M-H]-",2.404,"LPE 16:1 (b)","LPE",0,0,0,0,0,0,0,0,0,59281,55162,57082,180918,195838,200461,94728,98240,124604
"Neg",16943,"[M-H]-",3.671,"LPE 17:0","LPE",40160,24039,9835,45925,33714,35093,42298,30414,41263,62746,78809,46065,87694,131902,72454,89432,28088,26083
"Neg",16797,"[M-H]-",2.358,"LPE 17:1","LPE",10819,8007,4711,29206,20024,6912,3645,13967,10956,23600,13852,12656,5291,51547,31896,15645,15217,5236
"Neg",18076,"[M-H]-",4.428,"LPE 18:0","LPE",131773,227054,94252,389130,134933,270956,157561,246085,295207,263032,329567,332337,234022,662455,459067,431440,417288,360272
"Neg",17891,"[M-H]-",2.81,"LPE 18:1 (a)","LPE",691052,738977,629582,881553,779694,757511,748172,728065,825604,820422,900780,831133,896620,1267128,900927,799403,767742,774723
"Neg",17892,"[M-H]-",3.122,"LPE 18:1 (b)","LPE",1987771,2153870,1594370,2985843,2367375,2062909,2005567,2054446,2519411,2354133,2487233,2493880,3116971,5107732,3181232,3025800,2583251,2268275
"Neg",17730,"[M-H]-",2.123,"LPE 18:2","LPE",119816,106765,79174,198260,113473,125726,103783,111511,120260,137512,142365,132159,156426,335012,167949,203609,147887,126697
"Neg",19749,"[M-H]-",2.575,"LPE 20:3 (a)","LPE",21646,16745,15005,43520,53682,28219,27414,17772,19842,43988,20441,47688,89118,129622,61513,55586,53987,28377
"Neg",19747,"[M-H]-",2.686,"LPE 20:3 (b)","LPE",16939,3130,4069,46523,35184,22113,18744,22108,20610,14836,26947,7135,20761,40721,23557,21300,19665,19332
"Neg",19748,"[M-H]-",2.966,"LPE 20:3 (c)","LPE",0,7799,0,7844,4317,7922,9753,6130,15472,32765,0,6537,11098,52130,7094,9280,0,4460
"Neg",19643,"[M-H]-",1.9,"LPE 20:4 (a)","LPE",526118,595306,558489,615035,692669,643522,623213,619130,695740,802773,718179,653354,556962,739993,649152,530637,552170,511054
"Neg",19644,"[M-H]-",2.055,"LPE 20:4 (b)","LPE",1096977,1086952,746772,1573774,1237926,1130691,1228529,1007941,1579025,1594613,1288255,1244281,1583773,2552744,1627576,1514487,1234248,1133316
"Neg",19509,"[M-H]-",1.129,"LPE 20:5 (a)","LPE",23695,98423,17916,10249,24452,24011,31996,35094,26826,32725,26140,20284,123367,31920,26060,15890,22559,76098
"Neg",19510,"[M-H]-",1.521,"LPE 20:5 (b)","LPE",268212,183431,158931,194354,295249,141635,160508,261602,219291,460903,310596,293059,198028,470777,322239,123175,224786,132955
"Neg",21512,"[M-H]-",3.176,"LPE 22:4","LPE",80746,17211,16599,61034,41890,38361,107803,45838,134158,183259,98868,78629,94307,130111,125011,46679,43736,48205
"Neg",21357,"[M-H]-",2.078,"LPE 22:5 (a)","LPE",248574,159505,171580,184991,227641,223937,320598,251930,364518,540592,317660,260472,207998,240186,264919,162999,168977,177577
"Neg",21353,"[M-H]-",2.262,"LPE 22:5 (b)","LPE",671283,480740,331231,632492,767237,712904,797535,609881,1120561,1487408,794229,782298,888628,1065444,848798,487848,518988,450862
"Neg",21358,"[M-H]-",2.703,"LPE 22:5 (c)","LPE",0,0,0,0,2935,0,0,0,4335,10732,2885,0,0,0,3892,0,0,0
"Neg",21185,"[M-H]-",1.808,"LPE 22:6 (a)","LPE",112637,96352,114876,177619,131215,142099,223347,213246,280673,220846,230747,231873,131061,133820,126252,92326,142611,100778
"Neg",21184,"[M-H]-",1.93,"LPE 22:6 (b)","LPE",1166071,861338,577372,935687,1250260,1037349,1104880,820998,1345518,2024161,1080996,954575,1276471,1574341,1290576,735126,627622,741449
"Neg",23155,"[M-H]-",3.676,"LPE 24:5","LPE",0,0,0,3563,0,0,0,2925,4450,19487,0,0,0,0,0,0,0,0
"Pos",13278,"[M+H]+",3.307,"LPE P-16:0","EtherLPE",5649870,6478342,5707906,8536942,6408077,6220148,6237043,6741135,7042248,8346296,10980717,9714600,12821695,18302542,14073027,9837128,8585554,8224299
"Pos",14267,"[M+H]+",4.503,"LPE P-17:0","EtherLPE",255934,237106,200918,404700,299432,294595,312660,329104,196946,388491,421818,393026,434864,719007,550038,448775,335616,193045
"Pos",15221,"[M+H]+",6.161,"LPE P-18:0","EtherLPE",2351981,2587466,2376203,3494931,2757481,2775444,2620304,3042702,1255314,3249932,4160092,3769740,4568796,6335548,4849796,3602831,3383478,3407489
"Pos",15066,"[M+H]+",3.724,"LPE P-18:1","EtherLPE",1250356,1453213,1291595,1993669,1488946,1360268,1419304,1494352,1617182,1785372,2297581,2108385,2538982,3977775,2899680,2110637,1899648,1708050
"Pos",17251,"[M+H]+",8.651,"LPE P-20:0","EtherLPE",2888540,2932172,3069813,3348984,3214427,3211259,3155769,3481885,3466083,3273604,3821618,3254934,2702768,3117603,2969958,1964093,2294006,2537002
"Pos",18244,"[M+H]+",9.268,"LPE P-21:0","EtherLPE",112726,122437,123724,150745,117183,121160,148514,133792,140531,141707,170558,137817,122252,134287,110072,80660,107266,88179
"Pos",19252,"[M+H]+",9.849,"LPE P-22:0","EtherLPE",285822,297674,310335,331672,320740,336705,317929,345677,341124,361495,385867,339250,306761,357284,313606,259460,304671,305049
"Pos",31006,"[M+H]+",10.281,"PC 12:0_16:1","PC",727379,847140,795235,1042800,984625,955824,1323326,1916395,1328358,1447646,2147269,1337482,1456683,1197736,1392882,601772,822063,1042972
"Pos",31191,"[M+H]+",11.163,"PC 14:0_14:0","PC",48542495,53464322,51350249,59724804,58258776,55321612,62546276,70117316,67652333,65874893,76712352,61782026,47751082,55053200,54495547,29930318,37418195,38938049
"Pos",33724,"[M+H]+",12.288,"PC 14:0_16:0","PC",880056200,964280739,897088932,1001643563,969070175,910772694,1007354961,1135876284,1064996802,1096266031,1293739503,1061985371,866078075,967731691,956031565,565310602,708791590,723716344
"Pos",33553,"[M+H]+",11.287,"PC 14:0_16:1","PC",110539655,120913902,116042006,131936316,127678526,124506667,135826238,150982034,146393878,146289704,168747313,143929217,116105701,128563556,129337168,78230295,95836011,102457061
"Pos",35704,"[M+H]+",10.729,"PC 14:0_18:3","PC",1483697,1845357,1796557,2118858,1991138,2000892,2360907,2554861,2373865,2597156,2966194,2559549,2172472,2368400,2342007,1652030,1896563,2008048
"Pos",38158,"[M+H]+",11.249,"PC 14:0_20:4","PC",4458288,4521283,4426011,5740740,5467062,5153091,7367710,7771993,7667621,9187539,10562727,8954936,8045946,8684831,8807392,6587581,9017085,9002897
"Pos",37948,"[M+H]+",10.551,"PC 14:0_20:5","PC",1280145,1390963,1330516,1749102,1767950,1594005,2092759,2272590,2278347,2708693,2974269,2693371,2310668,2590253,2523773,1642605,2034863,2223394
"Pos",40471,"[M+H]+",10.964,"PC 14:0_22:6","PC",5047520,5637176,5342237,6615902,3768124,5855878,7961554,8848571,8411012,9545439,5990507,9097757,7946948,8851585,9407709,5352629,4336970,7193676
"Pos",34980,"[M+H]+",12.683,"PC 15:0_16:0 (a)","PC",22439994,27881289,25216756,27765762,26472158,25554544,27226694,27828576,28592032,29248215,34406494,29267058,22272624,22625884,25157375,12855048,18906024,20098439
"Pos",34979,"[M+H]+",12.894,"PC 15:0_16:0 (b)","PC",117085928,128926642,117317093,132680545,130688533,122505650,143164556,160361901,149723513,156439384,189340559,154083934,128640366,149218199,148947651,91861531,113525466,118667450
"Pos",34790,"[M+H]+",11.838,"PC 15:0_16:1","PC",44223746,49249615,46635116,52574200,51944153,49130336,55218279,60094938,59849991,60206184,69952496,59294543,48682189,53976928,54266345,35398243,43426597,45266309
"Pos",36259,"[M+H]+",13.501,"PC 16:0_16:0 (a)","PC",1898307887,2022088584,1819198539,2076415026,2091154565,1917502562,2193205679,2383706647,2309479220,2355829923,2649679143,2282800293,1813822871,2044295000,2069438125,1156575802,1422985419,1491832276
"Pos",36269,"[M+H]+",14.453,"PC 16:0_16:0 (b)","PC",3931529,2570014,3091038,7627733,7786321,1984228,3252275,3409767,7335081,6083731,1473247,8800971,4777953,3767049,3773174,4658399,4394462,4843719
"Pos",36063,"[M+H]+",12.382,"PC 16:0_16:1 (a)","PC",3047233342,3333605812,3225672940,3497452399,3434838687,3415670245,3499361920,3938967090,3785929460,3778900675,4451101658,3750356279,3054161718,3326048920,3284783974,2002787117,2505981966,2638542410
"Pos",36073,"[M+H]+",13.648,"PC 16:0_16:1 (b)","PC",2728471,1867756,5362954,3334249,2475841,3211472,2497435,2349048,3813539,4050207,4994066,2918143,1621493,3091725,3537290,1496029,3040857,2339906
"Neg",38015,"[M+HCOO]-",9.546,"PC 16:0_16:1<OH> (a)","OxPC",0,2945,0,4822,4320,7440,8848,11582,0,0,10066,6737,10080,16638,21996,3150,0,10173
"Neg",38011,"[M+HCOO]-",12.406,"PC 16:0_16:1<OH> (f)","OxPC",347576,328894,321867,365644,336679,347438,509827,601859,529312,313509,353028,302613,287786,281303,311987,248669,346039,249870
"Pos",37645,"[M+H]+",13.94,"PC 16:0_17:0 (a)","PC",46157817,53595994,50138428,53644007,53140081,51763730,54276727,61738042,57465205,58720301,69094509,56350013,44411699,50641184,49422994,30539321,37312297,39813343
"Pos",37643,"[M+H]+",14.192,"PC 16:0_17:0 (b)","PC",32165433,33178162,32244744,36118309,35398369,33024192,37990621,43387982,41628894,44968444,52426575,44155621,37017787,41055467,41807907,26232625,32455926,34440984
"Pos",37430,"[M+H]+",12.998,"PC 16:0_17:1","PC",443683412,488104273,466563526,521962035,505923877,485022307,517794844,574136235,554169402,555458751,674344206,543916841,447943789,504072213,505867820,318585119,399104668,422662109
"Pos",38958,"[M+H]+",14.895,"PC 16:0_18:0","PC",238177988,256085835,236025210,265011308,260048286,242702809,274394660,301662611,290476529,302080970,347033641,289558169,251757427,283716078,281742436,176122759,220229865,229316452
"Pos",38747,"[M+H]+",13.586,"PC 16:0_18:1 (a)","PC",9567391361,10192932699,9744886405,10841587650,10899649758,10200116401,10661160432,11679024545,11666488372,11474942424,13034052877,11180989222,9194826984,10073998067,10359202490,6811462287,8256857405,8715970016
"Pos",38762,"[M+H]+",14.988,"PC 16:0_18:1 (b)","PC",5679016,14405802,15351629,14027527,5799983,9667085,12252641,11309504,10344140,13009423,6484032,11660331,6412020,6347222,4420130,10309323,7368845,10078623
"Pos",38759,"[M+H]+",16.525,"PC 16:0_18:1 (c)","PC",582607,577857,724233,1063398,698000,567041,520814,790960,841580,1813192,2152941,644604,786945,1002815,536462,453798,665121,794263
"Pos",38746,"[M+H]+",19.932,"PC 16:0_18:1 (d)","PC",79412,146744,116123,197966,211968,203918,207834,135184,129992,276516,218929,168850,131239,128737,212075,81534,177970,182677
"Neg",39507,"[M+HCOO]-",10.056,"PC 16:0_18:1<OH> (a)","OxPC",0,0,9611,11948,15349,3161,4391,17712,10475,23217,14224,26637,28172,52518,38212,12092,27636,11709
"Neg",39503,"[M+HCOO]-",11.09,"PC 16:0_18:1<OH> (c)","OxPC",0,0,11266,0,0,5684,34099,50110,48383,54162,69068,60024,120827,111529,157710,72988,129099,160068
"Neg",39402,"[M+HCOO]-",10.237,"PC 16:0_18:1<oxo> (b)","OxPC",0,0,0,0,3521,0,2910,0,0,9712,7794,4466,14514,28542,15707,3524,8635,28197
"Neg",39405,"[M+HCOO]-",10.424,"PC 16:0_18:1<oxo> (c)","OxPC",0,3529,0,0,0,3476,0,0,0,16864,11967,8551,25501,30202,44034,17825,18386,13206
"Pos",38338,"[M+H]+",12.07,"PC 16:0_18:3","PC",13850298,16452842,14331801,14536905,13888316,16942805,17125670,18617543,17276095,18236466,21557275,16703898,16088296,17628456,16082910,6730174,14683489,15109840
"Pos",40098,"[M+H]+",14.278,"PC 16:0_19:1","PC",252471887,234257665,224927928,290903242,286624481,230003921,289416645,319463311,308440639,317816587,369694681,304199097,219179845,277110079,276970219,182490095,225598096,246733770
"Pos",41726,"[M+H]+",16.427,"PC 16:0_20:0","PC",6724877,7314003,6675733,7997894,7879995,7403461,8082911,8688331,8293157,8556086,9808790,8357889,7049606,8143075,4903002,5112659,6313237,6718162
"Pos",40862,"[M+H]+",12.148,"PC 16:0_20:4 (a)","PC",20288928,17777744,8029963,9200849,8510873,18576779,9611675,11077391,10313356,11261242,12354247,11104975,8530157,9540054,9505630,5464292,6969894,7487289
"Pos",40860,"[M+H]+",12.333,"PC 16:0_20:4 (b)","PC",222283512,251149684,249636612,301230114,299158352,260958222,362382436,397438137,379436582,436810370,516943411,417760140,364821924,396365881,395346239,230193094,298999738,313052235
"Pos",40654,"[M+H]+",11.55,"PC 16:0_20:5 (a)","PC",58916548,65846164,61307048,73517102,73389297,72361614,90807438,98939165,93777237,110886339,131032566,106762194,85254424,94460262,96928573,48570119,61697374,64349875
"Pos",40648,"[M+H]+",12.502,"PC 16:0_20:5 (b)","PC",210594652,208757348,205493306,216100350,227115006,197671861,218324853,231767192,225198941,231772198,243563951,216840536,211377924,147926273,228343792,181373282,203164765,136583318
"Pos",43703,"[M+H]+",13.184,"PC 16:0_22:4","PC",41277693,50428496,50977395,29539104,15004728,46536657,38384973,68909455,24863737,74904651,22758262,12682484,64673500,61510288,18010697,57434910,26151544,65099731
"Pos",43519,"[M+H]+",12.368,"PC 16:0_22:5","PC",374142673,411351070,377349764,458667436,448610329,423071741,526438429,580286734,556353402,633193342,739149726,607580746,526739801,567400837,555614495,381131804,451512069,468146750
"Pos",43329,"[M+H]+",11.967,"PC 16:0_22:6 (a)","PC",129953866,144002423,135821257,161829513,158818384,146868726,181950728,198313196,196767850,210256185,245566226,203614219,165865762,178987221,176436014,90242182,118294669,118701675
"Pos",43325,"[M+H]+",12.717,"PC 16:0_22:6 (b)","PC",79989491,82012203,77855554,85813451,88880735,80399428,89110250,96994472,79500718,98264260,107495214,57247188,87930607,92350738,96285391,64033920,84877194,87811621
"Pos",46951,"[M+H]+",18.074,"PC 16:0_24:1 (a)","PC",6458510,6859946,2012814,2387591,5850003,6712782,2096040,7832645,4347154,7891129,3889163,7427544,2042030,7010164,6724272,1689686,2110361,1386500
"Pos",46953,"[M+H]+",18.147,"PC 16:0_24:1 (b)","PC",6459067,6880954,4469881,1378387,5850003,6712782,4380161,7832645,4347154,8012630,3889163,7427544,4341273,7010164,6724272,1689686,2378510,1865866
"Neg",30767,"[M-H]-",11.376,"PC 16:0_9:0<COOH> (b)","OxPC",0,0,0,0,0,0,0,0,0,0,0,0,0,0,0,0,0,0
"Pos",35869,"[M+H]+",11.392,"PC 16:1_16:1 (a)","PC",115230883,128985228,123065182,139020512,136160633,136281321,146207723,163481373,155720813,159667938,188323578,159267434,128313641,139806112,144288252,88673398,108642704,117618782
"Pos",35871,"[M+H]+",12.002,"PC 16:1_16:1 (b)","PC",13531738,14304622,13738824,16466060,15221196,14216849,16669145,18151639,17379831,18063033,21047608,18007012,15403314,16415883,16592075,11580353,15209225,14271742
"Pos",37228,"[M+H]+",11.948,"PC 16:1_17:1","PC",36220369,40595538,36747752,44007908,42532327,40720003,46022133,51282963,51385528,50282444,59900855,49399536,41397026,46613179,46995129,29787917,37447839,39719169
"Pos",38535,"[M+H]+",12.485,"PC 16:1_18:1 (a)","PC",2136175217,2404241962,2292980444,2525917654,2427772171,2475694846,2540719462,2812196400,2691405622,2722764101,3219807004,2739672635,2148522629,2369050729,2355110993,1476872306,1852583734,1984973340
"Pos",38544,"[M+H]+",13.486,"PC 16:1_18:1 (b)","PC",18206468,21931932,21731240,18292044,22268442,18830326,23805249,23605314,25135484,24753068,21755305,21473745,7875241,21655155,20487933,12798776,18037972,17758554
"Pos",38337,"[M+H]+",11.606,"PC 16:1_18:2 (a)","PC",8324491,20362853,8953177,9652275,19307011,16910483,22580147,23501569,20077083,26799571,35586940,28080250,22277769,26034713,11618395,19341196,18190554,21654809
"Pos",38339,"[M+H]+",11.733,"PC 16:1_18:2 (b)","PC",61883761,49339521,65214080,74311904,54898052,53420802,56334465,66443354,66331905,62644408,71760214,58914613,48501537,55672338,80925704,33430157,41678241,46307054
"Pos",38334,"[M+H]+",13.457,"PC 16:1_18:2 (c)","PC",132461876,139904130,130234587,135586070,143751744,127085923,145137510,145628070,141700809,147415678,147388716,143635476,133527614,139921512,134251282,105162745,112045866,114104519
"Pos",38159,"[M+H]+",10.821,"PC 16:1_18:3","PC",2221208,2322405,2334722,2568155,2650623,2678083,2897312,3118985,3056813,3091495,3788349,2997471,2428169,2743267,2741000,1625776,1260576,2180064
"Pos",40653,"[M+H]+",11.336,"PC 16:1_20:4","PC",9833581,10706965,10225084,14967217,13335394,12278997,16526477,19427682,18727352,20956335,21999436,20553149,16880183,19123571,17931059,13107909,16136430,15971552
"Pos",40470,"[M+H]+",10.653,"PC 16:1_20:5","PC",2683492,2858625,2700134,3995283,3963060,3793810,5177589,5417934,5165233,5987230,6630871,5572693,4472432,5044763,4875636,2623426,3164159,3533366
"Pos",43330,"[M+H]+",11.367,"PC 16:1_22:5","PC",7243201,8166289,7643173,8623662,7641402,7203109,9593587,11297800,9555198,13006392,13136195,11085159,9487476,10862015,10625222,6399656,8557801,10516355
"Pos",43123,"[M+H]+",11.034,"PC 16:1_22:6","PC",17904917,20655222,19421975,26421695,25612566,22785407,32304835,36370640,34907761,37971354,46343032,36139964,27620079,31137795,31927260,15670598,20983155,22291337
"Pos",40099,"[M+H]+",14.068,"PC 17:0_18:1","PC",14973235,41741799,39134752,17736167,17358989,47915919,17562751,19642913,18345050,18366672,22972459,18386063,31506669,17140812,15699531,10413940,12868307,13899808
"Pos",39888,"[M+H]+",13.079,"PC 17:1_18:1","PC",286211010,317068931,301913161,334857075,327463803,309215260,329632138,368200992,351835078,343362303,420571627,346290491,266468526,309515074,307478737,192926147,239283344,255483665
"Pos",39684,"[M+H]+",12.176,"PC 17:1_18:2","PC",7943174,6390502,16974551,19902128,22267399,7734923,15507492,12553022,11593570,10181138,19348728,13215401,8185716,13061992,21716452,6941331,8433388,19036313
"Pos",42109,"[M+H]+",11.886,"PC 17:1_20:4","PC",4790227,5362237,5088762,6214011,6344016,5437443,7949588,8461159,8238416,9025821,10866099,8922375,8932402,8152457,8493589,5573535,6897843,7065211
"Pos",41485,"[M+H]+",14.982,"PC 18:0_18:1 (a)","PC",993201354,1079489462,1021490099,1131103117,1125966776,1070307114,1122147075,1242530580,1201923099,1208562421,1441325408,1157948563,960740485,1101355349,1082931533,680751198,858767850,900192461
"Pos",41491,"[M+H]+",15.894,"PC 18:0_18:1 (b)","PC",4469970,5207741,4051086,5454764,1246648,1250518,4461985,5092196,6458452,5397899,1620422,2762845,2316368,3742978,6176315,1889329,1058713,2106326
"Pos",44232,"[M+H]+",16.492,"PC 18:0_20:1","PC",29914048,32457615,19484806,34363792,33550437,32689190,33387802,36721069,35164451,36075340,42193413,34357838,18537270,32330173,31797283,20315259,24491807,26589832
"Pos",43877,"[M+H]+",14.167,"PC 18:0_20:3 (a)","PC",74247104,77916134,73978571,85656828,85839423,83565358,89929465,98941473,91372123,100407896,113106122,95004676,74874914,89786256,87219718,54518229,63661375,71248787
"Pos",43878,"[M+H]+",14.594,"PC 18:0_20:3 (b)","PC",10677981,12019758,11160940,12439077,12180048,11672613,12603022,14805512,14639467,14423141,16732465,12112834,12319306,14153730,12409191,6713749,8404802,10319229
"Pos",43702,"[M+H]+",13.534,"PC 18:0_20:4","PC",103800509,111522547,98840465,124935902,124008875,111162510,147287090,153413477,150802903,165790464,185807388,156600729,133168939,145863382,145590693,77922502,98912921,107889291
"Pos",43520,"[M+H]+",12.644,"PC 18:0_20:5","PC",55097767,59855758,56036943,57449594,65614389,60518913,71775772,77580492,64453454,80503715,88814867,80088076,53797057,60766311,69187800,10485197,43079884,44491803
"Pos",46234,"[M+H]+",13.531,"PC 18:0_22:5","PC",106402162,111160108,95053273,120659219,119674255,110762859,130893650,136354992,137442824,144294148,160232915,136263847,116575496,130289667,130631685,73000407,89879777,95825180
"Pos",46039,"[M+H]+",13.123,"PC 18:0_22:6","PC",73832115,79632169,72770483,85881806,84126951,78854307,90890450,100791682,97467317,97337495,116803601,92870549,74060962,85192103,84965489,38801791,50902734,56299327
"Pos",41251,"[M+H]+",13.687,"PC 18:1_18:1 (a)","PC",4884819351,5304712078,5151265662,5710919497,5606087297,5389987375,5555665230,6079114074,5963831864,5796794598,6651848077,5659055144,4510613098,5027800724,5113848835,3296576671,4029911790,4188674130
"Pos",41265,"[M+H]+",14.991,"PC 18:1_18:1 (b)","PC",5699609,7470831,4678942,11429771,8637663,9953141,11084811,5146783,6742525,4829424,12954815,12034610,4963035,6094810,4292958,3655190,4260643,5372560
"Pos",41066,"[M+H]+",12.692,"PC 18:1_18:2 (a)","PC",601892284,671942480,625561424,694516716,685486889,674958667,737516068,818789729,776492274,790249421,965489285,787015728,631212933,699640656,706046125,450431898,581047994,616776800
"Pos",41067,"[M+H]+",12.867,"PC 18:1_18:2 (b)","PC",53108924,63384867,55254596,63292181,62366341,63790789,71837608,77653149,74148330,75644765,90002045,75469118,60185530,69544593,69313564,42740295,55707972,59749844
"Pos",41068,"[M+H]+",13.268,"PC 18:1_18:2 (c)","PC",25447901,28719574,22395172,31454132,29817994,29348253,29860469,37072296,31326500,41118536,42709322,37463741,26519629,27382719,33696978,20175404,25540066,25637770
"Pos",40861,"[M+H]+",11.841,"PC 18:1_18:3","PC",31932164,37527330,35570161,40516641,38836485,40036053,43089311,48322040,48022360,51163204,55524649,50864004,37455264,41269456,41965202,26275514,29124570,31767998
"Pos",42725,"[M+H]+",14.346,"PC 18:1_19:1","PC",125178688,132934418,130331989,147742161,143330311,138085590,138551264,157651428,146985898,148737994,172345827,144884363,113099604,129204368,123229689,80108339,100313913,108802193
"Pos",42522,"[M+H]+",13.273,"PC 18:1_19:2 (a)","PC",17552650,18359097,18336267,19924198,19281742,18106765,20959195,23237665,22159647,22242923,25907707,22095891,17578095,19584241,18566028,13041364,16187571,16309439
"Pos",42521,"[M+H]+",13.478,"PC 18:1_19:2 (b)","PC",21071557,24020021,19543481,24850159,25752663,22981046,25811663,26411753,28218509,26182959,29215677,25410872,25110621,18687922,24543982,12874734,19408199,20433021
"Pos",44066,"[M+H]+",15.042,"PC 18:1_20:1 (a)","PC",322379067,353743054,339197354,376906662,370876095,362135874,361608741,403080071,388353535,379630290,450491958,364929247,284017720,332490069,322499043,205984236,260142723,274191906
"Pos",44067,"[M+H]+",15.89,"PC 18:1_20:1 (b)","PC",1275459,1228095,479990,1612261,1876658,569457,529462,614765,585491,1975004,2385768,944859,2316638,496773,875354,978149,540010,833710
"Pos",43876,"[M+H]+",13.889,"PC 18:1_20:2","PC",101592291,114884912,109591771,120181734,116149532,111483804,120351256,134675957,129872788,128382585,151764682,125650426,99650677,108428679,107947062,69412673,92349808,92943583
"Pos",43704,"[M+H]+",12.979,"PC 18:1_20:3","PC",105227910,118714453,104748628,157374723,181241142,122721948,141526810,157064663,144953390,160698316,277864726,165198286,121736469,150335172,209312369,86637301,113422145,126722160
"Pos",43328,"[M+H]+",11.63,"PC 18:1_20:5","PC",46134280,50293006,46420196,63404878,63519878,61854189,77834762,84609479,81504217,91073552,108411485,87691190,65987127,74908983,74865831,38263726,46507754,47471933
"Pos",45430,"[M+H]+",15.775,"PC 18:1_21:1","PC",3015465,6875652,6867261,7405469,7213860,3652362,7249613,7824545,7360775,7503628,7420016,6187984,4830991,6556382,5307305,3615661,5202585,4750228
"Pos",46770,"[M+H]+",16.577,"PC 18:1_22:1","PC",20346000,22118774,12382954,23468413,23026393,22818954,23016169,24500380,24121345,23982527,27986129,22662240,7498846,20731570,20301786,6086367,10681497,17094201
"Pos",46601,"[M+H]+",15.333,"PC 18:1_22:2","PC",9748226,14423668,13791781,18013642,17643220,16956801,17615004,19750991,16238748,19063632,21524095,11805835,6404115,14733940,16202968,10655260,6353016,7271167
"Pos",46235,"[M+H]+",13.307,"PC 18:1_22:4","PC",26892762,29802696,27295579,31881908,31346739,29870070,34963693,39445650,36387742,41853312,48785356,39953648,33106880,36798994,35899613,34651816,43924429,45429911
"Pos",46038,"[M+H]+",12.416,"PC 18:1_22:5 (a)","PC",142065879,177715901,160454474,184842946,163695573,152550859,186215161,202523347,194223936,235152019,241130313,231406284,191591349,186211074,183869314,127884461,163459563,172609646
"Pos",46037,"[M+H]+",12.682,"PC 18:1_22:5 (b)","PC",19197823,6466736,5665715,6811963,20560997,22450749,22447252,25351580,25646956,8267814,31944794,7812509,6135240,19914624,22424992,3670910,4885274,5003850
"Pos",45831,"[M+H]+",12.034,"PC 18:1_22:6","PC",112600950,124415348,115939463,141290069,140706932,130818693,159188121,172842468,168723658,174856570,205914500,170906651,132514340,144991701,141560883,73066581,95134603,97365315
"Pos",49494,"[M+H]+",18.212,"PC 18:1_24:1","PC",3797326,8665731,8299475,9517269,9138786,4461749,9087647,9810233,9265830,9926316,11603891,9041917,7014955,8770652,8330186,2434869,6625508,2955489
"Pos",48691,"[M+H]+",13.424,"PC 18:1_24:5","PC",7028247,3276304,7833849,3434437,3470760,3084485,12026035,10272071,12993779,9504442,15078751,7766657,9865878,10069737,8092884,5605464,3220101,6827842
"Pos",51971,"[M+H]+",19.742,"PC 18:1_26:1","PC",2944648,3009770,3405103,2551577,3425943,3990213,3808618,4107928,2618908,3961344,4732572,3650833,1926148,2548314,1752783,1055989,2478620,2544976
"Pos",45629,"[M+H]+",11.184,"PC 18:2_22:6","PC",5461128,3048739,5474928,15861509,10574142,8279119,14445876,10901182,15854518,13420543,17217356,27019746,19036988,22520589,21524499,5233522,6044682,6951148
"Pos",42921,"[M+H]+",15.472,"PC 19:0_18:1 (a)","PC",2887402,3502038,3184817,2420245,4195192,3093770,1194203,3937770,2833850,1300053,3760942,3520177,2600739,2899454,2742826,722570,2653615,2776209
"Pos",42920,"[M+H]+",15.722,"PC 19:0_18:1 (b)","PC",15239179,16211945,15377400,18428497,16220164,16755663,20522364,18457040,18770230,21853803,20964537,16748118,15292143,16235154,16423924,12271281,12909055,13632281
"Pos",46414,"[M+H]+",14.285,"PC 20:1_20:3","PC",6467791,18315537,16680206,20538813,10777136,19852284,11160937,24997728,13037396,14802303,27503833,21826239,19377577,20151356,20558036,9919172,18978927,19852414
"Pos",48690,"[M+H]+",13.551,"PC 20:1_22:5","PC",14024971,27971927,18974222,28095208,28880007,25732667,18026355,8205460,19991632,22787498,20774653,24152549,7475775,18089347,21179641,3458609,24275729,17245010
"Pos",48487,"[M+H]+",13.173,"PC 20:1_22:6","PC",13501908,15552819,14652142,15336904,14810808,14040851,15784384,17691748,16271270,16271922,19040816,14981917,10749760,12361652,11772456,5691570,7809336,7767361
"Pos",45407,"[M+H]+",10.575,"PC 20:4_20:5","PC",402636,484913,161296,2706886,2698613,2506663,4490812,4741215,4574065,5346739,6048429,5021824,3364677,3838389,3804116,1221402,1637942,1740564
"Pos",48103,"[M+H]+",11.325,"PC 20:4_22:5","PC",2671453,3170155,1323211,8969526,9001807,8373907,14205892,15484887,14688698,17190763,19710159,16438922,11474547,12821250,12704200,5470928,6711161,7017045
"Pos",47904,"[M+H]+",10.998,"PC 20:4_22:6","PC",1687632,1847528,1665861,13070504,13373819,11340429,20369472,21813998,20639086,24619883,29017669,23249445,15469513,18080147,18033892,6235282,8394910,8533619
"Pos",47712,"[M+H]+",10.309,"PC 20:5_22:6","PC",358582,349830,326792,2359990,2343422,2141222,3824424,4110280,3956638,4850773,5320430,4704774,3145745,3678735,3437107,1139528,1387424,1493269
"Pos",50356,"[M+H]+",11.013,"PC 22:5_22:6","PC",2436391,2767490,2337974,8737306,9016906,7845930,12629053,14015843,13335199,14580898,17705738,14076261,8814996,10382646,10449979,3686674,5012054,5083047
"Pos",50178,"[M+H]+",10.661,"PC 22:6_22:6","PC",474854,582932,517077,3448964,3438482,3027397,4778535,5165469,4775525,5382126,5827805,4956651,3157126,3628505,3466843,1061320,1391730,1368870
"Pos",49670,"[M+H]+",19.787,"PC 24:0_18:1","PC",2918509,2356530,3390586,5203255,2832175,4987659,5056677,5514441,5414907,3534683,3266126,2522272,2903021,2701163,3341414,543718,3509793,3743195
"Neg",40857,"[M+HCOO]-",14.871,"PC 36:2<OH>","OxPC",151111,129086,97998,125521,102094,140957,127116,125218,170817,124395,142725,125594,82654,107144,103831,40985,42676,90077
"Neg",41917,"[M+HCOO]-",11.721,"PC 37:5<OH,oxo>","OxPC",339630,393391,326775,438156,408716,385270,434002,493080,549307,477086,668463,502611,423122,430139,454892,256302,317559,345917
"Pos",29994,"[M+H]+",11.88,"PC O-12:0_16:0","EtherPC",12198045,13272509,12647935,14424234,14366437,12918379,14588840,15731772,15830957,16124233,18003175,15375441,13001099,13989632,14143439,10197035,13478079,14075671
"Pos",32111,"[M+H]+",11.816,"PC O-14:1_16:1 (a)","EtherPC",930281,1920229,1886510,1005518,2215231,1971118,2104521,1584737,2445851,2217747,2499842,1513197,1086763,1704195,970651,1192976,1484135,669386
"Pos",32110,"[M+H]+",11.873,"PC O-14:1_16:1 (b)","EtherPC",859851,1920229,1886510,668456,2215231,1971118,2104521,1584737,2444642,1186090,2499842,829159,503399,1704195,1040448,1192976,1484135,769117
"Pos",34612,"[M+H]+",12.752,"PC O-14:1_18:1","EtherPC",6045660,6565800,6733192,6724035,5931181,8089965,7148834,7797947,6249442,7099559,9555039,6802134,5871612,5818068,4925954,4285173,5164338,5752283
"Pos",31195,"[M+H]+",12.447,"PC O-15:0_14:0","EtherPC",7233550,8538285,7753491,5137233,8796546,8434463,8388858,8900427,9033994,8664268,10779814,9135173,3987774,8488140,7616623,5739798,7299604,8051608
"Pos",32475,"[M+H]+",13.078,"PC O-16:0_14:0","EtherPC",319547166,346493354,334377697,378367344,360988840,356840266,350358632,392830692,378616686,356029350,435293360,354482812,269480098,306230026,302107988,186408969,228094762,245770701
"Pos",32298,"[M+H]+",11.997,"PC O-16:0_14:1","EtherPC",10433803,10592122,9899276,14554695,11380222,12579881,13206595,12803292,6439728,12252643,13646583,13930948,9967761,9425898,9662481,6015915,8704191,8466584
"Pos",33740,"[M+H]+",13.5,"PC O-16:0_15:0 (a)","EtherPC",7640344,8238423,7549433,9093910,9362181,8249322,7342814,9533033,8796566,9173280,8512288,7487617,6620504,5785515,6848607,4407409,2495330,2928884
"Pos",33735,"[M+H]+",13.699,"PC O-16:0_15:0 (b)","EtherPC",84750718,92057986,91657211,101011516,98076478,92850597,99970282,107220142,104771128,103878747,118775441,100011528,82421174,93054697,92044749,63914717,82777811,88689291
"Pos",34998,"[M+H]+",14.407,"PC O-16:0_16:0 (a)","EtherPC",1458966260,1550077138,1500368453,1688810056,1614134593,1535140680,1510784589,1734982832,1658748750,1598802898,1824466203,1564920189,1185444572,1366317436,1311949715,796369235,980458546,1051470582
"Pos",34997,"[M+H]+",14.482,"PC O-16:0_16:0 (b)","EtherPC",1461180451,1551484019,1501711446,1695296448,1625164013,1559320424,1510784589,1745784886,1658803100,1607211365,1822156644,1567950201,1185444572,1366178241,1320517955,797399781,980458546,1051470582
"Pos",35000,"[M+H]+",15.823,"PC O-16:0_16:0 (c)","EtherPC",1520067,2825592,2418598,1699748,1277658,3113014,1077983,839844,2936063,1495098,2350597,1147088,1493734,2334230,1280795,435824,930083,1277485
"Pos",34799,"[M+H]+",13.191,"PC O-16:0_16:1","EtherPC",854021400,940705080,916497045,1040831728,998680644,992140351,988822212,1117104704,1059322929,1024715069,1184422495,999948400,778391265,875591636,859114429,524401114,652779587,746686115
"Pos",36277,"[M+H]+",14.924,"PC O-16:0_17:0","EtherPC",18797220,21731790,20030002,23657995,22709010,23489100,21942476,25792042,23535970,25066405,26659421,22177892,17529026,20069431,20458839,13101678,12387388,14267039
"Pos",36078,"[M+H]+",13.814,"PC O-16:0_17:1","EtherPC",106016542,117341900,119439200,130280276,123162754,125462822,125823807,139621874,134855519,127487603,153294633,126634597,99594294,113892209,109059173,74606394,92340850,98539749
"Pos",37438,"[M+H]+",14.502,"PC O-16:0_18:1 (a)","EtherPC",1910154597,2076422135,2005519474,2249500238,2173579359,2141387544,2079380162,2381683429,2282981023,2200642723,2581775570,2181670315,1705325099,1935832841,1874914273,1256908924,1559416293,1659967098
"Pos",37440,"[M+H]+",14.611,"PC O-16:0_18:1 (b)","EtherPC",1910155712,230149879,202164572,233993197,215014603,212238406,221004905,226947743,222191883,224921783,260735110,193523166,179052270,203366344,200657719,142833717,161354973,185725844
"Pos",37239,"[M+H]+",13.42,"PC O-16:0_18:2","EtherPC",262363804,204141700,276209995,222170065,234645234,297747621,235842379,253199046,318365780,235171864,367816930,305494158,182247711,188540611,263826725,176773648,215123314,189003601
"Pos",37039,"[M+H]+",12.455,"PC O-16:0_18:3 (a)","EtherPC",12045348,13919345,9667239,15248332,13219687,15086703,13440147,6898568,13490047,15347091,17882561,9057157,11266884,12323383,12271484,7210428,9126772,5782910
"Pos",37040,"[M+H]+",13.153,"PC O-16:0_18:3 (b)","EtherPC",41172574,23613611,25203562,48601977,48166286,46437836,48777686,31111746,47472333,31506622,66354998,52503355,24757485,28907747,23738142,28730637,34611660,37828973
"Pos",38548,"[M+H]+",14.303,"PC O-16:0_19:2","EtherPC",4887804,6211465,5894480,7126932,4424126,5586814,6914495,4576575,6843182,6087474,6001621,6813799,4369666,4144509,4321422,1989496,4465918,3476466
"Pos",39693,"[M+H]+",13.675,"PC O-16:0_20:3","EtherPC",116039148,126246017,126942679,134596675,135720047,130431572,128927671,150962890,134902394,140731433,159087615,136718243,104900844,115633440,120006145,84997439,109010481,110692214
"Pos",39501,"[M+H]+",12.892,"PC O-16:0_20:4 (a)","EtherPC",13551153,16178250,6536870,16371291,6548218,15964748,16095903,17682138,14502986,6086542,19741040,14306443,4854361,13727236,13029831,3585392,4554889,5010130
"Pos",39500,"[M+H]+",13.101,"PC O-16:0_20:4 (b)","EtherPC",342630554,377721764,373600649,402427265,405133175,369723492,400137013,448699095,434673522,468449563,557449044,445610017,390043028,418760306,422952417,356355575,452840581,485891783
"Pos",39496,"[M+H]+",13.446,"PC O-16:0_20:4 (c)","EtherPC",23610371,31488817,31595816,36125434,37571946,32564167,33245016,30564450,34983860,30851334,43406759,37145421,30436113,25919025,37945421,5297856,34410125,32256633
"Pos",39495,"[M+H]+",13.847,"PC O-16:0_20:4 (d)","EtherPC",7357921,9209830,8976780,10096190,10569616,10820172,9941325,13066308,10392279,10400707,11376750,10819155,2399626,7273741,9284079,6173941,3391806,8063590
"Pos",39322,"[M+H]+",12.233,"PC O-16:0_20:5","EtherPC",134263605,148558359,140684562,153873682,148694263,144532355,153373209,174287631,162972081,172928340,208402862,169218841,142600868,159691523,156061715,114468571,142858890,152605171
"Pos",42928,"[M+H]+",17.696,"PC O-16:0_22:1","EtherPC",20942820,22604315,14425174,24887210,23921090,10170619,23273529,25100843,10280201,24339927,27890247,22511335,7063789,8747653,19756749,5646532,15507553,16443390
"Pos",42732,"[M+H]+",16.294,"PC O-16:0_22:2 (a)","EtherPC",31620292,35829783,42804071,39028648,38584958,47185693,44523510,37241942,37606825,44776951,42366031,37063007,34242617,31249310,31476404,24866621,25606551,31412555
"Pos",42733,"[M+H]+",17.365,"PC O-16:0_22:2 (b)","EtherPC",4948870,3158485,5608795,5874834,2380368,3850803,3225681,6420180,3010210,5848720,6743689,5827621,2478380,3892410,4748740,3213923,1823956,2202454
"Pos",42327,"[M+H]+",14.083,"PC O-16:0_22:4","EtherPC",52249003,47269173,39392493,51483577,48425736,57898002,54908894,59761019,37101972,61544093,70533518,60467505,49810585,53939610,51130542,48586424,61578627,64157013
"Pos",42123,"[M+H]+",13.117,"PC O-16:0_22:5","EtherPC",426790378,475109980,449179490,491793779,483396244,449566369,484329232,554489070,532894188,528985011,655966948,522834590,441574708,490727803,494855232,408321617,518062646,551521913
"Pos",41942,"[M+H]+",12.671,"PC O-16:0_22:6","EtherPC",265473636,291642010,282935029,292161861,280972427,286270305,287984878,317615861,306741928,302780369,371450257,300052908,244055285,264762349,268596377,186473837,239623909,261572917
"Pos",45439,"[M+H]+",17.786,"PC O-16:0_24:2","EtherPC",2769285,2856744,2748110,4039168,3148782,2888202,3108415,1892536,2985610,3539690,2630822,1118396,2276857,1177819,2617130,564782,2088685,2585144
"Pos",45028,"[M+H]+",15.284,"PC O-16:0_24:4","EtherPC",6671786,9276793,5389438,8028194,8761369,8305984,8945404,11428704,9363658,9729304,8580064,9987482,7863587,8954426,7139653,6634575,8446265,9272025
"Pos",44816,"[M+H]+",14.186,"PC O-16:0_24:5 (a)","EtherPC",29799949,30552783,29842371,33889591,34112884,34602005,34480164,37547598,37080581,36438426,44038781,37275331,27992471,32002650,34110142,23685153,28721859,32824021
"Pos",44818,"[M+H]+",15.196,"PC O-16:0_24:5 (b)","EtherPC",2653265,905950,3552086,1029589,3418681,3186135,3661626,3894142,3788728,3369548,1371895,3017928,2608343,3165355,1188777,2826272,1553401,3364206
"Pos",32296,"[M+H]+",12.889,"PC O-16:1_14:0","EtherPC",69968512,77589077,74132107,80486212,78361745,75052291,79958955,89069814,85635205,80997882,99367003,80632203,63858356,71934327,71255111,41647645,53437466,58140423
"Pos",34802,"[M+H]+",14.211,"PC O-16:1_16:0","EtherPC",294888314,322966041,311043416,343232909,335169110,318148542,328763415,373978141,351425614,348898163,410189738,336730118,263194349,291916770,294990330,187452083,226939909,249489609
"Pos",34614,"[M+H]+",12.185,"PC O-16:1_16:1 (a)","EtherPC",3264240,3830266,4006820,4918915,1922878,3947428,4945540,1738601,4536509,4187395,6213974,5122500,1701317,4014309,2013487,2044711,3640507,4098764
"Pos",34617,"[M+H]+",12.995,"PC O-16:1_16:1 (b)","EtherPC",128399270,142418019,136694327,153996639,147892325,144358824,147787043,164928817,159402113,148074017,183486415,150585616,117964928,135483530,134006060,82415971,103101723,110233553
"Pos",35881,"[M+H]+",13.573,"PC O-16:1_17:1","EtherPC",23025416,23299450,21895978,26218705,24924004,23977958,24314136,27556924,27084440,25800597,20055669,14122434,20432668,23916764,22230304,15198841,19157972,20310804
"Pos",37241,"[M+H]+",14.287,"PC O-16:1_18:1","EtherPC",290330603,314681858,310128710,344562255,334765704,329110511,326047042,368728798,349836288,343168087,404611930,333474416,256737161,287547633,283583260,176298337,220726041,241055602
"Pos",39323,"[M+H]+",12.907,"PC O-16:1_20:4","EtherPC",59224188,56627044,53447441,53992341,59916395,61656831,72093500,79497414,75691697,78094907,93787420,77224620,58321697,75929869,76545554,63517174,80177445,83548548
"Pos",39156,"[M+H]+",12.026,"PC O-16:1_20:5","EtherPC",13869273,15966201,15032120,17287124,17461377,14804514,17762217,20172752,19601101,20378693,24605325,20068882,17460697,18832516,18135493,13603173,17225489,18866335
"Pos",42122,"[M+H]+",13.806,"PC O-16:1_22:4","EtherPC",14383470,20413870,11684141,15558510,21292217,18593443,5187150,23653493,22080496,23450973,19619255,21367381,15134459,21058500,17541048,13187084,17101187,17416846
"Pos",41704,"[M+H]+",12.447,"PC O-16:1_22:6","EtherPC",54241242,61288939,58706732,59607676,60413906,58569769,60483242,67129863,65233637,65119518,76615867,66880192,56210141,61123261,59578912,44495080,55036235,58631414
"Pos",34420,"[M+H]+",11.965,"PC O-16:2_16:1","EtherPC",1631002,710057,1714599,1928037,1705483,1557700,1931956,1967529,1759321,1730482,2177644,1829038,954141,896878,1503571,771834,786607,750514
"Pos",45221,"[M+H]+",16.709,"PC O-16:2_24:1","EtherPC",799306,2401011,933094,1058825,697164,590823,1042586,2419751,722897,2710941,1543231,507312,423795,1575991,1040879,1439238,484205,1839069
"Pos",36276,"[M+H]+",15.134,"PC O-17:0_16:0","EtherPC",29379996,30891485,30457274,22496623,11785089,30085606,32059908,33804759,25799998,30413651,33142890,31536131,23255941,27917710,26894780,17749917,17756114,25321705
"Pos",38767,"[M+H]+",15.233,"PC O-17:0_18:1","EtherPC",45524062,27001117,49010292,47436459,53263158,52466838,45420339,50166414,55186126,52991284,63429291,52130546,41673931,39271110,44695362,30098306,16561751,35722183
"Pos",40873,"[M+H]+",13.729,"PC O-17:0_20:4","EtherPC",9018778,9723066,7194505,5496288,4238543,3635065,12077661,12601770,11969378,13753103,15892358,13183109,10611375,12860480,10651151,9284971,11885147,13034586
"Pos",43342,"[M+H]+",13.287,"PC O-17:0_22:6","EtherPC",6608641,7631198,7104807,7253629,7198909,6623010,7845099,8941172,8430612,8060858,11470247,8960147,6767923,8201059,6777945,5131578,6674379,7247664
"Pos",36079,"[M+H]+",14.663,"PC O-17:1_16:0 (a)","EtherPC",3746778,7043851,6201699,5089509,7074683,4896831,6898909,7350357,7202436,7226232,9133957,7178750,4891925,6714492,5064704,3554703,3038070,5118933
"Pos",36076,"[M+H]+",14.902,"PC O-17:1_16:0 (b)","EtherPC",7259781,7797106,6913644,8207603,7714448,6601587,4277032,9137862,8167468,7954892,9891204,7297642,6322404,3454319,6963650,1492390,5087011,5972427
"Pos",38550,"[M+H]+",14.792,"PC O-17:1_18:1 (a)","EtherPC",2356518,1172565,3301010,2951772,3359172,3870933,1214720,4646062,3717804,1235794,1521551,3294380,2920209,3009492,2591662,2355301,2321904,3248622
"Pos",38553,"[M+H]+",14.98,"PC O-17:1_18:1 (b)","EtherPC",6584918,15635256,11944425,13976774,12587564,12538344,15892268,13716356,14468967,16064729,8843969,13348396,9863913,11675654,11812734,3028516,9144994,8675549
"Pos",37650,"[M+H]+",15.957,"PC O-18:0_16:0","EtherPC",184921342,202120193,198238231,217647581,208321784,205560686,204957877,218702018,220016508,208472610,247602658,201859156,166259576,186187391,178784569,116962206,145122987,150635025
"Pos",40104,"[M+H]+",16.038,"PC O-18:0_18:1 (a)","EtherPC",169313197,125249581,191797647,211208941,201176004,206023243,193151740,91905254,204572740,199488599,234129790,192476650,150676645,164918458,163186665,104642251,129048635,141293211
"Pos",40105,"[M+H]+",17.282,"PC O-18:0_18:1 (b)","EtherPC",944081,626867,1514427,1983025,602980,749771,590432,614884,1660996,380819,576287,758985,644707,227747,1101796,986346,819507,871608
"Pos",42530,"[M+H]+",15.121,"PC O-18:0_20:3","EtherPC",34239309,32883032,34840126,21714046,37127327,19197380,39323235,43449147,19505451,35801768,48120958,37042057,31820718,17933589,34322484,11624793,30677636,29329857
"Pos",42328,"[M+H]+",14.431,"PC O-18:0_20:4 (a)","EtherPC",84614723,91708692,89476553,100055723,97774586,89645023,97735821,109362898,108044100,112851184,128896411,110168164,89757125,102426765,97456278,77229472,98421270,105197258
"Pos",42331,"[M+H]+",14.849,"PC O-18:0_20:4 (b)","EtherPC",10106557,11316149,3374839,9703705,9912923,10422898,10587241,1699010,10637043,11484075,9269767,8542674,7054518,9225298,3910321,7556304,6518314,7777062
"Pos",42124,"[M+H]+",13.441,"PC O-18:0_20:5","EtherPC",61770623,70968211,60368772,80130260,72320443,72708607,74717018,74348030,73860214,81370898,92681944,78662358,55400145,73288601,71244080,52127868,61547478,73027181
"Pos",45438,"[M+H]+",17.88,"PC O-18:0_22:2","EtherPC",1324965,3893301,2107654,3165313,4587430,3667052,1269557,3124453,3623711,3422033,5079223,3216374,3235683,1955853,3339832,667680,2516810,405981
"Pos",45027,"[M+H]+",15.506,"PC O-18:0_22:4","EtherPC",6131893,7156974,6641154,7162531,8536751,5540425,6284735,8187814,8894972,8535202,9956005,7860923,5486233,5576607,6670381,6821923,3082514,8917470
"Pos",44815,"[M+H]+",14.399,"PC O-18:0_22:5","EtherPC",74955062,81554980,77924147,85086648,82158585,77276255,81222543,90416795,87432016,86423072,102369724,85143729,68767455,78395373,74813724,60140357,76184937,82434819
"Pos",44633,"[M+H]+",13.939,"PC O-18:0_22:6","EtherPC",62319409,72097442,68616936,69843324,70446882,70585585,67916063,76541155,73493461,73288779,85053289,69944316,54963772,64663709,65299387,43372316,50457716,59130679
"Pos",47541,"[M+H]+",15.651,"PC O-18:0_24:5","EtherPC",3621013,3555828,3321100,3803513,4125350,3833820,3731365,4502580,3662412,3747599,4419843,3480348,3099804,3197545,3246707,2414995,2894044,3541878
"Pos",37442,"[M+H]+",15.677,"PC O-18:1_16:0","EtherPC",9588760,23524645,26841111,30721138,28555198,28540615,29029241,30028741,32632949,30333871,34101176,31209424,24538935,28384778,25878915,16618309,21460261,23277407
"Pos",37240,"[M+H]+",13.272,"PC O-18:1_16:1","EtherPC",27311890,75202648,30905417,82678246,68351249,31913116,71079779,90497779,33607543,79143771,39936320,33857025,57060986,70592482,28501297,17920645,23234901,50037122
"Pos",38554,"[M+H]+",13.968,"PC O-18:1_17:1","EtherPC",19959652,15210923,22672334,24940099,24728797,24456979,24221076,27387593,26119737,25869072,30322565,24742468,19226372,21249054,13398047,14134279,17265400,18579498
"Pos",39890,"[M+H]+",14.58,"PC O-18:1_18:1 (a)","EtherPC",297269316,332191770,319033197,368360909,344319395,351888890,129465648,381866102,372690898,340659299,403570574,342848176,261637003,299179851,293413386,189944815,235091607,250339617
"Pos",39891,"[M+H]+",15.768,"PC O-18:1_18:1 (b)","EtherPC",43615032,47569804,47423971,50756287,50748575,52091365,50251426,54627291,52753660,49871106,58949214,47742860,38003863,43150548,40820547,26365823,32304225,35335135
"Pos",39692,"[M+H]+",13.465,"PC O-18:1_18:2","EtherPC",30069178,35787054,32136432,38359196,35430649,35340603,37235283,32221849,43456484,37514607,40799062,32998298,27971140,31519274,29283282,19141877,20427517,24924229
"Pos",41073,"[M+H]+",14.366,"PC O-18:1_19:2","EtherPC",7785665,8514800,7940643,6660475,4993589,3222679,2466963,9536458,4296408,8403258,11599088,8909800,3400357,4191413,3880222,5681788,6837446,3230525
"Pos",42731,"[M+H]+",16.061,"PC O-18:1_20:1","EtherPC",8300393,8980306,2987437,10213553,7464683,3193216,2913191,10096051,9005014,3051244,10680372,7364350,2219804,7106123,7353059,1561137,4731649,2105536
"Pos",42326,"[M+H]+",13.778,"PC O-18:1_20:3","EtherPC",13752172,26229250,21739475,44087363,22094143,41093775,43559037,27500187,45385457,42295557,51281914,27150166,32996709,37844077,19295985,19167578,9757829,17989663
"Pos",42125,"[M+H]+",14.179,"PC O-18:1_20:4","EtherPC",23237832,25658827,23348118,25828927,25715047,23870425,27069897,30573916,29651155,30113375,35258407,29887860,25172108,26684501,28089042,20375453,25664897,27436141
"Pos",41943,"[M+H]+",12.285,"PC O-18:1_20:5","EtherPC",60725661,65494074,62884258,71126886,67668212,65081323,69663274,79902335,75674656,75929077,91518720,73395513,62745869,69325805,68664354,47071859,58833642,62121307
"Pos",45222,"[M+H]+",16.359,"PC O-18:1_22:2 (a)","EtherPC",2090446,2020690,2114122,1801222,1889115,2002704,1841499,1275101,1479405,2032250,2729626,2026572,1690214,2057469,1539252,1140248,2186036,2235796
"Pos",45223,"[M+H]+",16.425,"PC O-18:1_22:2 (b)","EtherPC",2090446,1381065,2114122,2305573,1380674,1375921,1054574,1664805,1946926,1351293,2732863,2123319,1690214,2057469,1674678,847635,2186036,2235796
"Pos",45224,"[M+H]+",17.428,"PC O-18:1_22:2 (c)","EtherPC",837456,972778,2042701,426295,1418697,1071964,1338424,825528,807021,1501272,2353340,1607943,432919,1045062,712904,353951,1179139,436218
"Pos",44634,"[M+H]+",13.161,"PC O-18:1_22:5 (a)","EtherPC",99116455,109952147,102583440,114996015,114715584,104884216,111968342,127744034,120842083,118631195,144124484,116269107,93888033,114806703,104038776,80021434,102079268,108283165
"Pos",44635,"[M+H]+",14.148,"PC O-18:1_22:5 (b)","EtherPC",24904570,26868829,26236976,28378074,26637037,24611196,30308134,31252245,30705922,29747090,37759340,30288400,24546529,25637359,23264863,4924682,25354213,25353553
"Pos",44417,"[M+H]+",12.735,"PC O-18:1_22:6 (a)","EtherPC",102298339,112516080,105379427,111642658,113578937,116308181,115586569,124894392,117900844,110164291,138345141,119144243,90691150,103398406,106346653,64113073,86000016,90598516
"Pos",44416,"[M+H]+",13.668,"PC O-18:1_22:6 (b)","EtherPC",33348069,31110277,31084506,32993999,33170182,31135163,31804659,34477589,35280437,32437012,36104130,32817240,26700392,29165587,30541500,20419274,17521386,25206281
"Pos",47326,"[M+H]+",14.251,"PC O-18:1_24:5","EtherPC",4811700,5403964,5139754,7834337,5374852,5448723,3593158,6992092,5925927,6376236,6912798,6165298,4318639,2923158,3734355,2699210,4275142,4181722
"Pos",39695,"[M+H]+",14.344,"PC O-18:2_18:1","EtherPC",106773295,118377000,112069690,126520312,119812747,119015699,123382147,136131551,127432850,121550842,128890430,109740295,94181159,110758273,101657599,63749179,67729706,89762971
"Pos",42532,"[M+H]+",15.754,"PC O-18:2_20:1","EtherPC",2684377,4824008,3026042,8725060,13811386,3792657,4576817,3257828,5063908,10416425,3978403,5455610,3102742,1423187,4769495,1173606,1991986,2626753
"Pos",41941,"[M+H]+",12.893,"PC O-18:2_20:4","EtherPC",96713832,119048516,101855940,108270243,86693436,104122866,115962727,131543061,122740538,122313896,157572739,129258658,105945752,119156950,121526371,91616507,114267027,116988231
"Pos",41705,"[M+H]+",12.097,"PC O-18:2_20:5","EtherPC",10670645,11160440,10753178,12020878,11685672,10452668,12419240,14328575,13140177,13753121,16566875,13329431,10315274,12158535,12257958,8383640,10125308,10648747
"Pos",44418,"[M+H]+",12.939,"PC O-18:2_22:5","EtherPC",35068340,14188517,38451555,41290538,35667316,31699554,37638954,44455838,40631961,42239009,52945906,35309663,31695503,8525755,32444388,28791437,30723872,35947336
"Pos",44220,"[M+H]+",12.523,"PC O-18:2_22:6","EtherPC",29454021,34216054,30851255,32499096,31577269,30019835,33508786,37414920,35371492,35504731,40964561,35984360,27620768,30014453,29001784,19429758,23309893,26405145
"Pos",38977,"[M+H]+",16.477,"PC O-19:0_16:0 (a)","EtherPC",1208247,523381,1603107,1668255,1199541,591119,1367309,1329866,1220491,1846754,2083368,1555400,759336,1227731,1024573,572054,742821,1342930
"Pos",38978,"[M+H]+",16.744,"PC O-19:0_16:0 (b)","EtherPC",988376,706017,505989,1734503,923687,576072,1690223,785121,1602797,2462845,2169265,938354,618293,661701,1281107,748353,656856,871570
"Pos",41498,"[M+H]+",16.833,"PC O-19:0_18:1","EtherPC",3113028,3388990,5280152,6127628,5324373,5943100,5207324,5786973,780898,5508361,1058409,2556627,460673,4305809,3019427,1452107,1780058,2569750
"Pos",41272,"[M+H]+",15.471,"PC O-19:1_18:1 (a)","EtherPC",7558942,4048614,4816793,1379824,5636099,2970066,5477072,5345104,5000808,4075777,5348250,4077744,4627087,8062023,3160807,1108016,4062960,3633838
"Pos",41278,"[M+H]+",15.781,"PC O-19:1_18:1 (b)","EtherPC",705773,1443878,312824,1502201,1016545,1600055,1042342,408745,386876,844765,1471922,1405814,302538,776560,385318,432010,264065,886289
"Pos",40298,"[M+H]+",17.649,"PC O-20:0_16:0","EtherPC",6860236,7244412,7172382,4748864,7486706,7133329,7426599,8199662,5455655,7729736,3376039,7517319,2315529,6659041,6691425,4336000,5371491,1979209
"Pos",45029,"[M+H]+",15.971,"PC O-20:0_20:4","EtherPC",4472041,3064429,4941410,5284410,2704547,4752582,4780260,5982783,2548715,5687226,6681454,5092504,4547747,5046791,4988776,3771268,4681471,5025382
"Pos",47542,"[M+H]+",15.927,"PC O-20:0_22:5","EtherPC",7484609,8933153,8657251,9282491,9139927,8784540,8988450,9615692,9704001,9871337,11042772,9355907,7681740,8342904,7998432,5909449,7355426,7737566
"Pos",47325,"[M+H]+",15.41,"PC O-20:0_22:6","EtherPC",5179437,8655150,5413347,5459848,6605353,6021839,5670804,10025355,6693277,2924750,7074333,9163474,5023808,5109074,5356319,3742422,2654130,4757912
"Pos",42734,"[M+H]+",17.449,"PC O-20:1_18:1","EtherPC",4948870,3158485,680511,5874834,2244948,3850803,2290641,741717,3359542,5848720,6743689,5826679,2478380,4688735,4748740,3213923,2480924,2202454
"Pos",47327,"[M+H]+",15.606,"PC O-20:1_22:5","EtherPC",2714293,825002,2840201,3287091,2673973,2795394,3440436,937913,849571,904292,3695647,830632,2311435,3027605,3156167,1791670,2870392,2597745
"Pos",43156,"[M+H]+",19.35,"PC O-22:0_16:0","EtherPC",546414,1659657,1402172,1365582,1808952,3262860,3037930,3507590,3177038,2659126,3372612,1638254,2372225,1313971,914609,1114263,1144387,2142828
"Pos",45663,"[M+H]+",19.375,"PC O-22:0_18:1","EtherPC",5516576,5710358,2714121,6579490,6246389,3784071,2614159,2731166,5570525,3220373,7106039,3561183,4656452,4579552,4519717,3394040,1721959,1880729
"Pos",47123,"[M+H]+",13.985,"PC O-24:6_18:1","EtherPC",3215251,3767949,3610208,3491483,4257091,3434623,3862128,3596970,4709519,3957588,4296862,3545337,3014749,3687836,3937827,1915027,3053628,2987029
"Neg",38819,"[M+HCOO]-",14.873,"PC O-34:1<OH>","OxEtherPC",25832743,27470804,24298920,28862280,26769064,26460631,28241163,30426596,30855729,30032443,36352549,30606013,27756465,29921550,31250018,18585505,24267966,25739845
"Neg",40233,"[M+HCOO]-",16.389,"PC O-36:1<OH>","OxEtherPC",722894,856527,804079,904652,824322,885115,890213,954477,916366,954187,1113515,900496,883708,830413,898493,563180,733446,815642
"Neg",31813,"[M-H]-",13.62,"PE 16:0_16:0","PE",1805243,2229473,1967023,2288814,2299624,2068055,2252623,2486351,2426121,2319528,2560221,2248827,2158118,2064780,2398200,1670969,2097673,2325130
"Neg",31699,"[M-H]-",12.494,"PE 16:0_16:1","PE",12426561,13228765,12430456,13828733,13420786,13504620,12776486,14217899,14133095,13400845,15481977,13693064,11302471,11855777,12913089,8346401,10579699,11699175
"Neg",32596,"[M-H]-",13.102,"PE 16:0_17:1","PE",2233982,2596415,2417778,2772644,2563795,2671684,2586409,2709957,2790234,2650845,3134201,2483757,2286641,2357139,2453828,1610329,2163794,2373192
"Neg",33587,"[M-H]-",14.959,"PE 16:0_18:0","PE",1521023,1598745,1499726,1754249,1711224,1790770,1670844,1858790,1911599,1883577,2283513,1911793,1734156,1789044,1966252,1324539,1716451,1745837
"Neg",33472,"[M-H]-",13.739,"PE 16:0_18:1 (a)","PE",62760430,66241708,61234036,71362097,66241403,67270408,65409799,70400499,70246307,67196293,78845991,67695048,60661990,61403700,64775558,46203549,57487285,61968426
"Neg",33473,"[M-H]-",15.786,"PE 16:0_18:1 (b)","PE",6030,0,0,3712,0,0,0,2997,0,0,0,0,0,0,3329,0,0,0
"Neg",34827,"[M-H]-",12.263,"PE 16:0_20:4 (a)","PE",241524,223674,200829,285583,442887,250900,243050,524817,444485,587558,874927,219211,176694,207313,249805,431070,200432,203839
"Neg",34824,"[M-H]-",12.46,"PE 16:0_20:4 (b)","PE",21292389,23319762,21065521,24671422,23019398,23212751,23694088,24359678,24567567,23819093,27250857,25036316,20714577,21771816,22961657,14423418,18917122,20381564
"Neg",34695,"[M-H]-",11.645,"PE 16:0_20:5","PE",3428090,3551937,3176109,3855734,3616662,3558957,3781481,3909594,3899566,3821268,4497846,3709910,3148085,3424942,3515701,2079014,2766048,2970122
"Neg",36259,"[M-H]-",12.075,"PE 16:0_22:6","PE",6713398,7143632,6468807,7420583,7181450,7150313,7821849,8182267,8399087,9091251,10435741,8632491,7874382,8444371,8466024,5038285,6836417,7179480
"Neg",31603,"[M-H]-",11.469,"PE 16:1_16:1","PE",1101171,1261850,1082303,1203687,1171159,1229987,1258026,1417665,1324346,1303543,1532278,1295397,1049614,1177551,1195829,680564,886808,960219
"Neg",33346,"[M-H]-",12.601,"PE 16:1_18:1 (a)","PE",25369985,27126077,24620975,28555331,26652565,27425264,26667233,29243532,28158661,27387897,32375375,28013159,23604866,25168131,26375153,17089953,21871838,23451629
"Neg",33347,"[M-H]-",13.737,"PE 16:1_18:1 (b)","PE",0,0,0,9053,0,0,0,0,0,0,0,0,0,0,0,0,0,0
"Neg",33210,"[M-H]-",11.67,"PE 16:1_18:2","PE",871994,823568,692606,1074519,1038069,820980,1316412,968149,1017920,1300191,1083916,883333,821630,835412,922121,545016,971736,728270
"Neg",34697,"[M-H]-",11.448,"PE 16:1_20:4 (a)","PE",1427105,1572084,1434397,1760405,1585303,1626366,1675169,1821954,1777867,2019216,2326507,1910978,1625302,1727291,1881323,1084346,1353947,1453463
"Neg",34696,"[M-H]-",12.061,"PE 16:1_20:4 (b)","PE",4900,0,0,4956,0,7581,10533,4575,8559,123762,152647,136887,309826,325940,350772,368879,513587,520704
"Neg",34576,"[M-H]-",10.729,"PE 16:1_20:5","PE",273876,340360,310211,329812,313842,335958,361528,374719,372614,386246,485260,372331,323285,354408,359132,188803,247394,256106
"Neg",36258,"[M-H]-",11.457,"PE 16:1_22:5","PE",353971,461023,422815,509246,489317,488508,496986,526504,500660,713737,768618,617647,714355,750917,744044,511150,631719,722901
"Neg",36135,"[M-H]-",11.118,"PE 16:1_22:6","PE",862432,938281,829508,1052659,928612,937961,933121,1093109,1076541,1233816,1540965,1218666,1126556,1180903,1275026,669201,907224,943213
"Neg",35684,"[M-H]-",13.057,"PE 17:0_20:4","PE",2426478,3051527,2472351,3211753,2731154,2748544,2745340,2919292,2943515,2837654,3849297,2871768,2589329,2763428,3067605,1945528,2494289,2651850
"Neg",37303,"[M-H]-",13.075,"PE 17:0_22:5","PE",1923471,2117589,2002074,2258645,2126493,2078783,2105934,2324168,1225877,2128192,1507449,2172700,2064223,2131668,2177169,1554667,2037206,2115480
"Neg",34193,"[M-H]-",13.208,"PE 17:1_18:1","PE",3539379,3912448,3629276,3995167,3969314,3981801,4029309,4251575,4370715,4119284,4939116,4115522,3681408,3748835,4023996,2594120,3415784,3653203
"Neg",37004,"[M-H]-",11.628,"PE 17:1_22:6","PE",152092,155212,128483,158778,151161,155704,176551,166870,147078,219914,240364,118806,179390,254114,168614,138838,173379,165475
"Neg",35196,"[M-H]-",15.09,"PE 18:0_18:1 (a)","PE",44809515,49713019,44412126,52272101,49580129,48866211,47045626,52242083,52562645,49517442,60871426,48716702,44284414,45477038,49637123,36164208,46217866,52112041
"Neg",35198,"[M-H]-",15.445,"PE 18:0_18:1 (b)","PE",379537,173938,380686,174573,548702,474839,364250,412357,428372,395389,517082,407802,136880,493350,385823,298093,421477,148744
"Neg",35197,"[M-H]-",17.248,"PE 18:0_18:1 (c)","PE",0,3612,0,0,0,0,0,0,0,0,0,0,0,0,0,0,4503,0
"Neg",35074,"[M-H]-",14.194,"PE 18:0_18:2","PE",1623443,676215,2081152,1903232,1932681,1941837,2032032,1815220,713261,705850,868886,1530779,619823,1792879,1839218,1236130,566781,625011
"Neg",36804,"[M-H]-",15.612,"PE 18:0_20:2","PE",1009502,1057741,1058335,1122847,1112457,1106275,1055640,1143623,1114408,1109287,1346653,1105970,986254,1007754,1080717,693409,922507,1029569
"Neg",36678,"[M-H]-",14.276,"PE 18:0_20:3 (a)","PE",6401062,6992848,6143565,7380869,4970690,6734056,6893051,7453334,7355382,7255978,8740486,5463052,6319114,6720528,6875598,5225672,6774324,7249367
"Neg",36679,"[M-H]-",14.732,"PE 18:0_20:3 (b)","PE",2707289,3066265,2872945,3180830,3008620,2988016,3063250,3364723,3278837,3070413,3799179,3146723,2738312,2840966,2999177,2009741,2562410,2713238
"Neg",36549,"[M-H]-",13.461,"PE 18:0_20:4 (a)","PE",883587,968543,1654481,1149716,2046127,1059490,2593173,2908823,2233310,1922654,2669013,2243283,877932,2174800,2328198,1539727,784919,900204
"Neg",36548,"[M-H]-",13.693,"PE 18:0_20:4 (b)","PE",98789614,104411567,95474902,108766433,101771801,99716871,103147348,109145496,107512576,105400889,125191781,106038264,100540718,97302703,103301875,76041433,96480863,101879064
"Neg",36553,"[M-H]-",14.307,"PE 18:0_20:4 (c)","PE",80293,62365,61289,69016,157046,27313,78418,76612,72224,113422,91071,99765,8877,147615,64496,76048,42898,82136
"Neg",36551,"[M-H]-",15.665,"PE 18:0_20:4 (d)","PE",3236,2576,0,5441,0,0,2544,3233,2694,0,6339,2427,0,0,11764,0,4688,2636
"Neg",36403,"[M-H]-",12.783,"PE 18:0_20:5 (a)","PE",17307007,18655772,17355708,19722521,17937203,18564091,19331332,20579291,20209202,19310471,24180909,19439297,17164100,17950606,19156986,12399275,15828648,17411579
"Neg",36404,"[M-H]-",13.732,"PE 18:0_20:5 (b)","PE",12245,11379,0,0,0,0,0,0,0,0,14763,16062,0,9032,15387,0,21192,0
"Neg",38361,"[M-H]-",15.778,"PE 18:0_22:3","PE",198478,260975,185796,196888,214603,197331,225224,258815,261812,256811,296436,231311,247353,287836,275581,227184,220556,263538
"Neg",38245,"[M-H]-",14.637,"PE 18:0_22:4","PE",1959580,2034358,1891553,2115941,2126962,1956358,2040574,2701433,2321640,2273437,2971624,2280987,2460490,2759409,2679817,2043275,2712729,3197234
"Neg",38135,"[M-H]-",13.67,"PE 18:0_22:5","PE",20216506,20850313,19685655,22074242,21253743,20596717,21606469,22120868,22195857,22892224,26575516,22999865,23851502,23741148,24807393,19373814,24136769,25668467
"Neg",38005,"[M-H]-",13.25,"PE 18:0_22:6","PE",27945026,29661772,27394061,31542154,30141390,29348212,30183767,32015167,32434879,32054494,39465913,31378788,28791594,30217301,32506979,20858112,27005741,29482298
"Neg",35073,"[M-H]-",13.837,"PE 18:1_18:1 (a)","PE",73128224,79882392,71008098,81282379,78512820,77286240,76935345,85401847,85395548,83114153,97665915,81316986,71501478,73169175,77307113,53008495,69026604,73688732
"Neg",35071,"[M-H]-",14.456,"PE 18:1_18:1 (b)","PE",200633,252995,86394,333405,275586,350786,163070,304148,493710,296970,476387,472423,307477,322008,138188,107337,311015,281424
"Neg",35075,"[M-H]-",15.068,"PE 18:1_18:1 (c)","PE",0,15834,5189,3935,14731,8692,4533,5457,5181,6991,5434,4450,3529,5788,5122,2715,0,8966
"Neg",35072,"[M-H]-",15.869,"PE 18:1_18:1 (d)","PE",2941,0,0,0,2881,0,3095,0,0,0,0,0,0,0,0,3204,2949,0
"Neg",34952,"[M-H]-",12.809,"PE 18:1_18:2 (a)","PE",10600945,10860107,9515295,14951459,11431892,10706163,14478686,12751961,12015286,11563228,18000200,11283631,12810375,9984903,14453915,6897090,9079216,12486271
"Neg",34953,"[M-H]-",13.003,"PE 18:1_18:2 (b)","PE",2764487,3700506,3277976,1131030,3003657,3416833,1070834,3288908,3621607,3663128,1391052,3459427,1007030,3331535,1070518,2078495,2619395,988649
"Neg",34951,"[M-H]-",13.407,"PE 18:1_18:2 (c)","PE",840858,502960,929222,1018059,945491,925456,842899,1001072,932435,984542,1130957,1003644,801093,892741,1016103,668196,884669,808578
"Neg",34954,"[M-H]-",14.075,"PE 18:1_18:2 (d)","PE",0,0,0,0,0,0,0,0,0,0,0,0,0,0,0,0,0,0
"Neg",34825,"[M-H]-",11.929,"PE 18:1_18:3","PE",869620,963045,724389,593364,900325,907262,859217,1055728,963206,928982,1077273,861950,747956,791194,886911,542168,653467,728275
"Neg",36803,"[M-H]-",15.149,"PE 18:1_20:1","PE",4782035,5073518,4402671,5341854,5055365,4867992,4903965,5545433,5347175,5135587,6442170,5150077,4629327,4838457,5376495,3706417,4714495,5019346
"Neg",36547,"[M-H]-",13.093,"PE 18:1_20:3","PE",3272371,3883944,2902309,3685956,3404717,3614654,3618284,3659042,3630536,3660403,4590792,3714658,2931873,3556559,3408992,2554953,3264496,3423952
"Neg",36401,"[M-H]-",12.555,"PE 18:1_20:4 (a)","PE",49709532,53995667,48456876,55453295,54888150,52260489,54409544,57834674,57031217,57201279,65498954,58176691,50270429,53611364,55479798,37608999,48111202,51239280
"Neg",36407,"[M-H]-",13.226,"PE 18:1_20:4 (b)","PE",32523,59808,33899,24781,74868,31418,21207,53281,82176,107621,105365,64942,143952,144623,132895,116847,234023,77768
"Neg",36257,"[M-H]-",11.741,"PE 18:1_20:5","PE",7358349,8080048,7336671,8652180,8133865,8066207,8470022,9040428,8946666,8765467,10540774,9001001,7556224,8076786,8365215,5205234,6862033,7199420
"Neg",38006,"[M-H]-",12.536,"PE 18:1_22:5","PE",9224136,10011952,9180549,10452018,10050868,9775598,10487724,10969269,11262843,12200778,13773984,11988744,11442865,12289447,12856139,9251164,11916010,12417398
"Neg",37870,"[M-H]-",12.163,"PE 18:1_22:6","PE",14667648,16003306,14563979,16721904,16225041,15991819,16534599,17905672,17959008,18464609,21944853,18330934,17174867,18073820,18548751,11462382,14850116,15961834
"Neg",37757,"[M-H]-",11.312,"PE 18:2_22:6","PE",571616,654800,584844,750921,735372,665435,798912,864447,814829,845715,1109718,956244,441243,784346,634714,495786,678207,720577
"Neg",36027,"[M-H]-",15.809,"PE 19:0_18:1","PE",254754,312403,263562,278176,334404,325569,336433,353208,334356,191863,391204,318141,315163,264679,351214,301693,169848,370917
"Neg",37429,"[M-H]-",14.341,"PE 19:0_20:4","PE",423551,489021,390775,386872,428459,471360,399313,451928,502111,479733,566038,477033,374597,465053,479581,347957,424650,554997
"Neg",38246,"[M-H]-",15.055,"PE 20:0_20:4","PE",753793,769222,719915,878578,780974,785451,767242,847941,927113,828393,1013700,793272,710977,731055,804215,529771,750503,842710
"Neg",39586,"[M-H]-",13.305,"PE 20:1_22:6","PE",861616,958091,798127,1010748,958453,988635,968555,1014974,1044715,970454,1262197,1024225,823285,875271,910027,587383,782461,851096
"Neg",39368,"[M-H]-",11.4,"PE 20:4_22:5","PE",200896,262177,300032,399072,322044,281652,457582,406217,309836,396293,431738,485394,431230,351404,290828,202801,397185,324101
"Neg",39256,"[M-H]-",11.04,"PE 20:4_22:6","PE",508433,558591,451712,627469,595605,528371,593422,693872,673877,795718,915154,750249,593540,643937,712279,461940,561467,652049
"Neg",39959,"[M-H]-",16.577,"PE 22:0_20:4","PE",453196,504688,435113,504916,492059,504570,463884,535718,546488,509459,603056,507976,413862,431663,482341,170134,265048,405226
"Neg",39828,"[M-H]-",15.076,"PE 22:1_20:4","PE",1270419,1359816,1248219,1505458,1389649,1455193,1395025,1548667,1515158,1465228,1806313,1494325,1290719,1286249,1497502,983161,1287270,1313001
"Neg",41636,"[M-H]-",18.233,"PE 24:0_20:4","PE",365911,232539,355281,452645,420961,439667,430024,442476,437500,244527,520096,394587,349438,362109,402916,250412,165335,379312
"Neg",36577,"[M-H]-",13.308,"PE 37:4<oxo>","OxPE",62087,73300,67337,84614,91141,72180,110050,99054,87634,84152,84723,81166,62201,71850,60766,41908,42675,39416
"Neg",38565,"[M-H]-",15.034,"PE 38:2<OOH>","OxPE",34910,52153,43879,134402,94754,95506,99509,105025,151830,115414,162632,157875,137814,126354,146516,62405,89898,89459
"Neg",40102,"[M-H]-",12.883,"PE 38:3<2OH,OOH>","OxPE",724719,738976,663795,717172,760850,768757,953032,892799,845553,936469,953798,928821,822336,844870,1008034,557221,723068,724553
"Neg",39991,"[M-H]-",11.827,"PE 38:4<2OH,OOH>","OxPE",339303,363548,368292,440895,367115,368706,410500,406481,418994,415400,562106,449740,377018,363975,425388,230081,331741,363815
"Neg",40195,"[M-H]-",13.179,"PE 40:7<2OH,oxo>","OxPE",462382,533522,471378,595289,562875,640069,460232,585229,529613,487878,541144,483521,437227,498370,423055,283569,397189,379376
"Neg",33961,"[M-H]-",13.221,"PE O-16:0_20:4","EtherPE",1260460,1505921,1215349,1480564,1524975,1300549,1617838,1519635,1667124,1777882,2329530,1744766,2038084,1915593,2186346,2191695,3146704,3196979
"Neg",30847,"[M-H]-",14.314,"PE O-16:1_16:0","EtherPE",474347,583671,500179,606805,541055,570641,654325,768183,720987,716437,917375,822873,663311,722089,710571,420198,568393,544906
"Neg",30739,"[M-H]-",13.099,"PE O-16:1_16:1","EtherPE",3267159,3513594,3378997,3865879,3709554,3716186,3545023,4083381,3996503,3580547,4547676,3666181,2749628,2965637,3075697,1696271,2313388,2474093
"Neg",32471,"[M-H]-",14.41,"PE O-16:1_18:1","EtherPE",17093807,19179279,17019890,19985675,19136764,19294538,18873043,20806553,20726992,19194348,23452068,19727248,15024858,16073416,16699723,9727060,12316599,13212920
"Neg",34082,"[M-H]-",14.952,"PE O-16:1_20:2","EtherPE",2565366,2577495,2350277,2652294,2337546,2531607,2484331,2512935,2643982,2430704,2745066,2506054,2516146,2573902,2503742,2224486,1907519,2086149
"Neg",33958,"[M-H]-",13.603,"PE O-16:1_20:3 (a)","EtherPE",1756150,1659368,1564761,1804185,1905918,668049,1595130,1798785,1756464,1710419,1886473,1657856,1052734,721987,1438620,835242,1047042,1069039
"Neg",33960,"[M-H]-",13.772,"PE O-16:1_20:3 (b)","EtherPE",991763,1174030,840163,1177848,1066956,1261900,867544,1029235,1120258,1053194,1324285,799753,588049,983788,956642,550988,657407,650704
"Neg",33959,"[M-H]-",14.036,"PE O-16:1_20:3 (c)","EtherPE",1164530,1346517,1160693,1412408,1361958,1395983,1284634,1536045,1474913,1211401,1565833,1261513,935123,988151,977133,601775,721232,797257
"Neg",33828,"[M-H]-",12.821,"PE O-16:1_20:4 (a)","EtherPE",1235734,1209334,660801,1183108,1190802,1437299,1315370,1621107,1259648,1141855,1626625,638159,782741,962020,1114923,450498,355363,412483
"Neg",33829,"[M-H]-",13.022,"PE O-16:1_20:4 (b)","EtherPE",52928375,60567928,54459320,62361067,59091821,58207164,58983290,65351142,63473009,57613081,68328489,58631033,41343980,42131710,43889314,27356049,35413881,37285795
"Neg",33703,"[M-H]-",12.151,"PE O-16:1_20:5","EtherPE",17333296,18904684,17691765,19857272,19124590,19193032,18520236,20920959,21041939,17773433,22073920,18322283,12761218,13232832,13618812,8023919,9894406,11152847
"Neg",35792,"[M-H]-",16.087,"PE O-16:1_22:2","EtherPE",1003220,1089953,872441,1197322,1045247,1064615,577699,1201841,1107171,1005960,1311915,1198456,729167,858076,851311,449504,548060,717128
"Neg",35695,"[M-H]-",15.057,"PE O-16:1_22:3","EtherPE",2155376,2506692,2219969,1375580,2435748,2580736,2442734,2764171,2733681,2383036,3016128,2389635,1882971,1813859,1693505,959157,1522905,1555556
"Neg",35573,"[M-H]-",13.955,"PE O-16:1_22:4","EtherPE",11645543,13027787,11334933,13797407,13064812,12764847,13412857,14832018,14645176,13259388,15537062,13177518,9418561,9800468,10387308,6077842,8069988,8564244
"Neg",35447,"[M-H]-",13.015,"PE O-16:1_22:5 (a)","EtherPE",88717204,99697687,88122404,103972090,99494557,96806531,101900680,112303854,106326099,98204818,117714034,100342231,69265487,72513379,75229222,43023769,55255732,58137430
"Neg",35448,"[M-H]-",14.979,"PE O-16:1_22:5 (b)","EtherPE",0,0,0,0,0,5746,0,0,5850,6341,0,0,0,0,0,0,0,5028
"Neg",35305,"[M-H]-",12.591,"PE O-16:1_22:6 (a)","EtherPE",82239601,88939354,81193590,93179657,90937624,91355352,89765494,98719482,96080932,81278821,98277283,84749192,56476445,60479464,60449731,36125396,44521033,49053753
"Neg",35307,"[M-H]-",14.507,"PE O-16:1_22:6 (b)","EtherPE",0,0,5006,0,0,4574,0,4263,0,0,5125,4724,0,0,0,0,0,0
"Neg",34702,"[M-H]-",13.657,"PE O-17:1_20:4","EtherPE",1340982,1452373,1364965,1506257,1488534,1310269,1459936,1557880,1410164,1291188,1614502,1246362,1117129,1001326,1043819,866943,425817,863002
"Neg",36142,"[M-H]-",13.196,"PE O-17:1_22:6","EtherPE",1874955,2040038,1695755,2061428,1953279,1933438,2131819,2224954,2300753,1951645,2309528,1824553,1293048,1345038,1435308,836669,1070103,1240867
"Neg",34337,"[M-H]-",14.468,"PE O-18:0_18:1","EtherPE",106563,270561,299469,151860,277201,312991,123246,160112,227729,45446,234288,57764,54824,115740,113323,196069,131809,58732
"Neg",34197,"[M-H]-",15.82,"PE O-18:1_18:1","EtherPE",5573618,6051761,5359904,6587578,5963146,6322913,5839224,6689373,6449641,5914631,7342107,6007831,4695452,4914413,5069711,2931781,3583548,3980534
"Neg",35911,"[M-H]-",17.331,"PE O-18:1_20:1","EtherPE",1150009,1181042,1097821,1323760,1243188,1269751,1199309,1299768,1255101,1184565,1474252,1245440,860268,955924,508751,486262,709345,782635
"Neg",35574,"[M-H]-",14.325,"PE O-18:1_20:4","EtherPE",13596983,15310184,13342095,16036985,15228905,15404150,15501002,16778961,16836008,14823766,18043671,14716284,10938462,11645890,11557569,7003901,9093074,9852837
"Neg",35449,"[M-H]-",13.359,"PE O-18:1_20:5","EtherPE",5999389,6676515,6018238,6949123,6647030,6808257,6903485,7396410,7275546,6529934,7866942,6496439,4548516,5113239,4688894,3037883,3798133,4077015
"Neg",37319,"[M-H]-",15.331,"PE O-18:1_22:4","EtherPE",1908054,2185851,1960073,2340967,2126325,2147200,2251459,2475086,2457215,2156833,2653602,2197092,1568318,1732170,1717423,1075274,1392811,1509798
"Neg",37182,"[M-H]-",14.292,"PE O-18:1_22:5 (a)","EtherPE",18113274,20197108,17392655,21101710,20165582,19827305,20892784,22637663,22480605,19965883,23987950,20192794,14274700,15229101,14912602,8468188,10806603,11887560
"Neg",37181,"[M-H]-",14.725,"PE O-18:1_22:5 (b)","EtherPE",168580,117885,307546,211547,260447,85751,207103,424013,251112,278650,284317,356965,103944,196398,140059,84254,48993,128026
"Neg",37015,"[M-H]-",13.836,"PE O-18:1_22:6","EtherPE",21201900,23010175,20633346,23749215,22956897,23045763,23156773,25129168,25240718,21396518,25614029,21302960,14253330,14606794,14902031,9066315,11316925,12041797
"Neg",32347,"[M-H]-",13.175,"PE O-18:2_16:1","EtherPE",1121122,1008742,1335933,1541281,1370848,1251267,1243679,1788794,1834350,1447050,1695556,1484108,1174304,1134095,1437299,863271,812118,1080588
"Neg",34085,"[M-H]-",14.478,"PE O-18:2_18:1","EtherPE",7209672,8120300,7326776,8581325,8306728,8212217,8247834,9356331,8929971,8037712,9950844,8563830,6384333,6745083,6859977,4285857,5410591,5675279
"Neg",35793,"[M-H]-",15.851,"PE O-18:2_20:1","EtherPE",850660,977951,894884,1053787,526515,1064812,937024,1059257,609718,974313,1112965,949444,767426,798700,871834,443468,529555,705450
"Neg",35306,"[M-H]-",12.22,"PE O-18:2_20:5","EtherPE",4199131,4579537,4060263,5091870,4825145,4711588,4762715,5407777,5271496,4542952,5598838,4615653,3250319,3478261,3638431,2386534,2769615,2979307
"Neg",37014,"[M-H]-",13.075,"PE O-18:2_22:5","EtherPE",14456077,15599786,13538231,16203693,15869298,14682999,16221252,17803168,16998013,15801080,18681205,15798040,10867192,12062059,12173794,7216817,9174058,9567352
"Neg",36907,"[M-H]-",12.66,"PE O-18:2_22:6","EtherPE",17337101,19147962,16931655,19871655,19799280,19423715,19393481,21506796,20744086,18090761,21701219,18255695,12291573,13446021,13931392,8822788,10819422,11696748
"Neg",35910,"[M-H]-",14.571,"PE O-20:1_18:1","EtherPE",13465,17040,10511,25105,20758,15182,6715,29091,10930,19370,40124,10267,20641,11135,4626,4268,11519,6214
"Neg",37318,"[M-H]-",15.776,"PE O-20:1_20:4","EtherPE",628034,642120,582717,699533,616961,702596,710921,730593,714850,641270,750437,590731,456837,463458,494424,282331,353507,387712
"Neg",38736,"[M-H]-",15.224,"PE O-20:1_22:6","EtherPE",615048,732752,652761,758144,728120,704626,693229,783673,755306,619050,756519,636006,407877,429270,412827,222836,291966,302849
"Neg",32007,"[M-H]-",11.559,"PG 14:0_16:0","PG",113770,125877,106564,121924,106605,137989,63452,120895,144907,113606,146629,126162,68859,109650,102056,50287,62958,69374
"Neg",33779,"[M-H]-",11.857,"PG 16:0_16:0 (a)","PG",160485,304145,291023,284296,190363,285168,350539,355201,295372,193225,271052,174504,299057,110959,210130,69902,76539,162012
"Neg",33778,"[M-H]-",11.95,"PG 16:0_16:0 (b)","PG",148488,65925,291023,125583,115081,285168,65531,68525,67830,61074,92645,208670,299057,115306,60444,69902,67065,162012
"Neg",33777,"[M-H]-",12.649,"PG 16:0_16:0 (c)","PG",1021524,1232332,1031413,1232476,1010991,1243072,1181824,1130197,1212430,1034059,1339489,1178587,890787,1002635,1000218,583410,705450,783064
"Neg",33660,"[M-H]-",11.034,"PG 16:0_16:1 (a)","PG",378506,280656,421612,525233,499432,518435,467061,472028,497842,396785,517453,469669,125237,292685,426052,88795,53510,38431
"Neg",33658,"[M-H]-",11.161,"PG 16:0_16:1 (b)","PG",61438,14246,31500,36453,5278,64007,9582,39327,36911,12540,32080,26351,31256,4206,10083,13796,53510,38431
"Neg",33656,"[M-H]-",11.658,"PG 16:0_16:1 (c)","PG",661268,772407,692049,760036,602707,740901,752753,776352,733784,632607,849637,786992,608205,602090,643704,413161,548009,336104
"Neg",35391,"[M-H]-",11.959,"PG 16:0_18:1 (a)","PG",2784065,3304593,3109984,3135259,2837930,3723698,3050281,3320415,3122358,2716777,3417657,3208971,2328865,2596584,2521627,1264295,1732116,1970108
"Neg",35392,"[M-H]-",12.196,"PG 16:0_18:1 (b)","PG",2088853,1390477,1614720,1575540,1496860,1179713,1511805,1489411,1637793,1532027,1555836,1795196,1011904,1124736,1261216,789213,598006,883289
"Neg",35390,"[M-H]-",12.718,"PG 16:0_18:1 (c)","PG",6785723,8173954,7657515,7595004,6423124,7750353,7465899,7419972,7893617,7097875,8481284,7849187,6807609,6797265,7156808,13871031,18858368,6741602
"Neg",36217,"[M-H]-",13.213,"PG 16:0_19:1","PG",1465793,1609937,1327618,1531960,1446904,1471041,1595747,1650321,1724273,1495925,1793608,1532309,1165982,1149291,1363554,467516,1117043,1275454
"Neg",36750,"[M-H]-",11.654,"PG 16:0_20:4","PG",259204,299172,246054,267706,253733,285405,264630,314255,268678,281928,343059,366540,321555,310764,279515,226999,298335,293517
"Neg",38188,"[M-H]-",10.72,"PG 16:0_22:6 (a)","PG",949797,1035067,986676,1077754,944278,1093194,1075228,1097842,1125726,1069663,1283649,1126378,969275,1023308,1030319,676104,781147,809776
"Neg",38189,"[M-H]-",10.848,"PG 16:0_22:6 (b)","PG",69416,81938,70051,82369,64236,68424,74673,78301,77568,86932,73733,91041,91253,113930,76919,81062,72174,53553
"Neg",33548,"[M-H]-",10.314,"PG 16:1_16:1","PG",17122,19006,3541,16610,10395,47536,50130,3757,27256,6928,18324,6422,4716,4021,449,9269,11129,4439
"Neg",35261,"[M-H]-",11.072,"PG 16:1_18:1 (a)","PG",1807566,2102681,1863425,2177588,1915391,2288962,1996869,2116291,2092450,1951601,2330040,2072392,1698107,1013124,1765807,1047673,570552,1239924
"Neg",35263,"[M-H]-",11.204,"PG 16:1_18:1 (b)","PG",209034,228752,221267,267718,236810,228266,242610,249753,229342,220260,286611,233719,226690,706222,192169,152409,710732,146510
"Neg",35262,"[M-H]-",11.749,"PG 16:1_18:1 (c)","PG",226735,729781,384278,447908,668861,462025,809498,455581,782623,351844,460180,776681,313634,728665,433218,401061,739468,476536
"Neg",38083,"[M-H]-",10,"PG 16:1_22:6 (a)","PG",379706,443011,396472,433657,403686,458218,453901,504146,502041,438758,581759,467769,416506,443061,465331,285900,341372,374108
"Neg",38082,"[M-H]-",10.115,"PG 16:1_22:6 (b)","PG",22612,35088,22516,3777,32668,31798,31871,35926,40881,27229,49507,46206,33457,49121,32009,34291,21921,16659
"Neg",37120,"[M-H]-",13.263,"PG 18:0_18:1 (a)","PG",225788,222064,126992,188209,163080,83231,98413,208751,230006,164912,318398,148280,126112,157649,144799,100375,109543,118118
"Neg",37117,"[M-H]-",13.852,"PG 18:0_18:1 (b)","PG",13710091,15001224,13311770,15260678,14485677,14954610,15009817,16130431,15983312,14250976,16879778,14292215,10719219,10985319,11001875,7450323,9371647,10034587
"Neg",38810,"[M-H]-",14.494,"PG 18:0_20:1","PG",0,0,0,7116,7898,0,0,0,0,0,0,0,0,0,0,0,0,0
"Neg",36978,"[M-H]-",12.067,"PG 18:1_18:1 (a)","PG",9006138,10348093,9037778,10545976,9522245,11009623,9295228,10055976,10249506,9415687,11238942,10009778,8376392,8788073,8369520,5520632,6698068,6765554
"Neg",36979,"[M-H]-",12.217,"PG 18:1_18:1 (b)","PG",660303,813078,660143,894549,802512,757119,737246,702064,740987,744232,859026,749899,760251,921847,634267,569973,655605,565930
"Neg",36980,"[M-H]-",12.802,"PG 18:1_18:1 (c)","PG",486142,574307,474174,549942,485923,536519,621735,582029,595307,551530,614625,575345,475218,465558,511362,397494,496497,501807
"Neg",36869,"[M-H]-",11.352,"PG 18:1_18:2 (a)","PG",1138651,852230,637893,1304486,669361,926217,1257090,1342808,807589,806163,1255406,1343935,607884,1164901,673066,541620,613310,1076110
"Neg",36868,"[M-H]-",11.46,"PG 18:1_18:2 (b)","PG",124769,129533,212949,146570,143064,488814,132723,126869,612374,450181,224442,129709,607884,145325,673066,541620,613310,103346
"Neg",38671,"[M-H]-",13.11,"PG 18:1_20:1 (a)","PG",344966,430003,467683,314669,189174,557833,172167,452175,569478,236547,620772,189433,143877,115869,175777,72966,172189,92922
"Neg",38672,"[M-H]-",13.287,"PG 18:1_20:1 (b)","PG",49884,25647,33897,66663,31764,47565,123671,63651,43657,43694,38655,70988,135325,165471,187311,81969,68957,46548
"Neg",38674,"[M-H]-",13.358,"PG 18:1_20:1 (c)","PG",49884,29621,6609,21968,31764,11391,1198,36569,13805,16716,10911,25458,31154,27471,14878,22814,6407,6429
"Neg",38305,"[M-H]-",11.055,"PG 18:1_20:4 (a)","PG",320923,595534,503214,563896,506173,557311,621207,615748,576176,465500,681162,401826,630173,638129,658652,266745,650518,400291
"Neg",38306,"[M-H]-",11.194,"PG 18:1_20:4 (b)","PG",39592,15610,40075,57371,13844,39231,34797,58847,16555,54539,10904,52245,52420,59488,41228,92949,67826,45471
"Neg",40019,"[M-H]-",11.973,"PG 18:1_22:4","PG",16298,37475,18638,35454,43771,11474,25164,72380,27061,58976,2962,13114,15575,41795,29820,23594,6048,34813
"Neg",39894,"[M-H]-",11.096,"PG 18:1_22:5 (a)","PG",931970,1056904,896006,1091144,961449,1072130,1099069,1177199,1117025,1264946,1458376,1200149,1130740,1129495,1174924,938198,1116264,1165557
"Neg",39896,"[M-H]-",11.237,"PG 18:1_22:5 (b)","PG",80499,81002,76769,92881,75579,79692,73660,78515,88495,100853,95628,97376,115428,127138,92921,104943,99827,95707
"Neg",39774,"[M-H]-",10.825,"PG 18:1_22:6 (a)","PG",4901929,5390993,4682026,5457960,5067059,5338279,5694898,5820521,5813624,5545455,6658704,5835969,5251244,5404960,5533877,3818050,4857807,4893607
"Neg",39775,"[M-H]-",10.98,"PG 18:1_22:6 (b)","PG",189347,193450,194733,201985,184067,173380,180788,176497,183300,202365,177024,221817,213441,289005,237565,208797,243314,165613
"Neg",42534,"[M-H]-",10.066,"PG 22:5_22:6 (a)","PG",343126,383717,293917,362156,334330,349626,426253,416577,455092,490315,574006,526266,557009,517526,543880,477059,571435,565748
"Neg",42533,"[M-H]-",10.152,"PG 22:5_22:6 (b)","PG",343126,383717,293917,45251,334330,349626,43286,37215,455758,489579,48444,526266,557250,517526,63871,477059,63933,56929
"Neg",42428,"[M-H]-",9.839,"PG 22:6_22:6","PG",914100,1025109,890882,1073703,910678,974284,1150044,1237091,1223076,1228502,1491343,1326115,1273198,1309884,1337963,1006700,1347419,1308122
"Neg",40283,"[M-H]-",12.083,"PG 38:1<OOH> (a)","OxPG",588930,682068,531199,586174,576120,496106,698510,684100,695681,671011,873567,663466,613030,688335,676261,412931,518161,574125
"Neg",40284,"[M-H]-",12.426,"PG 38:1<OOH> (b)","OxPG",2208429,2565165,1959949,2408947,2363069,2139005,2486176,2594346,2590950,2497173,2937062,2409196,2366409,2311945,2555400,1770719,2273626,2549996
"Neg",39363,"[M-H]-",13.306,"PG 38:1<oxo>","OxPG",430980,490083,458073,487261,485158,425598,465405,495884,490121,470052,603683,500009,449745,468084,459567,334133,376886,453589
"Neg",39219,"[M-H]-",12.386,"PI 16:0_16:0","PI",352467,747976,728478,579920,319616,1248763,636254,298239,257037,449379,494500,842423,534656,424496,234155,117309,62885,138244
"Neg",39084,"[M-H]-",11.408,"PI 16:0_16:1","PI",723178,1190467,1141482,954728,596976,1919525,1095788,860710,915266,821126,1066049,1455832,947781,727186,672271,444138,465705,424479
"Neg",39892,"[M-H]-",11.947,"PI 16:0_17:1","PI",132424,281092,216557,191859,86714,363101,207260,137411,175787,123882,253838,341992,206706,78913,107722,57610,66185,73289
"Neg",40847,"[M-H]-",13.565,"PI 16:0_18:0","PI",226493,840819,733659,690194,154652,1321328,730253,453123,498636,432393,652159,732094,475571,244745,204786,76614,101385,240038
"Neg",40710,"[M-H]-",11.635,"PI 16:0_18:1 (a)","PI",1380736,1884635,1244652,1579645,1007771,1608938,1454548,1446590,1142827,963800,1288787,1439574,1036522,793531,679842,441054,446689,387717
"Neg",40711,"[M-H]-",12.487,"PI 16:0_18:1 (b)","PI",11310845,17443895,17988044,14462732,8916742,26383437,15941148,12157082,12765108,11253130,14811703,19678117,13068308,10993706,10047725,6416385,6436923,6804086
"Neg",41988,"[M-H]-",11.429,"PI 16:0_20:4 (a)","PI",2139191,3366876,3241402,2693163,1753883,4522394,3302054,2728587,2539161,2568646,3596507,4647833,3348107,2923278,2474779,2143309,2172717,2213366
"Neg",41986,"[M-H]-",12.162,"PI 16:0_20:4 (b)","PI",448714,376750,674521,569976,404969,760040,818142,712565,776436,634545,408120,769846,496807,543685,607564,396435,516979,499047
"Neg",41877,"[M-H]-",10.728,"PI 16:0_20:5","PI",60039,116339,134476,66421,38415,163383,145000,111253,102329,121783,185263,243846,167584,145436,100573,84864,48529,84491
"Neg",43396,"[M-H]-",12.229,"PI 16:0_22:5","PI",1780949,1863604,1842936,2013173,2032114,1655109,1730045,1587286,1862018,1701643,2008129,1692983,1755445,1566965,1655056,1383323,1820374,1846290
"Neg",40584,"[M-H]-",11.505,"PI 16:1_18:1","PI",3190021,5042727,4929936,4000216,2529051,7294132,4786414,3882757,3514139,3398213,4384888,6288846,3954601,3496923,3062501,1942231,2054465,2014399
"Neg",41566,"[M-H]-",13.076,"PI 17:0_18:1","PI",719049,1112222,1154041,910000,558265,1637902,963462,835349,788382,733268,1070816,1474680,870916,461360,591230,433495,502490,271350
"Neg",42771,"[M-H]-",11.953,"PI 17:0_20:4","PI",317261,490834,448908,400847,230027,642370,503385,356017,369377,363825,534556,791128,482260,472701,395928,327760,340405,402721
"Neg",41436,"[M-H]-",12.04,"PI 17:1_18:1","PI",532456,856462,863575,618362,413188,1248381,782706,604716,687294,562023,746088,1106230,729027,519094,513759,352440,396941,361458
"Neg",42440,"[M-H]-",14.835,"PI 18:0_18:0","PI",11738,17131,28603,27026,9506,55840,14813,7746,3800,13127,14300,27853,11016,0,3934,0,0,0
"Neg",42327,"[M-H]-",13.701,"PI 18:0_18:1 (a)","PI",12216081,17779651,20058604,15549109,9745400,26777559,16534023,13075621,13355493,11648900,15698356,21071925,14842068,11686675,9830146,8225686,8188815,8375249
"Neg",42328,"[M-H]-",14.03,"PI 18:0_18:1 (b)","PI",314399,475465,466155,342673,110847,732750,387666,312301,395899,290502,346619,519095,307994,327940,179285,129702,154679,134969
"Neg",43844,"[M-H]-",14.904,"PI 18:0_20:1","PI",1075481,1629954,1601885,1318164,811685,2432913,807998,929709,1117146,792322,1293450,1535196,436338,684547,611640,328001,117188,336666
"Neg",43738,"[M-H]-",14.18,"PI 18:0_20:2","PI",1892100,2889569,2788563,2494724,1518320,3971452,2409540,2130223,1979144,1771132,2408531,3206323,2076549,1732562,1564576,989134,1117379,1119728
"Neg",43610,"[M-H]-",13.019,"PI 18:0_20:3 (a)","PI",5139172,7928525,7411670,6201228,4011082,10301174,6764371,5580794,5464795,4856627,6754452,8745910,6107283,5242771,4454039,3496405,3780166,3677190
"Neg",43612,"[M-H]-",13.42,"PI 18:0_20:3 (b)","PI",2538406,3670619,3690993,3181287,1847207,5007114,3461582,2888248,2880479,2463034,3625822,4728191,3294676,2874798,2342862,1791115,1899717,1918571
"Neg",43505,"[M-H]-",12.511,"PI 18:0_20:4","PI",25684906,41556799,40669811,33305181,20860491,53197778,38273781,29751182,31232075,27062273,39791602,53369419,39179065,32219639,29562554,25693270,27299914,25826269
"Neg",45117,"[M-H]-",15.229,"PI 18:0_22:2","PI",462072,716057,620739,553188,380250,811342,599400,468017,483548,329563,624513,697378,413631,389496,384120,207866,265800,231212
"Neg",44923,"[M-H]-",13.344,"PI 18:0_22:4","PI",1525854,2629492,2452070,2051668,1199643,3216019,2232308,1621075,1881804,1452092,2127259,3125665,1950163,1896111,1523094,1303002,1393439,1365349
"Neg",44819,"[M-H]-",12.496,"PI 18:0_22:5","PI",3433239,5077630,5073039,4118175,2765949,6874088,4842793,3695205,3724050,3433028,4936106,6514350,4498584,3777277,3631802,2803547,2939041,3093114
"Neg",44719,"[M-H]-",12.145,"PI 18:0_22:6","PI",1388754,2009661,1954638,1686158,1116491,2651191,1764324,1535983,1518084,1201486,1935215,2406448,1606707,1342149,1146380,896173,905465,854001
"Neg",42202,"[M-H]-",12.591,"PI 18:1_18:1 (a)","PI",19670274,29352170,30113513,24322376,15654342,41889246,25806811,20882506,21198518,18225923,24858884,33822801,22449816,19965105,16779055,12498117,12794844,12731764
"Neg",42201,"[M-H]-",12.942,"PI 18:1_18:1 (b)","PI",1361642,2147519,1922689,994672,1223167,2647886,1860307,1617679,1604351,1323365,1944921,2076747,1631806,1369820,1179492,978123,1486770,1411138
"Neg",42086,"[M-H]-",11.719,"PI 18:1_18:2 (a)","PI",1015058,1372502,1394887,1216274,735126,2214675,1346579,1116745,1139017,978226,1386658,1931931,1157182,1130346,977793,786594,865082,804392
"Neg",42085,"[M-H]-",11.895,"PI 18:1_18:2 (b)","PI",726962,1307352,1278777,990404,533938,1494443,1163846,706697,776181,805670,1036560,1269865,1183706,818481,495016,489690,359162,520473
"Neg",42996,"[M-H]-",13.158,"PI 18:1_19:1 (a)","PI",765878,1184835,1262309,562949,417975,1644763,663685,783046,843700,624126,924695,1264434,849662,772313,687495,425452,431444,187879
"Neg",42995,"[M-H]-",13.548,"PI 18:1_19:1 (b)","PI",879922,1037122,968095,495996,460065,651379,860191,812506,733989,803598,367585,1057337,1047139,917422,643139,464562,564445,781396
"Neg",43736,"[M-H]-",13.781,"PI 18:1_20:1 (a)","PI",4320574,6541458,6591655,2795696,3591765,5657755,3007667,2546081,4585100,2014307,2881448,4833327,2483765,2344819,2163573,1142321,1042434,1232184
"Neg",43737,"[M-H]-",13.851,"PI 18:1_20:1 (b)","PI",2769989,6541458,6591655,2637543,3471099,3528891,2484285,1824620,1664805,1825952,2753193,2348720,1861613,1559571,1132251,1236948,1269938,1211400
"Neg",43611,"[M-H]-",12.774,"PI 18:1_20:2","PI",1437428,1199999,2103514,1754496,1113128,2716661,1728067,1515913,1442791,611762,1817957,2274833,668327,1256612,1224170,424674,588174,812919
"Neg",43506,"[M-H]-",11.981,"PI 18:1_20:3","PI",1309926,1941343,2063636,1533882,963525,2447701,1816910,1297889,1411819,1262165,1703641,2454565,1794550,1663131,1333847,1025086,1170487,1153485
"Neg",43395,"[M-H]-",11.518,"PI 18:1_20:4","PI",9286368,14426605,13749366,11294113,7414898,18515383,14001748,11998143,10849333,10708918,15339611,20069949,14983896,12958122,10602910,9119274,10258131,9801764
"Neg",43303,"[M-H]-",10.822,"PI 18:1_20:5 (a)","PI",288393,406420,416125,383371,211625,593070,477163,375009,410861,367288,605488,730690,578280,489148,408289,345074,335446,319134
"Neg",43304,"[M-H]-",11.127,"PI 18:1_20:5 (b)","PI",354574,488812,398446,231467,199535,558867,433614,426598,125984,224412,528016,571069,409127,403041,342932,233184,328150,278605
"Neg",45016,"[M-H]-",14.037,"PI 18:1_22:2 (a)","PI",539926,852230,856029,702282,444948,1175622,416717,374745,608148,556522,747574,870912,549724,542580,478409,271084,206975,314022
"Neg",45015,"[M-H]-",14.329,"PI 18:1_22:2 (b)","PI",361002,553857,574670,461135,291231,790789,515314,440626,379622,355068,541412,763654,272668,377532,370042,239602,252194,304505
"Neg",44820,"[M-H]-",12.284,"PI 18:1_22:4","PI",666843,1078504,771856,871177,224443,1214501,382982,869189,765613,626648,911242,1389236,936613,711653,501516,571888,657502,493473
"Neg",44720,"[M-H]-",11.518,"PI 18:1_22:5","PI",1081776,1646623,1450974,1304043,803385,2010210,1495821,1194787,1132043,1128163,1617970,2072749,1473277,1279707,1118252,795147,889488,851715
"Neg",44619,"[M-H]-",11.205,"PI 18:1_22:6","PI",464121,678221,665978,594070,347530,896177,686540,569430,564580,464259,733398,886043,607094,547595,454470,288853,326619,274026
"Neg",44101,"[M-H]-",12.013,"PI 19:1_20:4","PI",412375,595419,311476,486474,244984,587910,557042,186870,461888,377937,586332,728268,540546,522881,399211,331661,429591,303240
"Neg",34454,"[M-H]-",11.546,"PS 16:0_16:1","PS",2181845,3073276,2867527,2805002,1756593,4442279,2972547,2464994,2560099,2095838,2683942,3362395,2180061,1905030,1606847,1085572,1291523,1231774
"Neg",36139,"[M-H]-",12.657,"PS 16:0_18:1 (a)","PS",21601446,30406138,27383857,26038265,17080520,38485987,27633819,22662248,23743567,20615891,25768393,31328977,23015799,20026423,17020545,12267576,13408141,13446039
"Neg",36137,"[M-H]-",13.409,"PS 16:0_18:1 (b)","PS",105853,121565,135705,37372,23662,59233,58988,90276,39398,37877,80930,203421,48930,51963,70752,16310,30272,42733
"Neg",37533,"[M-H]-",11.546,"PS 16:0_20:4 (a)","PS",436326,612692,558083,591037,384760,874169,753385,584208,595235,526374,732103,862571,493205,410279,329743,205747,248563,236296
"Neg",37532,"[M-H]-",12.641,"PS 16:0_20:4 (b)","PS",2387496,2880711,2681128,2748504,2331361,3311567,2526722,1147217,2573124,2416398,2895303,2803677,2361958,2339440,2317102,1616258,954777,2096299
"Neg",39131,"[M-H]-",11.605,"PS 16:0_22:5 (a)","PS",808839,1119647,1051969,1776292,1330896,2521276,1197540,1031363,1822379,1562560,1942996,2290899,1394397,838049,1117004,789619,845225,922406
"Neg",39133,"[M-H]-",12.6,"PS 16:0_22:5 (b)","PS",562,4291,44410,0,2425,45113,0,0,44546,1512,0,0,0,0,0,0,0,46457
"Neg",39000,"[M-H]-",11.223,"PS 16:0_22:6","PS",405134,610798,547492,615471,378639,796899,633394,578695,541677,393471,585298,688729,314827,288582,229691,174896,196269,200802
"Neg",36015,"[M-H]-",11.662,"PS 16:1_18:1","PS",2257571,3267275,2903370,2750865,1772435,3983610,1620015,2463684,2521883,2228573,1382407,3520771,2238221,2124250,1736603,1150350,772393,1238299
"Neg",37007,"[M-H]-",13.259,"PS 17:0_18:1","PS",1640589,2441762,2306518,2139030,1248375,3291365,2319195,1755553,2003705,1709702,2191307,2692049,1920461,1649389,1111510,1114801,1152688,810272
"Neg",37875,"[M-H]-",13.878,"PS 18:0_18:1 (a)","PS",42116191,59751844,52781320,48004251,33232943,67294527,51157935,44998527,45646168,41064548,51047728,61304279,46691916,40326270,35073376,26573362,28659075,29809530
"Neg",37879,"[M-H]-",14.46,"PS 18:0_18:1 (b)","PS",557490,139849,202213,394859,150006,567134,205700,348755,84306,791332,508116,694062,249302,233998,335763,282969,139223,225318
"Neg",37877,"[M-H]-",14.865,"PS 18:0_18:1 (c)","PS",106387,142603,116306,241997,63054,182958,159395,63161,43001,61679,195435,140432,78456,71979,73868,98494,78411,84417
"Neg",39371,"[M-H]-",13.168,"PS 18:0_20:3","PS",4314060,6185843,5129785,5024169,3285671,6922724,5377565,4822474,4754374,3929740,5537712,6332117,4405619,3846444,3259554,2072994,2233742,2309588
"Neg",39885,"[M-H]-",12.96,"PS 18:0_20:3<OH> (a)","OxPS",570191,619226,576740,682054,628951,591338,552475,681325,568668,576937,600946,565742,562846,508629,607355,339868,508306,478951
"Neg",39888,"[M-H]-",12.985,"PS 18:0_20:3<OH> (b)","OxPS",569474,619226,576930,683038,631672,591338,552476,613135,587156,576937,601245,567312,562846,508629,579377,339868,508910,478951
"Neg",39261,"[M-H]-",12.65,"PS 18:0_20:4 (a)","PS",3585310,4913661,4168689,4438650,3083589,6200388,5308252,4347014,4476113,3816979,5160172,6003823,4148816,3536418,2935907,2168125,2367893,2340403
"Neg",39260,"[M-H]-",13.858,"PS 18:0_20:4 (b)","PS",6936686,7989365,7439196,7691101,6624402,8241301,7277907,7727162,7816469,7290473,8301008,8222634,7169410,6971299,6755535,5250931,6111032,6351761
"Neg",39132,"[M-H]-",11.841,"PS 18:0_20:5 (a)","PS",591688,899695,674613,792372,439978,1064237,906093,805960,842812,628102,949796,1052662,615704,489219,404978,159700,352987,356068
"Neg",39129,"[M-H]-",12.806,"PS 18:0_20:5 (b)","PS",1731300,2202371,1908879,1809045,1497382,2362315,1805943,903379,1824557,1642775,1923535,1790919,1691201,1606702,1480983,1086329,1307742,615139
"Neg",41004,"[M-H]-",14.523,"PS 18:0_22:3","PS",224746,398178,447133,393961,243471,564175,505501,301386,385198,264642,248495,533302,206224,289233,191864,37816,141754,136168
"Neg",40892,"[M-H]-",13.5,"PS 18:0_22:4 (a)","PS",1921751,3837937,3510206,3102941,1989425,4309462,1681080,1751573,2927262,1846623,3184298,2470004,2493099,2116944,1591263,1277501,1269782,1435463
"Neg",40889,"[M-H]-",15.155,"PS 18:0_22:4 (b)","PS",505637,521910,254153,579420,485342,368954,553452,540492,543456,554959,693987,571578,210542,522371,512036,366797,436764,465263
"Neg",41248,"[M-H]-",13.15,"PS 18:0_22:4<OH>","OxPS",101311,72927,82239,92138,56702,97397,41827,61072,64642,45080,68961,30731,45624,49553,48989,7739,0,24972
"Neg",40763,"[M-H]-",12.632,"PS 18:0_22:5 (a)","PS",22702751,30345421,27227256,26210544,17936552,34450142,31886409,27285162,27825043,18518258,30532608,36173576,19412747,21055923,14613850,8560685,9841044,9941673
"Neg",40762,"[M-H]-",13.405,"PS 18:0_22:5 (b)","PS",88683,110019,80972,27190,77622,177841,74242,46032,56525,43871,65240,74100,25053,43164,15296,4885,10653,15222
"Neg",40760,"[M-H]-",14.265,"PS 18:0_22:5 (c)","PS",433840,430279,410700,473076,324138,342300,472075,496249,395277,436749,557134,426525,172104,372492,405981,182221,400326,408736
"Neg",40630,"[M-H]-",12.273,"PS 18:0_22:6 (a)","PS",13332965,18789484,15685234,15381910,10125150,19889067,16095609,13834392,14322244,10706093,14106112,16917377,9490294,8143054,6916763,3260634,3815478,3797860
"Neg",40628,"[M-H]-",13.143,"PS 18:0_22:6 (b)","PS",434477,427701,300338,278728,251191,583037,93252,114963,307669,350175,371623,419175,280560,321588,197127,77078,78558,186071
"Neg",37764,"[M-H]-",12.773,"PS 18:1_18:1","PS",17944862,25147681,22066314,20998463,14109532,30061890,22382714,19223526,19578012,16703578,21831429,25811243,18591983,16415307,14098576,9355797,10496309,10469504
"Neg",37647,"[M-H]-",11.862,"PS 18:1_18:2 (a)","PS",724553,584047,643053,438898,266593,926238,578396,346065,699137,431238,649462,497397,596336,366391,385981,241711,202637,166842
"Neg",37648,"[M-H]-",11.99,"PS 18:1_18:2 (b)","PS",377512,1025537,804432,590752,93729,978469,574417,580501,507196,162589,775650,614987,551605,410144,205991,107908,84663,293660
"Neg",37649,"[M-H]-",12.858,"PS 18:1_18:2 (c)","PS",0,0,0,0,0,0,0,0,0,0,0,0,0,0,0,0,0,0
"Neg",39471,"[M-H]-",13.944,"PS 18:1_20:1","PS",3588635,5331059,4646145,4222097,2818841,5673831,4449004,3796533,4109740,3435182,4386293,5404396,3887295,3480591,3007269,2205925,2320354,2402305
"Neg",41122,"[M-H]-",15.276,"PS 18:1_22:1","PS",2448405,3463323,3099105,2688149,1920701,3846671,2923200,2510120,2661241,2279546,3111223,3472591,2745019,2354418,2166334,1475206,1595637,1640503
"Neg",41440,"[M-H]-",15.649,"PS 18:1_22:1<OH>","OxPS",122621,127853,125454,176629,168634,183655,147745,152222,168667,177223,208761,158254,121036,133385,147483,75276,104828,107100
"Neg",41007,"[M-H]-",14.214,"PS 18:1_22:2","PS",325754,289735,231087,130387,151379,260489,290429,223581,162543,109446,306017,395996,289875,165950,96563,65227,26747,140256
"Neg",40629,"[M-H]-",11.629,"PS 18:1_22:5","PS",2303436,3053415,2469742,2805196,1578567,3227885,2565028,2545949,2233781,1697989,2599619,2865992,1695577,1661624,1301363,617082,758211,839273
"Neg",40513,"[M-H]-",11.299,"PS 18:1_22:6 (a)","PS",1311521,1733620,1605075,1619883,1008267,2028848,1689920,1487251,1545066,1143899,1510746,1778389,934200,918289,697665,346582,459995,508285
"Neg",40512,"[M-H]-",12.557,"PS 18:1_22:6 (b)","PS",2736009,2848967,2543796,2890788,2877673,2772042,2939507,2893244,3031841,2814144,3154624,2983566,2734123,2711972,3158252,2313590,2886943,2861583
"Neg",42717,"[M-H]-",16.725,"PS 18:1_24:1","PS",541245,1215380,1029158,905550,488035,1326392,530348,903231,968197,759483,1161428,1303582,906972,783151,714962,352798,461967,537252
"Neg",42601,"[M-H]-",15.454,"PS 18:1_24:2","PS",86232,413767,184133,317062,189502,189071,254902,102960,242704,133730,160071,174558,106776,250626,93828,76070,156089,43826
"Neg",39590,"[M-H]-",15.229,"PS 20:0_18:1","PS",1467347,2704824,2286564,2133896,1527939,1677606,1381742,2026110,2124955,1783390,1321827,2609581,2156831,1691102,1525222,1143828,855342,769208
"Neg",43774,"[M-H]-",13.862,"PS 20:1_24:5","PS",1422761,3394739,1179743,1477070,376116,2150340,1138435,1022339,1458096,1368967,1507059,3466359,1234858,917199,767753,1198107,1179295,236787
"Neg",41248,"[M-H]-",16.753,"PS 22:0_18:1","PS",1379015,2049664,1743981,685700,1037709,1519472,1451940,800378,1570718,1219675,1815180,1981832,1610735,1419334,1258249,610892,1037543,666533
"Neg",42842,"[M-H]-",18.379,"PS 24:0_18:1","PS",733788,1436145,1029608,1111242,259712,731028,1173796,1054974,1129911,424892,1088257,1197546,1062804,901666,835171,263773,542716,431970
"Neg",40737,"[M-H]-",12.372,"PS 38:3<2OH>","OxPS",14702896,15371806,14234749,15715759,15965036,15909487,15158019,15633117,16291432,15762415,16852892,15621786,14780774,14658881,15764347,10871168,12706994,13559592
"Neg",41344,"[M-H]-",14.234,"PS 40:2<oxo>","OxPS",1798796,2057659,1869886,2250113,2051372,2144779,1927025,2243781,2226839,1878721,2265448,1989824,1711751,1872584,1763071,1127179,1435768,1538025
"Pos",39522,"[M+NH4]+",22.025,"TG 14:0_14:0_16:0","TG",1818461,1828478,1872051,1808142,1882336,1815929,1667821,1885282,1653158,1879651,2242068,1810227,1800451,1870689,1653764,1586250,1804293,1846870
"Pos",39345,"[M+NH4]+",21.189,"TG 14:0_14:0_16:1","TG",950921,855833,990009,914730,891299,932304,920265,596173,1009817,963609,1104399,1018054,716097,947120,970047,295097,989228,698331
"Pos",40894,"[M+NH4]+",22.395,"TG 14:0_15:0_16:0","TG",798593,883188,687540,1250347,1148610,821614,1236353,1367965,823100,887404,1028715,1272417,688332,1481409,1200588,1204079,1571102,1395822
"Pos",40700,"[M+NH4]+",21.64,"TG 14:0_15:0_16:1","TG",467452,416370,551795,749563,416820,369470,491251,866394,514528,518744,548005,605935,409321,494173,408658,307562,566047,849022
"Pos",42346,"[M+NH4]+",22.758,"TG 14:0_16:0_16:0","TG",10536170,11707756,11415408,11634778,12093278,11486876,11369014,12514250,11956952,11996035,14003634,12064638,9871970,11292519,10872168,9277178,10896273,11522237
"Pos",42149,"[M+NH4]+",22.063,"TG 14:0_16:0_16:1","TG",5770594,5883213,5704315,6028140,6313958,6108954,6263185,7000272,6529474,6615132,7644927,6528840,5894942,6438082,6588188,5755202,6901740,7278482
"Pos",44841,"[M+NH4]+",22.783,"TG 14:0_16:0_18:1","TG",38734050,43304685,41567011,44118979,45591315,41899420,43313084,48280700,44750316,46460420,54455841,45933021,39363802,43599560,44658235,40625215,48929611,51352499
"Pos",46963,"[M+NH4]+",21.89,"TG 14:0_16:0_20:4","TG",230636,231796,196925,172830,311431,138098,251593,317406,314504,357817,428324,340564,526339,436053,479299,713055,1119641,1105950
"Pos",49500,"[M+NH4]+",21.882,"TG 14:0_16:0_22:5","TG",721885,776001,765868,732737,826891,786397,1048647,1258954,1061312,1678049,1926879,1379195,1869667,1892444,1906257,3177891,3770261,4300920
"Pos",49325,"[M+NH4]+",21.532,"TG 14:0_16:0_22:6","TG",273004,281969,255548,293601,323877,243233,399777,368610,378569,470647,550165,479441,489624,509401,530097,566014,745342,733023
"Pos",41964,"[M+NH4]+",21.25,"TG 14:0_16:1_16:1 (a)","TG",610886,669850,710342,387240,467340,640153,459902,811837,896137,894097,951440,895207,395018,787905,840142,723899,917754,370681
"Pos",41968,"[M+NH4]+",21.332,"TG 14:0_16:1_16:1 (b)","TG",391054,669850,710342,359566,365470,640153,308557,811837,896137,894097,951440,605060,374090,787905,840142,246866,917754,627145
"Pos",44659,"[M+NH4]+",22.099,"TG 14:0_16:1_18:1","TG",9110742,9612905,9419112,9528964,10595190,9611143,9734560,11410992,10765235,10983059,12301809,10761850,9890782,10963550,11257185,10625171,13030154,13395454
"Pos",44441,"[M+NH4]+",21.304,"TG 14:0_16:1_18:2","TG",226802,195079,195918,436397,408636,278562,264173,458944,385319,298377,615792,336940,297020,299105,491784,201372,501260,584068
"Pos",43737,"[M+NH4]+",23.071,"TG 15:0_16:0_16:0","TG",4004348,4549800,4020657,4142385,4439181,4322315,4517663,5007441,4477818,4963768,5631356,4647368,4097151,4812716,4493233,4171629,5309152,5181343
"Pos",43551,"[M+NH4]+",22.437,"TG 15:0_16:0_16:1","TG",2928707,2856423,2695124,3034415,2863040,2916073,2969984,3155020,3056707,3138164,3953606,3242107,2992562,3293963,3214145,3165981,3638296,3798546
"Pos",46253,"[M+NH4]+",23.102,"TG 15:0_16:0_18:1","TG",10366682,11415507,10699716,11075165,11922315,10925808,11267417,13250375,12076379,12799843,15300578,12923645,11489275,12568956,12547240,12830104,15012957,16147234
"Pos",50754,"[M+NH4]+",22.289,"TG 15:0_16:0_22:5","TG",70783,131352,82772,115545,161167,86650,281096,135544,310819,238592,396666,405023,277273,291066,450290,996039,1318531,1379619
"Pos",45052,"[M+NH4]+",23.393,"TG 16:0_16:0_16:0","TG",40536350,45683568,43169091,45150235,47332587,43644333,43564543,48281687,47071832,46980099,52776755,46745021,36532600,40043072,40427396,32713618,38597606,42419753
"Pos",46438,"[M+NH4]+",23.675,"TG 16:0_16:0_17:0","TG",4349471,4816657,4669850,4765184,4630419,4550933,4790075,5149628,4899648,5237207,5801952,5016485,4355741,5006005,4866584,4716567,5340195,5495612
"Pos",47764,"[M+NH4]+",23.959,"TG 16:0_16:0_18:0","TG",28090307,30122450,29980991,30566013,30972175,28771472,30189105,32453652,30688080,31165381,37771426,30821536,25198596,28163105,28290733,25224411,30899395,32575221
"Pos",47560,"[M+NH4]+",23.412,"TG 16:0_16:0_18:1","TG",140121191,158878001,151192616,155493244,165982426,148342609,149061870,173085259,165083429,166761846,191596378,162199316,138455129,149466332,153223209,143399174,171890803,184354497
"Pos",49681,"[M+NH4]+",22.64,"TG 16:0_16:0_20:4","TG",1012100,1177133,1078134,1404834,1126753,1217593,1767329,1723836,1657331,2219350,2388815,1947848,2536573,2577737,2684417,4189711,5238966,5518842
"Pos",49501,"[M+NH4]+",22.066,"TG 16:0_16:0_20:5","TG",254053,314071,230326,216414,335059,153737,324241,498991,468860,449304,520544,673117,751375,809030,883643,1052612,1510226,1339357
"Pos",51817,"[M+NH4]+",22.321,"TG 16:0_16:0_22:6","TG",1906643,2020174,1867736,2066735,2201696,1901007,2514765,2768973,2648165,3189470,3781782,3085285,3162090,3195372,3421062,3532184,4499034,4748527
"Pos",54082,"[M+NH4]+",25.044,"TG 16:0_16:0_23:0","TG",501904,546620,537017,535341,545804,514222,537260,541972,560785,600587,642843,561466,504157,650940,501230,527196,688482,577231
"Pos",55236,"[M+NH4]+",25.21,"TG 16:0_16:0_24:0","TG",1555914,1642991,1665571,1670828,1710943,1567613,1678252,1843895,1630016,1752568,1968097,1655108,1514039,1656018,1668463,1399544,1622799,1604469
"Pos",56279,"[M+NH4]+",25.353,"TG 16:0_16:0_25:0","TG",567874,558920,544245,591580,591221,499528,533819,586542,561192,572683,561214,603347,537008,623910,566361,620085,616761,586660
"Pos",62620,"[M+NH4]+",25.954,"TG 16:0_16:0_32:1","TG",157310,210977,227902,219167,186575,189324,176997,234138,203063,186365,237990,182843,159638,183659,175112,153158,159881,174546
"Pos",44658,"[M+NH4]+",22.288,"TG 16:0_16:1_16:1","TG",510638,504487,504461,545651,559539,536261,555384,515963,568416,580264,621901,510698,552287,557907,499407,514911,604732,764427
"Pos",46067,"[M+NH4]+",22.471,"TG 16:0_16:1_17:1","TG",2898405,2837829,2768419,2990865,3029477,2813653,3093136,3414092,3145607,3466430,4029275,3363657,3275994,3454402,3635328,3752832,4486816,5001636
"Pos",47352,"[M+NH4]+",22.817,"TG 16:0_16:1_18:1","TG",57911273,64712783,61552977,64110693,67103008,60797040,64226106,71884867,66178556,69857583,83676653,69979441,62932281,68467483,71066516,73530719,89462953,93738142
"Pos",46962,"[M+NH4]+",21.519,"TG 16:0_16:1_18:3","TG",441493,510447,350791,264905,650423,328426,372460,591439,562623,634965,787074,578703,513250,745999,589337,320486,1169814,1180812
"Pos",51818,"[M+NH4]+",21.9,"TG 16:0_16:1_22:5","TG",1290655,1368702,1321361,1418072,1549056,1340520,1889533,2097952,1684646,2752987,2769588,2635300,2929617,3056370,3485251,4594855,5437108,6278904
"Pos",51635,"[M+NH4]+",21.569,"TG 16:0_16:1_22:6","TG",715547,835845,790050,896077,981475,842560,1072173,1304097,1198428,1452277,1704187,1452753,1536395,1625130,1689780,1930691,2507663,2605758
"Pos",48918,"[M+NH4]+",23.696,"TG 16:0_17:0_18:1","TG",11880345,13073760,12270953,12741801,13867630,12313556,11195967,14270508,13670054,14451299,16548532,13835153,12507254,13699715,12182030,14590878,14779160,18328565
"Pos",53234,"[M+NH4]+",22.952,"TG 16:0_17:0_22:5","TG",149024,258431,293358,135665,371327,160340,387717,450363,457583,657798,682279,482236,489264,990863,541856,975092,1227860,1364820
"Pos",48712,"[M+NH4]+",23.119,"TG 16:0_17:1_18:1","TG",12793505,13936778,12719469,13831251,14706917,13323017,14047884,16219402,15361377,16088176,19016688,15990544,14978695,16228212,16496157,18449927,22342410,23060872
"Pos",53062,"[M+NH4]+",22.286,"TG 16:0_17:1_22:5","TG",197721,315869,275382,267853,373586,277468,466431,522054,422235,662230,742285,616293,729595,810003,892806,1451321,1932612,1949389
"Pos",50410,"[M+NH4]+",24.442,"TG 16:0_18:0_18:0","TG",7517862,8086083,8010263,8013397,8702723,7681433,8104398,8543619,8207380,8566388,11537062,8113374,7309664,7794066,7972138,7523561,9184037,9403812
"Pos",50217,"[M+NH4]+",23.971,"TG 16:0_18:0_18:1","TG",72379584,77278925,75962229,77171116,80327192,71813534,78266366,85109402,81985109,82609834,99019689,82341644,71150895,77421350,79990455,82805522,100512185,106763560
"Pos",51454,"[M+NH4]+",24.203,"TG 16:0_18:0_19:1","TG",4484368,4800862,4846356,4748791,4962430,4452961,4685459,5416706,4967826,5352933,5975215,5232968,4781854,5063284,5169586,5510768,6495300,7043256
"Pos",52878,"[M+NH4]+",24.854,"TG 16:0_18:0_20:0","TG",1870175,2001221,2122801,2094921,2176431,2040690,2028126,2227284,2183615,2228794,3396135,2036662,1866076,2188200,2024438,1852239,2149929,2202554
"Pos",52670,"[M+NH4]+",24.451,"TG 16:0_18:0_20:1","TG",14979871,16166708,15804608,16025963,17228142,15343419,16141118,18081062,16906925,17577247,20672384,16652278,15304238,16205467,16845497,17240886,20967844,21633971
"Pos",55038,"[M+NH4]+",24.854,"TG 16:0_18:0_22:1","TG",4671297,5107492,5068410,5140935,5317730,4912851,5163107,5699178,5502221,5544320,6572969,5474477,4841847,5216525,5254492,4905491,5618242,6150969
"Pos",54388,"[M+NH4]+",23.23,"TG 16:0_18:0_22:5","TG",2857689,3294344,2529474,3478610,3207316,1392954,3851745,3744999,3613351,4815190,4029586,4317616,4821214,5839541,6031898,4281637,5219296,37733981
"Pos",54224,"[M+NH4]+",23.008,"TG 16:0_18:0_22:6","TG",1385328,1601987,1334990,1403631,1542781,1403370,1672996,2070341,1833475,2294082,2595509,2130008,2187081,2393926,2463200,2817593,3580156,3838423
"Pos",57329,"[M+NH4]+",25.498,"TG 16:0_18:0_24:0","TG",1058140,1104352,1172787,1142898,1178740,1114808,1164063,1267645,1191006,1251225,1356293,1158825,1072443,1215194,1081418,1001953,1146065,1149806
"Pos",59366,"[M+NH4]+",25.741,"TG 16:0_18:0_26:0","TG",381274,349138,367675,379136,373517,370320,380357,388127,388211,378653,467404,372676,372078,384719,363094,312384,356996,378561
"Pos",50031,"[M+NH4]+",23.43,"TG 16:0_18:1_18:1","TG",172685533,193671570,184714803,186328900,200773883,177032139,183469400,211707973,201531326,208753603,241199803,203620520,183365189,196154936,203853194,225151781,272206346,288691879
"Pos",49851,"[M+NH4]+",22.855,"TG 16:0_18:1_18:2","TG",41242727,45099876,42397042,44007122,47210275,41810559,46019525,51236489,47075611,50887441,59528509,50427775,47949870,52436997,54478937,64131421,78392076,83078478
"Pos",51252,"[M+NH4]+",23.708,"TG 16:0_18:1_19:1","TG",13115972,14548875,13720977,14004623,15090420,13503886,14258853,16212767,15153490,15938215,18568436,15470616,14605876,15748849,16502036,18802625,22265188,23546473
"Pos",52472,"[M+NH4]+",23.982,"TG 16:0_18:1_20:1","TG",65933389,70272733,68834991,69398933,72756159,65333594,70638930,78498532,74874451,77296899,92067217,76130510,68800286,74060079,77916386,87410445,106710127,113146565
"Pos",51982,"[M+NH4]+",22.617,"TG 16:0_18:1_20:4","TG",4961195,5140234,4885075,5551591,5676832,5168242,6592413,7190833,6658628,8972450,10637547,8972427,11297135,11379224,12078607,20500654,26100660,26678714
"Pos",51816,"[M+NH4]+",22.09,"TG 16:0_18:1_20:5","TG",568479,699402,544134,732452,512074,779007,923095,505334,1004534,1180961,1507417,1264825,1973044,1749695,1800769,3675415,4952059,4776163
"Pos",53406,"[M+NH4]+",23.339,"TG 16:0_18:1_21:3","TG",630653,1423615,696762,1262634,603426,1282965,965325,764900,1165123,795115,1106891,1170727,2061850,1216610,2258351,2042750,2608887,2061399
"Pos",54389,"[M+NH4]+",23.081,"TG 16:0_18:1_22:4","TG",2461627,5048438,2964532,4255015,2320018,2237831,5406102,7242219,3004600,7566249,8396233,7529756,9896082,9900432,10103440,28944399,36459301,37733981
"Pos",54226,"[M+NH4]+",22.624,"TG 16:0_18:1_22:5","TG",7001843,7481877,6720979,7520417,8032640,6924663,9163601,10447965,9650330,12617189,14777398,12129870,14895223,15810295,16714023,27381588,34934004,36353438
"Pos",54064,"[M+NH4]+",22.345,"TG 16:0_18:1_22:6","TG",4082000,4609497,4067131,4554543,4752706,4128952,5570649,6219837,5656091,7106487,8521014,6868731,7251839,7560694,8244213,10230289,12644916,13119309
"Pos",57017,"[M+NH4]+",24.855,"TG 16:0_18:1_24:1","TG",6295339,6888235,6848317,7046452,7185474,6909639,6910631,7864565,7701657,7912177,9235600,7547428,6973837,7365366,7713203,7377602,8746669,9303503
"Pos",58070,"[M+NH4]+",25.031,"TG 16:0_18:1_25:1","TG",798518,812310,894034,832654,896188,828866,900992,960738,921469,958753,1089107,911623,851422,929360,922061,921112,1077451,1151619
"Pos",59077,"[M+NH4]+",25.199,"TG 16:0_18:1_26:1","TG",4223772,4835363,4539928,4777088,4972473,4415440,4774968,5433936,4837794,5123374,6065092,5136602,4768176,4874874,5101693,4909097,5841393,6065558
"Pos",62547,"[M+NH4]+",25.729,"TG 16:0_18:1_30:1","TG",594835,588973,587994,631521,641972,633812,606819,664207,680595,630128,788078,640692,575969,572654,579304,514386,605601,678049
"Pos",63819,"[M+NH4]+",25.948,"TG 16:0_18:1_32:1","TG",290149,258968,287524,313437,326956,307631,304329,332634,289794,319665,365527,287642,240151,261670,275618,234107,250892,260115
"Pos",49502,"[M+NH4]+",21.622,"TG 16:0_18:2_18:3","TG",420109,422505,502989,543523,579752,488593,321616,335979,561406,582745,667445,613517,605326,620460,568254,662202,763979,840702
"Pos",60019,"[M+NH4]+",25.346,"TG 16:0_19:1_26:1","TG",444769,519225,507068,543914,498703,530366,462214,563206,509479,535925,598624,538955,435463,535016,529644,517180,564190,627990
"Pos",60911,"[M+NH4]+",25.484,"TG 16:0_20:1_26:1","TG",1678618,1814261,1847009,1840454,1954924,1740729,1840631,2068415,1921514,1960213,2216993,1892257,1815574,1856614,1816012,1795685,2068232,2262739
"Pos",55693,"[M+NH4]+",23.824,"TG 16:0_20:2_21:2","TG",382451,402189,375890,515047,218427,454679,451271,890960,489819,302998,356814,581243,555817,693104,711830,697055,295085,1310452
"Pos",55965,"[M+NH4]+",21.73,"TG 16:0_20:4_22:5","TG",177696,237958,229186,207880,241203,202234,387971,416031,411109,633398,591283,619526,883577,947903,908617,1960936,2345486,2488100
"Pos",58060,"[M+NH4]+",22.319,"TG 16:0_22:4_22:5","TG",19019,25293,74239,21773,17479,23886,134769,110891,135979,175886,163370,159514,313701,247942,360468,1929766,2908050,3124648
"Pos",57911,"[M+NH4]+",21.999,"TG 16:0_22:4_22:6","TG",9684,9805,4881,10166,27490,44424,40480,21181,6655,83726,68223,61074,200360,133626,141937,491874,511982,614046
"Pos",57743,"[M+NH4]+",21.382,"TG 16:0_22:5_22:6","TG",67881,126995,85240,122011,136278,103148,187071,234431,211558,336354,417678,305779,443257,474676,523811,842702,946990,1116871
"Pos",57172,"[M+NH4]+",25.213,"TG 16:0_24:0_18:1","TG",3814375,4197859,4299991,4257893,4456415,4115944,4256196,4821123,4338910,4632605,5191659,4463095,3933764,4154185,4325234,3848445,4496337,4793777
"Pos",58218,"[M+NH4]+",25.36,"TG 16:0_25:0_18:1","TG",572418,598676,592519,620484,620487,612501,567761,687432,650811,710604,754159,691206,591286,624016,647786,573177,680704,700963
"Pos",59220,"[M+NH4]+",25.498,"TG 16:0_26:0_18:1","TG",1990444,2114227,2250782,2165238,2269890,2066201,2107604,2338660,2272821,2271287,2625274,2292919,2007365,2194608,2171563,1899358,2296773,2402194
"Pos",44440,"[M+NH4]+",21.412,"TG 16:1_16:1_16:1","TG",147138,132976,336258,436397,152793,172488,203768,458944,191815,96069,615792,122510,162004,162773,437493,729581,722502,561717
"Pos",47146,"[M+NH4]+",22.143,"TG 16:1_16:1_18:1","TG",6851595,7852293,7350005,7669267,8793054,7633665,8128495,9600383,8633110,9109973,10672585,9151606,8668129,9489916,9954131,10534472,12986628,13421882
"Pos",49322,"[M+NH4]+",21.057,"TG 16:1_16:1_20:4","TG",30180,72538,54687,71508,28166,15284,49853,53994,137109,183608,115338,60344,99356,75158,166637,243270,331960,459362
"Pos",48519,"[M+NH4]+",22.512,"TG 16:1_17:1_18:1","TG",2041877,1744632,2122729,2006076,2141484,2133072,1888685,2551878,2398377,2390901,3097887,2670224,2631964,2672365,2813943,3420187,4314791,4703349
"Pos",49682,"[M+NH4]+",22.277,"TG 16:1_18:1_18:2","TG",5784149,5909039,5702348,5756038,6040999,5765188,6047895,6745911,6411557,6897849,8055340,6891591,7175705,7583837,7910411,9718646,11955319,12704760
"Pos",51634,"[M+NH4]+",21.325,"TG 16:1_18:1_20:5","TG",34714,100487,96841,66938,144325,89938,124480,71419,115550,215614,143332,148698,266230,170378,422937,717604,931549,968044
"Pos",54065,"[M+NH4]+",21.949,"TG 16:1_18:1_22:5","TG",724449,915624,735262,1152644,969525,660212,1217037,1255693,1304347,1680627,2631603,2210775,2118786,3095555,2200389,3171477,2962117,4948605
"Pos",53897,"[M+NH4]+",21.61,"TG 16:1_18:1_22:6","TG",679067,813691,700178,746070,909623,714430,1012192,1174612,1065260,1423817,1535553,1366058,1624877,1657626,1690900,2595354,3133648,3311186
"Pos",51072,"[M+NH4]+",23.144,"TG 17:1_18:1_18:1","TG",6444489,7295274,6575302,6870895,7450126,6614540,7380547,8388954,7937939,8588415,9859744,8178210,8081955,8835680,9018086,11377382,13684665,14059336
"Pos",50920,"[M+NH4]+",22.641,"TG 17:1_18:1_18:2","TG",443275,400696,719230,536888,750997,709376,524609,752923,862683,377015,981970,934526,690749,1164110,499444,1679529,1254436,2886275
"Pos",55396,"[M+NH4]+",22.95,"TG 17:1_18:1_22:4","TG",497808,496112,272737,295906,578368,472453,664180,334736,809256,993610,1176176,540474,1272605,1257907,1440920,2404558,3000061,3032743
"Pos",55221,"[M+NH4]+",22.306,"TG 17:1_18:1_22:5","TG",151473,201775,112451,107287,168681,65383,199483,254636,210319,195844,378424,267448,419240,386101,467201,734635,867287,994705
"Pos",57923,"[M+NH4]+",24.662,"TG 17:1_18:1_24:1","TG",513113,556562,567190,527116,550785,507506,573566,672401,609510,666489,787064,661993,626791,627768,675146,713705,864238,916732
"Pos",53739,"[M+NH4]+",24.213,"TG 18:0_18:1_19:1","TG",4036586,4345613,4350501,4121538,4465273,3980189,4246672,5019534,4720829,4907795,5700341,4658511,4416970,4838989,4887922,5363375,6417308,6860670
"Pos",54870,"[M+NH4]+",24.454,"TG 18:0_18:1_20:1","TG",13450951,15049506,14400403,14645263,15845935,14157631,15011614,16848173,15809825,16378694,19334968,15949815,14655688,15549500,16313644,17714112,20595789,21451251
"Pos",56569,"[M+NH4]+",23.699,"TG 18:0_18:1_22:4","TG",2841438,3143906,2790869,2969610,3283897,2664099,3506384,3981160,3678724,4207160,5215813,4209615,5164384,5322670,5558028,9853573,12119163,12616040
"Pos",56424,"[M+NH4]+",23.234,"TG 18:0_18:1_22:5","TG",5687707,6386976,5708040,5813932,6440155,5332577,7192875,8384008,7578211,9562135,11037022,8633693,10672234,11068613,11865342,20137477,25356981,13954412
"Pos",56270,"[M+NH4]+",23.024,"TG 18:0_18:1_22:6","TG",1862170,2161899,1852612,1905833,2108028,1930715,2311474,2793376,2400050,2961829,3523437,2862067,3021827,3326391,3317962,4312734,5326949,5679820
"Pos",61047,"[M+NH4]+",25.737,"TG 18:0_26:0_18:1","TG",604616,583638,631563,645877,675332,648590,584283,679039,690116,659712,806987,621482,564377,588103,597459,530971,617475,626157
"Pos",52320,"[M+NH4]+",23.454,"TG 18:1_18:1_18:1","TG",78078717,87019702,82751785,82780999,90325309,79307480,84265244,95963621,91380264,96311238,109861010,93407119,88506491,93420495,95574234,117532999,143167550,152114784
"Pos",52149,"[M+NH4]+",22.945,"TG 18:1_18:1_18:2","TG",18154909,19548751,17347299,17578622,18983668,16755502,20514592,21273291,19982382,24080927,25841789,23063079,25135163,26474392,27242699,38789402,43676338,49639768
"Pos",53557,"[M+NH4]+",23.723,"TG 18:1_18:1_19:1","TG",5528313,6134284,5633812,5816394,6288416,5519252,5986690,6865398,6366544,6735103,7876691,6609425,6374983,6600344,6977699,8679516,10167364,10789611
"Pos",53405,"[M+NH4]+",23.235,"TG 18:1_18:1_19:2","TG",541807,1423615,571692,1262874,905292,1282965,547187,904784,644817,672164,1102708,800557,2061361,1056930,2228058,1598421,2138384,2515552
"Pos",54707,"[M+NH4]+",23.988,"TG 18:1_18:1_20:1","TG",23874157,25892546,25114335,25631216,26639867,23467944,25931875,28852024,27238330,28334510,33913886,28427959,25792593,27860413,28844392,33571929,40698232,43183278
"Pos",54550,"[M+NH4]+",23.526,"TG 18:1_18:1_20:2","TG",8062518,3662168,3272041,8225738,8961046,7657874,9291236,10674919,9830898,10771714,4749803,10716009,6346176,11937935,12776360,18946217,13514490,9495514
"Pos",56272,"[M+NH4]+",22.645,"TG 18:1_18:1_22:5","TG",3590192,3732383,3583692,3657364,4048271,3467102,4399578,5112327,4820669,5946472,6958241,5897376,7008112,7426529,7817664,13066198,16301942,17071837
"Pos",56097,"[M+NH4]+",22.369,"TG 18:1_18:1_22:6","TG",2294704,2558630,2292184,2497754,2721305,2268543,2951281,3422608,3143303,3875544,4601792,3772540,4311296,4383898,4739370,6771547,8319539,8753392
"Pos",58938,"[M+NH4]+",24.855,"TG 18:1_18:1_24:1","TG",3509480,3877426,3801664,3836004,4077978,3771148,3897311,4474234,4359758,4438661,5271939,4394816,3960682,4345008,4607553,4713837,5542917,5836396
"Pos",58789,"[M+NH4]+",24.493,"TG 18:1_18:1_24:2","TG",1234025,1357743,1238347,1315535,1456234,1230958,1392295,1576051,1491533,1603388,1957283,1535786,1493175,1546478,1766943,2076390,2463651,2517720
"Pos",59897,"[M+NH4]+",25.026,"TG 18:1_18:1_25:1","TG",357770,383822,369030,369099,374871,339312,389559,445857,408417,418034,524118,409739,397364,436394,423011,482249,556725,585844
"Pos",60800,"[M+NH4]+",25.191,"TG 18:1_18:1_26:1","TG",1763587,2055301,1936600,1956522,2139215,1895967,2103636,2387190,2121977,2252159,2615834,2194270,2089214,2228400,2300329,2329052,2771720,2919977
"Pos",60683,"[M+NH4]+",24.871,"TG 18:1_18:1_26:2","TG",644970,770577,736339,779834,785146,703478,760975,908133,812387,928980,1074340,828037,889441,931115,1027701,1111694,1388681,1542190
"Pos",63734,"[M+NH4]+",25.726,"TG 18:1_18:1_30:1","TG",285908,293233,280464,327632,332209,282615,283012,310423,345153,309569,378226,346468,289116,301828,324128,287059,338554,332477
"Pos",64763,"[M+NH4]+",25.939,"TG 18:1_18:1_32:1","TG",154782,174695,156725,156710,183989,166631,83168,204751,178490,181898,242604,195479,144597,139553,143816,134090,149274,167322
"Pos",51981,"[M+NH4]+",22.318,"TG 18:1_18:2_18:2","TG",4342055,4314550,4404989,4359224,4389818,4484831,4689927,5000811,4781580,5280149,5351182,4809903,4747909,5010077,5375758,5707146,6152503,6918272
"Pos",56098,"[M+NH4]+",22.038,"TG 18:1_18:2_22:5","TG",181633,194091,105823,194173,195936,250474,225009,473162,364102,273313,411148,310532,537586,850043,629343,1593217,1703985,2380195
"Pos",55844,"[M+NH4]+",24.226,"TG 18:1_19:1_20:1","TG",1499770,1668586,1624479,1605968,1769540,1504201,1684391,1901441,1758917,1948180,2195789,1841710,1669157,1818093,1869251,2133187,2647260,2757966
"Pos",57323,"[M+NH4]+",22.967,"TG 18:1_19:1_22:5","TG",184075,200815,198966,139597,202451,98396,252354,316415,285777,357396,403281,373490,467205,248729,518017,799028,1048060,1039237
"Pos",56858,"[M+NH4]+",24.463,"TG 18:1_20:1_20:1","TG",6173652,6792537,6442277,6616928,7289315,6288301,6924585,7677318,7190666,7657927,8879423,7363539,6852102,7272417,7689994,8465698,9851356,10290085
"Pos",56719,"[M+NH4]+",24.063,"TG 18:1_20:1_20:2","TG",2943991,3340170,3098162,3054794,3399315,2854611,3390857,3693454,3336512,3837007,4737034,3886716,3875381,4000951,4271253,5357345,6645638,7014416
"Pos",58644,"[M+NH4]+",24.144,"TG 18:1_20:1_22:3","TG",759806,804921,780993,429307,830893,746771,892221,1021415,971315,1159975,1289357,1098506,1170953,1163203,1319626,2023638,2526531,2575960
"Pos",58483,"[M+NH4]+",23.736,"TG 18:1_20:1_22:4","TG",1444650,1669049,1427355,1563852,1670809,846836,1770929,1959110,1893746,2168759,2558389,2095762,2501507,2564567,2822943,4377189,5191826,5442674
"Pos",58351,"[M+NH4]+",23.236,"TG 18:1_20:1_22:5","TG",1625471,1849515,1695350,1014249,1833996,1478469,1959943,2277934,2193218,2692958,3007097,2326517,3101125,3065757,3065915,4856117,5882731,6007974
"Pos",58211,"[M+NH4]+",23.028,"TG 18:1_20:1_22:6","TG",585180,742250,591724,628363,683981,586121,730950,994401,780902,1056848,1178925,1011106,1064074,1143442,1203736,1712756,1970713,2158869
"Pos",62440,"[M+NH4]+",25.475,"TG 18:1_20:1_26:1","TG",606922,612788,659489,611596,701376,622551,675675,770830,708901,710347,813378,748056,632065,690597,707917,684941,764906,866586
"Pos",58210,"[M+NH4]+",22.765,"TG 18:1_20:2_22:5","TG",147064,318331,177933,142903,226954,75529,112860,270238,384918,201593,427618,439244,728583,649845,545714,908459,1226753,1446957
"Pos",58061,"[M+NH4]+",22.184,"TG 18:1_20:3_22:5","TG",72357,39854,31961,26736,84277,65880,69436,108393,54541,109121,44862,149164,218110,270688,332939,470764,271594,285971
"Pos",57912,"[M+NH4]+",21.723,"TG 18:1_20:4_22:5","TG",38638,102669,91232,98889,75562,79248,141608,136531,110263,332470,403583,311301,628757,544960,551588,1273876,1769230,1280901
"Pos",60400,"[M+NH4]+",24.209,"TG 18:1_22:1_22:4","TG",104662,87294,158770,135712,205123,138276,326495,208384,173541,246757,305712,230524,352349,295650,704992,629600,741588,592165
"Pos",60273,"[M+NH4]+",23.779,"TG 18:1_22:1_22:5","TG",461114,318339,526499,246550,322844,393743,680569,633326,455781,605575,485042,747749,599050,448422,476584,803841,913462,1559600
"Pos",60015,"[M+NH4]+",22.882,"TG 18:1_22:4_22:4","TG",21107,19681,23438,28937,46338,7542,20269,72219,31532,97319,165403,37214,141949,166187,53523,495649,1274807,1100084
"Pos",59889,"[M+NH4]+",22.333,"TG 18:1_22:4_22:5","TG",73232,31401,34744,21709,36551,62121,86816,58110,98599,166506,191323,140538,308264,381576,298875,1065379,1236095,1368744
"Pos",59743,"[M+NH4]+",22.043,"TG 18:1_22:4_22:6","TG",21300,6538,22885,9193,38741,5043,41799,56829,65739,107856,51712,85642,189004,163887,184645,499506,632897,700231
"Pos",59742,"[M+NH4]+",21.735,"TG 18:1_22:5_22:5","TG",27986,50812,18381,29388,50281,13803,44818,77265,90953,120048,171328,128061,89308,179368,193204,439756,544323,593800
"Pos",59594,"[M+NH4]+",21.411,"TG 18:1_22:5_22:6","TG",40459,70898,64662,57743,48885,47060,128480,121742,111362,213802,216369,174833,253800,274520,302405,284604,594771,587337
"Pos",60541,"[M+NH4]+",24.577,"TG 18:1_24:1_20:3","TG",215841,236734,166861,290589,215642,239144,335486,219530,375195,251084,207508,330749,247209,233405,410373,665810,525062,1148162
"Pos",51815,"[M+NH4]+",21.622,"TG 18:2_18:2_18:2","TG",1746688,1724704,1708593,1780446,1811078,1719313,1838403,1869212,1988658,1913727,2033356,1878748,1882151,1898999,1963404,2162160,2244026,2324052
"Pos",18807,"[M+NH4]+",10.768,"TG 8:0_8:0_10:0","TG",103171,150871,114711,101417,89897,55537,56018,102194,220110,427224,107592,86293,60366,89687,100459,106002,98586,20532
"Pos",16801,"[M+NH4]+",9.496,"TG 8:0_8:0_8:0 (a)","TG",692478,512926,797122,226873,147407,282220,215450,135751,121481,176326,264034,250326,125079,410119,106326,96090,159636,676571
"Pos",16802,"[M+NH4]+",9.891,"TG 8:0_8:0_8:0 (b)","TG",64626,66153,58012,38560,34951,51005,23911,53977,100906,273659,48719,43950,25182,53814,53594,23693,52606,29739
