"Polarity","Alignment.ID","Adduct.type","Average.Rt.min.","Metabolite.curated","Ontology","Fenton_0h_1","Fenton_0h_2","Fenton_0h_3","Fenton_1min_1","Fenton_1min_2","Fenton_1min_3","Fenton_20min_1","Fenton_20min_2","Fenton_20min_3","Fenton_4h_1","Fenton_4h_2","Fenton_4h_3","Fenton_24h_1","Fenton_24h_2","Fenton_24h_3","Fenton_72h_1","Fenton_72h_2","Fenton_72h_3"
"Neg",61180,"[M-H]-",23.249,"CL 14:0_16:0_16:0_18:1","CL",274746,278053,249638,0,0,0,7697,18941,0,4135,0,0,0,0,0,0,0,0
"Neg",61102,"[M-H]-",22.147,"CL 14:0_16:1_16:1_18:1","CL",540184,440012,413078,0,3230,0,22505,37123,0,0,0,0,0,0,0,3217,5178,0
"Neg",61146,"[M-H]-",22.722,"CL 14:0_18:1_16:0_16:1","CL",363782,413445,376937,0,0,10523,5444,37028,0,0,0,0,0,0,4140,0,0,0
"Neg",62045,"[M-H]-",23.48,"CL 15:0_18:1_16:0_18:1","CL",268809,226640,170096,0,0,0,4203,5613,0,0,0,0,0,0,0,0,0,0
"Neg",61787,"[M-H]-",23.729,"CL 16:0_16:0_16:0_18:1","CL",619469,556205,492161,0,0,3377,20669,23535,0,17165,0,0,3577,0,4845,6964,4002,5699
"Neg",61750,"[M-H]-",23.246,"CL 16:0_16:1_16:0_18:1","CL",1971212,1851092,1696946,0,3861,49010,137340,259509,18218,21220,0,12266,0,0,3406,42018,0,0
"Neg",61702,"[M-H]-",22.73,"CL 16:0_16:1_16:1_18:1 (a)","CL",2112639,2282047,1844304,4507,0,57900,299477,442191,30430,8388,0,0,0,0,4240,30438,5218,0
"Neg",61701,"[M-H]-",22.989,"CL 16:0_16:1_16:1_18:1 (b)","CL",288091,111530,245206,0,0,5133,12360,34096,0,3477,0,0,0,0,0,3362,0,0
"Neg",62002,"[M-H]-",23.002,"CL 16:0_17:1_16:1_18:1","CL",633587,367643,516382,0,0,0,55149,57615,0,0,0,0,0,0,0,0,0,0
"Neg",62336,"[M-H]-",23.712,"CL 16:0_18:1_16:0_18:1 (a)","CL",5294614,4858239,4259549,36892,27708,262568,840487,1184732,97791,210535,4731,139128,0,4021,16007,107793,56144,0
"Neg",62339,"[M-H]-",24.508,"CL 16:0_18:1_16:0_18:1 (b)","CL",20215,52853,18585,3262,0,0,0,4096,0,0,0,0,0,0,0,0,0,0
"Neg",62338,"[M-H]-",24.871,"CL 16:0_18:1_16:0_18:1 (c)","CL",6436,6190,3669,0,0,0,0,0,0,0,0,0,0,0,0,0,0,0
"Neg",62296,"[M-H]-",23.243,"CL 16:0_18:1_16:1_18:1","CL",6052958,5531238,4795403,33782,18265,310446,569962,1139683,169199,105653,0,59230,0,0,0,166671,37494,10366
"Neg",62654,"[M-H]-",23.924,"CL 16:0_18:1_17:0_18:1","CL",275056,220733,89240,0,4107,0,3591,33032,0,3373,0,0,0,0,0,0,0,0
"Neg",62606,"[M-H]-",23.476,"CL 16:0_18:1_17:1_18:1","CL",661890,534772,509321,0,0,0,39552,15108,0,2445,0,3663,0,0,0,0,0,0
"Neg",62989,"[M-H]-",24.146,"CL 16:0_18:1_18:0_18:1","CL",174102,430770,366667,0,0,0,42104,15878,0,0,0,3401,0,0,0,0,3222,0
"Neg",62943,"[M-H]-",23.716,"CL 16:0_18:1_18:1_18:1 (a)","CL",3253783,2195241,2653130,0,4261,43997,422332,709962,39733,29749,0,14099,0,0,0,57398,9283,0
"Neg",62941,"[M-H]-",23.989,"CL 16:0_18:1_18:1_18:1 (b)","CL",97274,84756,84801,3683,0,4129,7191,50453,3687,5093,0,0,0,0,0,0,3791,0
"Neg",62942,"[M-H]-",24.871,"CL 16:0_18:1_18:1_18:1 (c)","CL",8064,404,0,0,0,0,0,0,0,0,0,0,0,0,0,0,0,0
"Neg",62893,"[M-H]-",23.67,"CL 16:0_18:2_18:1_18:1","CL",407627,1430727,320108,0,11037,4137,19729,134273,3481,0,0,3561,0,0,0,6873,0,0
"Neg",61053,"[M-H]-",21.514,"CL 16:1_16:1_16:1_16:1","CL",169506,141972,222584,0,0,0,0,3452,5782,0,4495,0,0,0,0,0,4662,0
"Neg",61655,"[M-H]-",22.166,"CL 16:1_16:1_16:1_18:1","CL",2683240,2492274,2149413,10306,0,48957,276248,443420,60570,2940,0,0,0,0,0,18838,0,0
"Neg",61619,"[M-H]-",21.588,"CL 16:1_16:1_16:1_18:2","CL",407503,448092,217002,0,0,0,19161,15387,6324,0,0,0,0,0,0,0,0,0
"Neg",61957,"[M-H]-",22.471,"CL 16:1_17:1_17:1_17:1","CL",631156,525500,480828,0,0,0,19807,36449,6278,0,0,0,0,0,0,0,0,0
"Neg",62244,"[M-H]-",22.737,"CL 16:1_18:1_16:1_18:1 (a)","CL",7287805,8301426,6648229,96723,63721,264437,1221095,1442511,209300,63100,0,12922,0,3710,4509,145586,6739,0
"Neg",62245,"[M-H]-",22.986,"CL 16:1_18:1_16:1_18:1 (b)","CL",1163875,377505,869335,19036,4526,32073,76876,103378,55146,0,0,4486,0,0,0,0,0,0
"Neg",62243,"[M-H]-",23.724,"CL 16:1_18:1_16:1_18:1 (c)","CL",78231,41598,36854,0,0,4167,0,0,0,0,0,0,0,0,0,0,0,0
"Neg",62207,"[M-H]-",22.226,"CL 16:1_18:1_16:1_18:2 (a)","CL",3378426,3252219,2731370,13306,9287,84434,238454,460568,132452,0,0,0,0,4350,0,0,0,0
"Neg",62206,"[M-H]-",23.248,"CL 16:1_18:1_16:1_18:2 (b)","CL",167473,131477,215417,0,0,0,4444,4714,0,0,0,0,0,0,0,0,0,0
"Neg",62736,"[M-H]-",22.094,"CL 16:1_18:1_16:1_20:4","CL",439747,351245,579139,0,4053,0,4948,16512,0,0,0,0,0,0,0,3285,4750,0
"Neg",62561,"[M-H]-",23.01,"CL 16:1_18:1_17:1_18:1","CL",1910953,1783507,1542372,0,0,14213,221138,248737,9998,2671,0,0,0,0,0,4887,0,0
"Neg",62509,"[M-H]-",22.522,"CL 16:1_18:1_17:1_18:2","CL",573645,587021,441943,0,0,0,19589,46955,0,0,0,0,0,0,0,0,0,0
"Neg",62890,"[M-H]-",23.261,"CL 16:1_18:1_18:1_18:1","CL",9299731,8682857,7817715,109399,96473,224352,1231934,1617769,253223,43753,0,42140,0,0,4252,111864,27549,0
"Neg",62845,"[M-H]-",22.785,"CL 16:1_18:1_18:1_18:2 (a)","CL",9335529,9018143,8213962,36194,41668,328481,1156730,1110961,188327,2701,0,4859,0,0,0,28755,20961,0
"Neg",62844,"[M-H]-",23.159,"CL 16:1_18:1_18:1_18:2 (b)","CL",405079,654654,208084,10428,0,20608,41781,97661,5117,0,0,0,0,0,3875,0,0,0
"Neg",62846,"[M-H]-",23.709,"CL 16:1_18:1_18:1_18:2 (c)","CL",708243,727239,491549,0,0,3543,29844,42826,5118,2435,0,0,0,0,0,3164,0,0
"Neg",62795,"[M-H]-",22.701,"CL 16:1_18:1_18:2_18:2 (a)","CL",693864,156796,286682,0,0,12832,22571,41846,0,0,0,0,0,0,0,0,0,0
"Neg",62796,"[M-H]-",23.24,"CL 16:1_18:1_18:2_18:2 (b)","CL",678192,646280,614507,0,0,0,37925,53750,0,0,0,0,0,0,0,0,0,0
"Neg",63372,"[M-H]-",22.141,"CL 16:1_18:1_18:2_20:4","CL",1074599,860633,779038,0,0,0,4277,6770,6811,0,0,0,0,0,0,0,0,0
"Neg",62173,"[M-H]-",21.681,"CL 16:1_18:2_16:1_18:2 (a)","CL",328905,438237,411878,0,0,0,8173,3983,4698,0,0,0,0,0,0,0,0,0
"Neg",62172,"[M-H]-",22.726,"CL 16:1_18:2_16:1_18:2 (b)","CL",166450,196178,100823,0,0,0,5930,0,0,0,0,4128,0,0,0,0,0,0
"Neg",62692,"[M-H]-",21.521,"CL 16:1_18:2_16:1_20:4","CL",186695,166412,127076,0,0,0,0,4257,0,0,0,0,0,0,0,0,4845,0
"Neg",62797,"[M-H]-",22.304,"CL 16:1_18:2_18:1_18:2","CL",2357016,2142845,1960894,4012,0,58347,125067,170680,21838,0,0,0,0,0,0,0,0,0
"Neg",62735,"[M-H]-",21.779,"CL 16:1_18:2_18:2_18:2","CL",318237,183206,146651,0,0,0,0,0,0,0,0,0,0,0,0,0,0,0
"Neg",63420,"[M-H]-",23.649,"CL 16:1_20:4_18:1_18:1","CL",10479,259632,12844,0,0,0,3515,0,0,0,0,0,0,0,0,0,0,0
"Neg",63371,"[M-H]-",22.784,"CL 16:1_20:4_18:1_18:2","CL",849992,663532,885638,4236,0,9942,53290,32979,0,0,0,0,0,0,0,3428,0,0
"Neg",63228,"[M-H]-",23.49,"CL 17:1_18:1_18:1_18:1","CL",757028,600543,353705,0,0,0,37175,49792,4276,0,0,0,0,0,0,0,0,0
"Neg",63175,"[M-H]-",23.046,"CL 17:1_18:1_18:1_18:2","CL",1148869,1113326,1026947,5302,4472,17397,85008,125791,0,0,0,0,0,0,0,0,0,0
"Neg",63115,"[M-H]-",22.595,"CL 17:1_18:2_18:1_18:2","CL",223662,221117,159388,0,0,0,0,0,0,0,0,0,0,0,0,0,0,0
"Neg",63641,"[M-H]-",24.145,"CL 18:0_18:1_18:1_18:1","CL",105309,141028,128495,0,0,0,0,3232,0,0,0,0,0,0,0,0,0,0
"Neg",63586,"[M-H]-",23.727,"CL 18:1_18:1_18:1_18:1 (a)","CL",1921845,1579989,1702577,9362,10000,22040,155318,342687,19290,2280,0,5112,0,0,0,9378,0,0
"Neg",63585,"[M-H]-",24.871,"CL 18:1_18:1_18:1_18:1 (b)","CL",0,0,0,0,0,0,0,0,0,0,0,0,0,0,0,0,0,0
"Neg",63532,"[M-H]-",23.296,"CL 18:1_18:1_18:1_18:2","CL",4249440,4051953,3707963,9222,4959,149789,458310,580510,43480,0,0,4196,3523,0,0,18918,0,0
"Neg",64204,"[M-H]-",23.378,"CL 18:1_18:1_18:1_20:3","CL",171935,356101,209439,0,0,0,14039,0,0,0,0,0,0,0,0,0,0,0
"Neg",64097,"[M-H]-",22.72,"CL 18:1_18:1_18:2_20:4","CL",280241,405969,278437,0,3559,0,0,8108,0,0,0,0,0,0,0,0,0,0
"Neg",63478,"[M-H]-",22.849,"CL 18:1_18:2_18:1_18:2 (a)","CL",2629099,3921180,2331917,11925,5558,75762,185897,270036,20434,0,0,0,0,0,0,0,0,0
"Neg",63477,"[M-H]-",23.009,"CL 18:1_18:2_18:1_18:2 (b)","CL",1460144,438488,1265796,10996,12735,25036,18942,49302,5845,0,0,0,0,0,0,0,0,0
"Neg",63474,"[M-H]-",23.221,"CL 18:1_18:2_18:1_18:2 (c)","CL",707870,275039,519642,0,0,5326,32698,27279,0,0,0,0,0,0,0,3560,0,0
"Neg",63479,"[M-H]-",23.711,"CL 18:1_18:2_18:1_18:2 (d)","CL",380351,397551,337986,0,0,0,3738,24987,0,0,0,0,0,0,0,0,0,0
"Neg",64153,"[M-H]-",22.968,"CL 18:1_18:2_18:1_20:3 (a)","CL",665814,640819,549856,0,0,0,9307,4736,0,0,0,0,0,0,0,0,0,0
"Neg",64152,"[M-H]-",23.72,"CL 18:1_18:2_18:1_20:3 (b)","CL",136378,134994,163891,0,0,0,0,8400,0,0,0,5308,0,0,0,0,0,0
"Neg",64095,"[M-H]-",23.292,"CL 18:1_18:2_18:1_20:4","CL",239312,482297,387457,0,0,4481,9772,12284,0,0,0,0,0,0,0,3867,0,0
"Neg",63418,"[M-H]-",22.387,"CL 18:1_18:2_18:2_18:2 (a)","CL",939174,835895,653807,0,0,0,26867,6873,4283,0,0,0,0,0,0,0,0,0
"Neg",63419,"[M-H]-",22.512,"CL 18:1_18:2_18:2_18:2 (b)","CL",110809,91874,44284,0,0,4240,4382,19626,4283,0,0,0,0,0,0,0,0,0
"Neg",63417,"[M-H]-",22.692,"CL 18:1_18:2_18:2_18:2 (c)","CL",597416,1064579,593169,0,3426,0,21159,21241,0,0,0,5435,0,0,0,0,0,0
"Neg",63416,"[M-H]-",23.257,"CL 18:1_18:2_18:2_18:2 (d)","CL",937120,530141,966507,0,0,10898,40855,85873,0,0,0,0,0,0,0,3322,4883,0
"Neg",64047,"[M-H]-",22.214,"CL 18:1_18:2_18:2_20:4 (a)","CL",323713,246367,299061,0,0,0,0,0,0,0,0,0,0,0,0,0,0,0
"Neg",64045,"[M-H]-",22.85,"CL 18:1_18:2_18:2_20:4 (b)","CL",394406,348969,268790,0,0,0,6369,3593,0,0,0,0,0,0,0,0,0,0
"Pos",21835,"[M+NH4]+",13.992,"DG 14:0_16:0","DG",4746387,6405873,4548394,2510416,2479408,2192810,1721406,2365262,2485886,1944683,932177,1197687,977655,928550,1271594,1021740,880882,633075
"Pos",23818,"[M+NH4]+",15.303,"DG 16:0_16:0","DG",58330007,55216897,41729784,18625005,17987062,14837435,12371593,17345718,19605139,14933562,7286426,9510681,7707663,7610917,10034534,8410100,6598759,4783283
"Pos",23689,"[M+NH4]+",14.079,"DG 16:0_16:1","DG",25496278,44341768,35772542,13275548,10741360,8743785,8080757,10044005,11803298,3882198,1381971,2244862,1549711,737081,1969686,2327965,1452180,769093
"Pos",24764,"[M+NH4]+",14.768,"DG 16:0_17:1","DG",5941038,5801280,4635245,1738894,1445847,1035274,1140848,1289269,1559116,555271,81297,280918,201416,87571,261410,304850,153687,121533
"Pos",26055,"[M+NH4]+",16.833,"DG 16:0_18:0","DG",27347700,23633919,18785619,8389354,8439555,7119022,5699373,7722605,8889066,6671100,3172448,4231546,3264821,3343832,4385211,3951397,2904115,2198475
"Pos",25882,"[M+NH4]+",15.449,"DG 16:0_18:1","DG",234750811,218046807,167535733,57001385,45451374,35600262,34862101,44795796,53068651,18448283,6142704,10578209,7080252,3481961,9244487,11443427,6899237,3768626
"Pos",26988,"[M+NH4]+",16.174,"DG 16:0_19:1","DG",7819731,7200664,6365441,1679431,1344024,1055749,1185880,1377343,1715121,630544,185363,335558,198436,76748,164274,201314,80337,45609
"Pos",28240,"[M+NH4]+",18.444,"DG 16:0_20:0","DG",1150015,2166449,1747802,499551,417484,999036,956629,1158828,1231242,1053389,491841,436289,846482,888782,391326,869561,798385,774024
"Pos",29647,"[M+NH4]+",13.962,"DG 16:0_22:5","DG",7468736,6786453,5497415,845419,697685,624072,174612,263774,199153,3063,3791,0,0,2875,0,0,0,3266
"Pos",33024,"[M+NH4]+",21.124,"DG 16:0_24:0","DG",1181867,1071917,1011920,456320,434177,390247,352597,544170,511914,314200,39483,200859,128944,89402,189434,183033,135335,36354
"Pos",32844,"[M+NH4]+",19.932,"DG 16:0_24:1","DG",3723152,3519450,2772551,842932,680294,575005,535205,780758,908114,373671,92814,187830,35994,16233,63718,216006,78099,43666
"Pos",35564,"[M+NH4]+",22.073,"DG 16:0_26:0","DG",947288,858320,691367,139485,230202,282167,238460,373629,341163,233291,95037,135560,129468,89842,183039,111355,31364,20874
"Pos",35374,"[M+NH4]+",21.075,"DG 16:0_26:1","DG",2972561,2813695,1350460,631242,548840,339689,279678,365836,532846,181131,27352,43836,19438,5828,43968,44678,14846,24809
"Pos",25721,"[M+NH4]+",14.183,"DG 16:1_18:1","DG",24522690,43151462,33457499,11049362,8055986,6201381,6986295,8334416,9461671,2446059,1260057,1781559,1209588,961862,1414280,1944264,1287134,942578
"Pos",28238,"[M+NH4]+",18.497,"DG 18:0_18:0","DG",1344384,2166449,1747802,659006,770169,999036,956629,1158828,1231242,1053389,354361,563009,846482,888782,496493,869561,798385,774024
"Pos",28101,"[M+NH4]+",16.969,"DG 18:0_18:1","DG",60670507,53602266,43064551,11758290,9564287,7655360,7226559,9266939,11091473,3945318,1344297,2451004,743910,843794,1169015,1715999,1605039,962586
"Pos",30373,"[M+NH4]+",18.526,"DG 18:0_20:1","DG",6286780,5652172,4480666,1117387,896603,683533,694141,940528,766916,399108,85253,172339,146323,20202,180944,177949,75401,23465
"Pos",30207,"[M+NH4]+",17.559,"DG 18:0_20:2","DG",915042,808687,724073,76716,86777,29564,42555,79148,56867,10074,0,6530,4890,7870,9392,9007,13686,0
"Pos",30011,"[M+NH4]+",16.044,"DG 18:0_20:3","DG",5749869,4871409,4198108,445588,261428,231858,76937,90443,185553,3057,0,3770,2572,0,0,3524,3343,0
"Pos",29821,"[M+NH4]+",15.263,"DG 18:0_20:4 (a)","DG",11426884,7299551,5607669,39798,29488,30264,7528,6401,3406,3786,2498,3859,0,0,0,0,0,0
"Pos",29820,"[M+NH4]+",15.383,"DG 18:0_20:4 (b)","DG",4859970,5775325,5792492,576465,511473,462059,206684,96509,151959,0,0,3859,0,4233,0,0,3466,0
"Pos",32125,"[M+NH4]+",15.297,"DG 18:0_22:5 (a)","DG",3913305,3192199,2642496,257933,257614,194788,32873,87259,68996,4784,0,0,0,2969,6060,0,2905,0
"Pos",32122,"[M+NH4]+",15.354,"DG 18:0_22:5 (b)","DG",3913305,3192199,2642496,257933,257614,194788,40114,83584,68996,4132,0,0,0,0,6060,0,2905,0
"Pos",27948,"[M+NH4]+",15.558,"DG 18:1_18:1","DG",107444717,98182414,76723292,20512374,14207560,10898188,13636510,16383025,19635365,4735632,1911348,3006652,2067621,1393954,2502833,3632511,2155566,1413712
"Pos",27768,"[M+NH4]+",14.391,"DG 18:1_18:2 (a)","DG",3399367,3219664,1870373,1705092,1059161,1088850,1264940,1421460,880392,682470,632094,716543,359051,647319,635368,682635,582915,585585
"Pos",27770,"[M+NH4]+",14.486,"DG 18:1_18:2 (b)","DG",1351124,1479839,1948001,1705092,201665,1088850,1264940,1421460,349089,682470,632094,95018,359051,647319,635368,87147,74431,585585
"Pos",29014,"[M+NH4]+",16.285,"DG 18:1_19:1","DG",3735336,3361123,2580810,714061,467175,359378,321448,473376,630033,82117,9628,37022,6296,5888,10602,63307,24002,0
"Pos",30208,"[M+NH4]+",17.049,"DG 18:1_20:1","DG",18545700,16482823,13321185,3089176,2158112,1673538,1979999,2463627,2937229,614257,92908,324126,52655,46756,313481,487401,109881,37235
"Pos",30014,"[M+NH4]+",15.756,"DG 18:1_20:2","DG",1804332,1585646,1406593,301715,222940,78273,147230,58888,207856,3778,3281,0,3540,9046,7580,25274,4691,6805
"Pos",32664,"[M+NH4]+",18.647,"DG 18:1_22:1","DG",3415918,1457417,1556897,596343,366356,158307,246446,409119,534954,40399,6438,8111,0,0,19325,7177,0,0
"Pos",31945,"[M+NH4]+",14.032,"DG 18:1_22:5","DG",1341797,1656499,1173323,323674,80853,98026,109015,105449,151329,4763,10964,3887,0,3626,5027,0,0,0
"Pos",35198,"[M+NH4]+",20.02,"DG 18:1_24:1","DG",2275916,2144209,1583082,524438,346542,246277,137261,372505,509490,71186,3432,7451,7324,0,4039,24271,3157,0
"Pos",37831,"[M+NH4]+",21.13,"DG 18:1_26:1","DG",1067145,993273,789356,228281,145545,78839,24585,156968,243780,0,0,0,0,0,0,0,0,0
"Pos",27603,"[M+NH4]+",13.322,"DG 18:2_18:2","DG",46657731,38231378,42353297,3399977,1824028,1826721,23072941,23202454,21499476,42424887,39490894,38828456,30961182,41302407,32325866,37109300,39377264,29677364
"Neg",4114,"[M-H]-",7.176,"FA 16:0 (a)","FA",28385,25782,85164,41496,22099,43602,66278,72730,126504,302799,139118,173696,63673,349100,271738,295982,203728,203350
"Neg",4116,"[M-H]-",8.023,"FA 16:0 (b)","FA",246708,107984,266715,137303,230507,169293,181121,218498,220665,231824,211543,290949,241250,361484,239714,472894,381108,299695
"Neg",4029,"[M-H]-",7.733,"FA 16:1","FA",0,1200,2705,105928,168150,102450,945857,2883296,1518920,2067792,1129988,1772322,1078420,3035176,2302072,2574280,1609549,1685167
"Neg",5616,"[M-H]-",9.226,"FA 18:0","FA",212489,185520,133310,151089,108552,118954,217794,244410,156359,260402,173199,183053,191101,214587,220821,271678,300081,189812
"Neg",5531,"[M-H]-",8.273,"FA 18:1 (a)","FA",143286,159631,158451,24134,19876,29471,22122,35356,22866,10067,2780,7146,20026,6477,9501,57631,30376,9114
"Neg",5534,"[M-H]-",8.96,"FA 18:1 (b)","FA",3805,5220,4629,21013,27320,38401,370094,754365,480519,716541,484716,736171,483572,1131014,776434,728967,562305,586183
"Pos",15343,"[M+H]+",1.128,"LPC 14:0 (a)","LPC",0,0,0,0,0,0,0,0,0,6213,0,3103,13372,0,15656,4658,0,0
"Pos",15345,"[M+H]+",1.501,"LPC 14:0 (b)","LPC",1789698,1434377,1045039,5266032,3581410,3446951,3280464,5682770,4481562,4916415,3697064,3857032,3927703,4475491,5387555,2399861,3335076,3208258
"Pos",15344,"[M+H]+",1.648,"LPC 14:0 (c)","LPC",5509962,4260903,3165352,399658,248192,784903,1272905,1258773,903641,2362955,334911,1795810,1939500,2371887,3084579,4073766,5071289,4777411
"Pos",17396,"[M+H]+",2.505,"LPC 16:0 (a)","LPC",20450947,16875066,12160524,28755343,19190224,22189481,25047055,40330676,34682939,47705354,26865893,37627661,38182105,46031714,52452036,24281434,33877210,33984354
"Pos",17395,"[M+H]+",2.806,"LPC 16:0 (b)","LPC",106977844,83659762,61911658,13027327,8245360,9985694,15739561,22326037,15527122,35064561,12083818,26181100,26938647,34505059,42156709,43869692,56788174,52531118
"Pos",17242,"[M+H]+",1.691,"LPC 16:1 (a)","LPC",11006471,8888031,6936652,5403366,2185095,1887829,2113518,2023722,2370567,2442008,715496,1379803,1683606,247811,1664394,1346809,1254261,948420
"Pos",17241,"[M+H]+",1.858,"LPC 16:1 (b)","LPC",20581215,14751270,11084063,339946,118906,127072,174944,703023,178164,224321,50604,365611,194435,47609,651969,1679096,1486535,1060037
"Neg",23957,"[M+HCOO]-",0.922,"LPC 16:1<OH> (a)","OxLPC",0,0,0,0,0,4245,131787,393809,108340,400148,341611,344426,603283,862080,706366,806833,580744,1276653
"Neg",23956,"[M+HCOO]-",1.117,"LPC 16:1<OH> (b)","OxLPC",0,0,0,2950,0,0,66298,176426,64780,415233,181841,177938,546311,889199,706449,791957,527584,842339
"Pos",18390,"[M+H]+",3.437,"LPC 17:0 (a)","LPC",1167464,920408,357421,43088,58795,42869,92724,177106,92444,86725,57349,151502,151853,221083,262534,408677,517773,466237
"Pos",18389,"[M+H]+",3.778,"LPC 17:0 (b)","LPC",1335526,1152258,873497,123082,74912,77634,61394,170408,153155,340245,81874,235194,72539,175802,387403,291450,184401,391481
"Pos",18232,"[M+H]+",2.417,"LPC 17:1","LPC",2422343,1843934,1363909,48542,3674,5942,11725,38965,17015,19519,3119,23855,29456,0,45942,162586,66729,85108
"Pos",19395,"[M+H]+",4.552,"LPC 18:0","LPC",2886989,2379970,1680218,89998,45528,83069,104862,169316,104438,237234,75266,136875,81686,129294,301935,216935,158430,288611
"Pos",19245,"[M+H]+",2.853,"LPC 18:1 (a)","LPC",49649519,41148616,31494010,16665325,6136353,5281791,6062764,8173103,8202293,8204550,2568056,5703868,4684416,1340420,6380366,5129542,4934796,3750085
"Pos",19242,"[M+H]+",3.179,"LPC 18:1 (b)","LPC",107201915,77759917,57276111,2803966,1225234,1402020,2552662,3280215,2801089,3846285,792420,2712476,2609477,746881,3427686,7356895,6227387,4040225
"Neg",25730,"[M+HCOO]-",1.128,"LPC 18:1<OH>","OxLPC",0,0,0,25487,14413,18914,61270,213300,85181,419626,94301,158521,120316,141400,259698,171663,118568,216252
"Neg",25564,"[M+HCOO]-",1.11,"LPC 18:1<oxo>","OxLPC",0,0,0,7001,0,0,18416,27504,18538,380119,95539,175222,714450,350736,814329,1147601,708283,1269396
"Pos",19056,"[M+H]+",2.169,"LPC 18:2","LPC",5328005,3810148,2863148,355713,7993,8330,35875,50261,9946,4594,0,3633,339561,1293,4674,4125,1283,144
"Pos",20231,"[M+H]+",4.26,"LPC 19:1","LPC",1181857,906697,664812,4055,1787,4556,8196,25449,19343,10656,2406,19442,5494,0,23188,20386,21641,11808
"Pos",20931,"[M+H]+",2.615,"LPC 20:3","LPC",1766994,1432697,1019106,13001,9583,4247,13265,76651,7987,0,72875,85103,0,3413,0,89584,80621,86989
"Pos",20814,"[M+H]+",1.923,"LPC 20:4 (a)","LPC",1406623,1335330,1033485,3214533,1464233,1237527,651825,483852,602486,10625,24473,3774,20320,15110,11312,35251,4952,7011
"Pos",20813,"[M+H]+",2.09,"LPC 20:4 (b)","LPC",2489622,1830693,1591638,146029,55004,69900,132891,111803,36863,5537,3098,5963,10594,3530,12170,8959,5144,2814
"Pos",20691,"[M+H]+",1.557,"LPC 20:5","LPC",722281,512040,358628,30009,20765,1732,7184,107564,781,4541,7956,6359,24942,21868,7246,26031,17987,29234
"Pos",22815,"[M+H]+",3.23,"LPC 22:4","LPC",278557,190707,84808,30410,0,1918,0,0,0,0,0,0,0,0,0,0,0,0
"Pos",22692,"[M+H]+",2.311,"LPC 22:5","LPC",2338869,1767639,1353293,103032,30943,13097,12340,11443,41454,0,0,0,0,0,0,2387,0,0
"Pos",22557,"[M+H]+",1.962,"LPC 22:6","LPC",2415482,1891640,1557271,136313,65271,85456,33759,20039,9455,0,2786,0,0,0,0,0,0,0
"Pos",18238,"[M+H]+",3.925,"LPC O-18:1","EtherLPC",14286034,12037761,9550111,140676,93127,29289,107076,170715,217681,126978,19141,177469,174508,5730,172842,459819,408617,140939
"Neg",15096,"[M-H]-",2.079,"LPE 15:0","LPE",20525,14343,17442,0,0,0,0,0,0,0,0,0,0,0,0,0,0,0
"Neg",15995,"[M-H]-",2.457,"LPE 16:0 (a)","LPE",70261,87990,27667,98362,58870,52593,38504,103053,69095,81605,6645,37305,36884,30072,42542,10548,6024,21194
"Neg",15994,"[M-H]-",2.744,"LPE 16:0 (b)","LPE",696150,935140,1221800,57141,21785,20111,32293,123674,37408,91691,9299,37819,28633,81264,75530,134186,59715,153063
"Neg",15885,"[M-H]-",1.818,"LPE 16:1 (a)","LPE",118200,119519,111822,2182,4655,13904,0,0,2848,0,0,0,0,0,3527,3316,0,0
"Neg",15884,"[M-H]-",2.404,"LPE 16:1 (b)","LPE",0,0,0,0,0,0,0,0,1107,0,0,0,0,0,0,0,0,0
"Neg",16943,"[M-H]-",3.671,"LPE 17:0","LPE",44003,51001,21094,0,0,0,0,2693,0,0,0,0,0,0,0,0,0,0
"Neg",16797,"[M-H]-",2.358,"LPE 17:1","LPE",2070,8904,4447,0,0,0,0,0,0,0,0,0,0,0,0,0,0,0
"Neg",18076,"[M-H]-",4.428,"LPE 18:0","LPE",117069,139409,31187,0,0,0,1799,0,0,0,0,0,0,2375,0,0,0,0
"Neg",17891,"[M-H]-",2.81,"LPE 18:1 (a)","LPE",708828,945382,1080121,876752,454765,206371,272921,738381,414893,225003,26199,88483,64360,7394,83386,63317,7867,64027
"Neg",17892,"[M-H]-",3.122,"LPE 18:1 (b)","LPE",1405899,1739107,2314553,80906,32218,10073,48568,52031,55682,7364,1402,10377,14563,9266,12754,111963,10329,39385
"Neg",17730,"[M-H]-",2.123,"LPE 18:2","LPE",41889,65088,53727,1899,0,0,0,3099,0,0,0,0,0,0,3321,0,0,0
"Neg",19749,"[M-H]-",2.575,"LPE 20:3 (a)","LPE",6855,5628,5416,810,0,1578,2362,0,0,0,0,0,0,0,0,0,0,0
"Neg",19747,"[M-H]-",2.686,"LPE 20:3 (b)","LPE",8456,22490,20188,64021,12512,4451,4723,9057,4042,0,0,0,0,0,0,0,0,0
"Neg",19748,"[M-H]-",2.966,"LPE 20:3 (c)","LPE",4777,6039,3248,0,0,0,0,0,0,0,0,0,0,0,0,0,0,0
"Neg",21587,"[M-H]-",1.124,"LPE 20:3<oxo>","OxLPE",0,0,0,11615,0,4475,0,0,0,0,0,0,0,0,199,0,0,0
"Neg",19643,"[M-H]-",1.9,"LPE 20:4 (a)","LPE",754030,1120433,994944,2716959,1664515,817046,432746,564821,422230,0,0,0,0,0,0,0,0,0
"Neg",19644,"[M-H]-",2.055,"LPE 20:4 (b)","LPE",432818,411633,401620,82607,44552,21598,49668,36323,16539,0,0,0,0,0,0,0,0,0
"Neg",19509,"[M-H]-",1.129,"LPE 20:5 (a)","LPE",157278,158441,170628,390374,213406,114968,48691,119334,34182,35901,10469,8556,33858,53302,59988,27154,0,0
"Neg",19510,"[M-H]-",1.521,"LPE 20:5 (b)","LPE",54406,166953,132840,330061,167406,79138,59212,100950,32964,2641,0,0,3042,3901,5395,3519,0,0
"Neg",21512,"[M-H]-",3.176,"LPE 22:4","LPE",33664,28674,5419,5290,11355,2023,1222,4500,0,0,0,0,0,0,0,0,0,0
"Neg",21357,"[M-H]-",2.078,"LPE 22:5 (a)","LPE",381713,541626,743840,2428530,1402296,720009,450023,905351,398296,0,0,0,0,0,0,0,0,0
"Neg",21353,"[M-H]-",2.262,"LPE 22:5 (b)","LPE",310606,359751,376023,60073,188109,24600,50738,34518,12699,0,0,0,0,0,0,0,0,0
"Neg",21358,"[M-H]-",2.703,"LPE 22:5 (c)","LPE",2626,0,19849,1769,0,0,0,0,0,0,0,0,0,0,0,0,0,0
"Neg",23235,"[M-H]-",1.122,"LPE 22:5<OH>","OxLPE",0,0,0,3196,7203,0,0,0,0,0,0,0,0,0,0,0,0,0
"Neg",21185,"[M-H]-",1.808,"LPE 22:6 (a)","LPE",528607,802747,770694,4079271,2113090,1168253,633970,1077025,449593,0,0,0,0,0,0,0,0,0
"Neg",21184,"[M-H]-",1.93,"LPE 22:6 (b)","LPE",319234,320451,119251,127389,100946,42797,45161,50848,4835,0,0,0,0,0,0,0,0,0
"Neg",23155,"[M-H]-",3.676,"LPE 24:5","LPE",0,0,0,0,0,0,0,0,0,0,0,0,0,0,0,0,0,0
"Pos",13278,"[M+H]+",3.307,"LPE P-16:0","EtherLPE",16250789,12299401,8641077,1771,2545,3905,16289,2023,37772,112337,50580,67270,263985,98068,211583,169964,144059,119829
"Pos",14267,"[M+H]+",4.503,"LPE P-17:0","EtherLPE",288590,520074,341908,725180,644497,818809,1014991,1134269,971783,23387,104490,91306,67916,56876,57074,42074,58688,49824
"Pos",15221,"[M+H]+",6.161,"LPE P-18:0","EtherLPE",6620769,5230562,3786071,0,12620,4823,0,75,2981,0,0,0,5066,5527,5456,1929,2413,3169
"Pos",15066,"[M+H]+",3.724,"LPE P-18:1","EtherLPE",3417805,2612849,1807108,0,0,0,0,0,0,0,0,0,0,0,0,0,0,0
"Pos",17251,"[M+H]+",8.651,"LPE P-20:0","EtherLPE",6759436,6131555,4824084,292627,173883,192366,110903,148554,155340,28524,5883,14253,6543,4217,0,14684,15564,7307
"Pos",18244,"[M+H]+",9.268,"LPE P-21:0","EtherLPE",315856,265354,228488,0,0,0,0,0,0,0,4579,0,5310,0,5099,0,0,0
"Pos",19252,"[M+H]+",9.849,"LPE P-22:0","EtherLPE",725547,659687,470105,12138,3271,0,0,9399,0,0,0,0,0,0,0,0,0,0
"Pos",31006,"[M+H]+",10.281,"PC 12:0_16:1","PC",3097523,2881916,2042423,403182,213552,210851,422886,521211,579295,445951,114466,169880,93802,260735,600400,210584,253970,88244
"Pos",31191,"[M+H]+",11.163,"PC 14:0_14:0","PC",169054829,145413313,102457371,18810641,18052881,16768026,17301128,23841947,24860866,22283686,10254620,15169688,9329630,11700285,14671116,10427661,9347247,7731758
"Pos",33724,"[M+H]+",12.288,"PC 14:0_16:0","PC",2026916133,1820649933,1439808755,239883162,216988680,212376734,203282623,293621099,312297697,242809103,120851541,178438955,102504869,136713816,163793540,124995794,102802606,92401822
"Pos",33553,"[M+H]+",11.287,"PC 14:0_16:1","PC",397104859,351685578,253888058,45339842,29686648,25585943,33446601,40112222,46916144,16390987,5308650,11159732,3775549,2152592,7031530,8194371,4298169,2729674
"Pos",35704,"[M+H]+",10.729,"PC 14:0_18:3","PC",9112442,7510465,5397197,1264454,124210,136030,844677,952311,1129645,12675,4600,192414,64806,126383,156271,58179,63435,37006
"Pos",38158,"[M+H]+",11.249,"PC 14:0_20:4","PC",10604481,9371916,6660608,1151916,781245,747976,397570,276553,148729,9762,0,21767,5043,0,11381,15895,12547,0
"Pos",37948,"[M+H]+",10.551,"PC 14:0_20:5","PC",3394375,2856927,2362027,294435,38199,35717,74069,20246,13049,0,0,0,4276,0,0,0,3710,0
"Pos",40471,"[M+H]+",10.964,"PC 14:0_22:6","PC",11998591,10660796,7372095,953690,462888,383550,241620,72467,122692,0,0,0,0,0,0,0,3824,0
"Pos",34980,"[M+H]+",12.683,"PC 15:0_16:0 (a)","PC",85455812,73981831,59161049,7509043,6535134,6053723,6232611,8836185,9337268,6467187,3526641,4564357,2857526,3562420,4425802,3230433,2536124,2418813
"Pos",34979,"[M+H]+",12.894,"PC 15:0_16:0 (b)","PC",265329930,230577803,176626566,32425782,29326567,29596275,27201016,38155049,40227109,36073865,19396175,27392735,16964766,22668775,25705038,19969251,15913851,15352025
"Pos",34790,"[M+H]+",11.838,"PC 15:0_16:1","PC",133363855,121038124,87860187,15970107,10444407,9367150,10925538,12660087,15512899,5004250,1675367,3424727,692547,581140,2081603,2544051,1245715,726889
"Pos",36259,"[M+H]+",13.501,"PC 16:0_16:0 (a)","PC",3966240099,3575311091,2920138667,587202401,502191324,488552698,508674400,749816970,798144654,600370898,300251310,451216287,247518365,354184676,396014431,315039154,243454126,221773615
"Pos",36269,"[M+H]+",14.453,"PC 16:0_16:0 (b)","PC",4884221,4770378,3149476,1611781,2128986,969854,750316,1287511,699428,939443,791569,550522,1452991,508210,1739531,692390,519042,358062
"Pos",36063,"[M+H]+",12.382,"PC 16:0_16:1 (a)","PC",9581187436,8603462944,6819060182,1079405086,663301600,552932199,685789460,857469514,1083356834,286262403,90083423,205122284,57791273,32242818,113877164,145324700,66458407,42326332
"Pos",36073,"[M+H]+",13.648,"PC 16:0_16:1 (b)","PC",3319203,5830638,2289607,1254554,544432,913440,634648,567665,1370746,270128,33330,101093,20456,24341,80936,76933,109475,56960
"Neg",38015,"[M+HCOO]-",9.546,"PC 16:0_16:1<OH> (a)","OxPC",68411,17116,46206,15431,9865,39818,489362,684254,926514,1753275,1212031,1408088,956068,495434,1934161,1032545,1533143,905043
"Neg",38013,"[M+HCOO]-",9.972,"PC 16:0_16:1<OH> (b)","OxPC",5940,23080,6198,5073,16451,36161,309251,573879,467916,858556,632849,966955,547187,674612,698434,357166,520393,398273
"Neg",38014,"[M+HCOO]-",10.188,"PC 16:0_16:1<OH> (c)","OxPC",3493,0,3023,472897,489574,849876,2441941,3529969,3490491,5574573,4170972,6731428,2215549,2440829,4181758,822759,2155874,1534500
"Neg",38016,"[M+HCOO]-",10.532,"PC 16:0_16:1<OH> (d)","OxPC",0,3862,0,72559,63980,85680,334821,436221,376654,766438,642285,889766,315866,442908,604014,241945,352290,309114
"Neg",38012,"[M+HCOO]-",11.055,"PC 16:0_16:1<OH> (e)","OxPC",6562,0,0,4719,5045,6205,197718,343032,285817,519142,588927,682638,386537,656301,543927,320828,463331,467062
"Neg",38011,"[M+HCOO]-",12.406,"PC 16:0_16:1<OH> (f)","OxPC",656267,872250,709507,184146,72383,75447,86362,98420,95586,15562,7374,4824,12579,7721,5029,0,0,4516
"Neg",38918,"[M+HCOO]-",9.534,"PC 16:0_16:1<OOH>","OxPC",0,0,0,437031,211953,331404,2082780,3545304,3879988,2364744,1015018,2755960,45735,30310,51820,4750,7247,3891
"Neg",37901,"[M+HCOO]-",9.448,"PC 16:0_16:1<oxo> (a)","OxPC",0,0,0,36102,23965,33804,374609,671209,555554,1003477,814351,1091926,710099,619006,907750,968773,952248,713274
"Neg",37903,"[M+HCOO]-",9.578,"PC 16:0_16:1<oxo> (b)","OxPC",0,0,0,115773,80210,149932,891506,1236553,1329337,2391905,1424889,2363292,1207973,801975,1900348,1627327,1922525,1189776
"Neg",37902,"[M+HCOO]-",9.785,"PC 16:0_16:1<oxo> (c)","OxPC",0,0,0,45527,19254,45579,517707,727100,721129,1369864,846356,1426814,726000,587331,1179166,937978,1075879,780051
"Pos",37645,"[M+H]+",13.94,"PC 16:0_17:0 (a)","PC",154197542,134669425,101168772,16590421,13403673,13691175,13580072,19161058,20858815,15224552,8279087,11950916,6606217,8492519,9725275,8588674,6140768,5854194
"Pos",37643,"[M+H]+",14.192,"PC 16:0_17:0 (b)","PC",72371694,61807998,47478016,7919530,8027299,7461971,6888137,10306197,10482680,9318414,3463226,6278523,4298277,6059112,5115781,4507729,4145061,2905764
"Pos",37430,"[M+H]+",12.998,"PC 16:0_17:1","PC",1309981531,1165771253,903199784,136663181,84444512,72336282,84227135,105710585,128591956,40727367,12886611,28919121,8583985,4868796,16400723,21969599,9842496,6481311
"Pos",38958,"[M+H]+",14.895,"PC 16:0_18:0","PC",605469235,511359509,393287620,69998302,62206590,59270937,59345751,88096550,93698155,75019773,41074802,61020280,34611442,51085657,54199681,43609222,32335528,30252583
"Pos",38747,"[M+H]+",13.586,"PC 16:0_18:1 (a)","PC",22707811011,20853855599,16977349450,3489155570,2035668153,1735904902,2192521794,2800409468,3524199665,950450765,280401349,670326637,165234247,101898790,356415398,484767545,195946524,131965876
"Pos",38762,"[M+H]+",14.988,"PC 16:0_18:1 (b)","PC",20499525,8672734,19345252,3071895,1846480,941830,1477064,2100294,3908736,1158202,350657,1250259,215010,70926,328171,498385,518159,156409
"Pos",38759,"[M+H]+",16.525,"PC 16:0_18:1 (c)","PC",1387185,2129312,1466083,329260,371174,248294,502590,158532,363801,187246,42340,114047,28450,5894,55234,44674,58065,20451
"Pos",38746,"[M+H]+",19.932,"PC 16:0_18:1 (d)","PC",405746,188705,410538,71610,54921,40429,43150,82019,29693,24102,19154,15337,7918,2989,21136,22025,13300,3239
"Neg",39507,"[M+HCOO]-",10.056,"PC 16:0_18:1<OH> (a)","OxPC",161355,150834,153217,62108,38422,34396,458585,755902,849556,1454632,462240,1381098,655616,289901,1348177,860324,1156048,678932
"Neg",39504,"[M+HCOO]-",10.848,"PC 16:0_18:1<OH> (b)","OxPC",486,0,15648,209298,244109,404577,1289207,2468510,2204739,3999884,2906313,4423822,1799662,2069733,3162960,874580,1748662,1539929
"Neg",39503,"[M+HCOO]-",11.09,"PC 16:0_18:1<OH> (c)","OxPC",0,9949,7213,1048791,1046504,1891392,4611866,7392709,7477663,13103795,8775794,14275051,4645014,5389978,8868343,1215489,3808542,3242335
"Neg",40332,"[M+HCOO]-",9.999,"PC 16:0_18:1<OOH> (a)","OxPC",0,0,0,173026,79477,132376,685401,963728,1124508,1226424,559458,1130069,51947,55124,92197,11758,10614,4813
"Neg",40333,"[M+HCOO]-",10.247,"PC 16:0_18:1<OOH> (b)","OxPC",8011,0,0,305230,285985,326977,2202028,3458163,3869255,2665201,1208219,2907934,8354,9773,35447,2557,15395,5507
"Neg",40331,"[M+HCOO]-",10.373,"PC 16:0_18:1<OOH> (c)","OxPC",3559,7118,0,718532,429266,574227,3041712,4335259,5167242,2824329,1197018,3527572,7831,8079,83704,3646,7753,9087
"Neg",39403,"[M+HCOO]-",10.09,"PC 16:0_18:1<oxo> (a)","OxPC",15808,3625,10193,90605,71403,99735,755509,943429,1206747,2019614,1259412,2072335,1102914,898957,1641498,1259062,1241652,804104
"Neg",39402,"[M+HCOO]-",10.237,"PC 16:0_18:1<oxo> (b)","OxPC",12840,4917,3014,306153,225458,317644,1352046,2015852,1952687,3616471,2202572,4219712,1682814,1190005,3195973,2504236,2613015,1873304
"Neg",39405,"[M+HCOO]-",10.424,"PC 16:0_18:1<oxo> (c)","OxPC",30295,9781,14638,445108,323926,540358,1924756,3409000,3961236,5180143,3561220,6687512,3025543,2214726,5286956,3611957,4412916,2824155
"Neg",39401,"[M+HCOO]-",10.657,"PC 16:0_18:1<oxo> (d)","OxPC",4732,0,0,131922,102852,123370,1196926,1731762,2038378,3549679,2042396,3475621,1757252,1199280,3078417,2367403,2443345,1570469
"Neg",39407,"[M+HCOO]-",10.959,"PC 16:0_18:1<oxo> (e)","OxPC",0,0,0,90871,42257,102416,404014,692135,695629,916112,519682,972230,293297,180618,508233,225889,322190,228579
"Pos",38338,"[M+H]+",12.07,"PC 16:0_18:3","PC",33917016,29255617,21087862,3174759,2148937,2129981,1487224,710607,1682374,408055,803682,340061,884892,372806,368846,645498,655302,341494
"Neg",40104,"[M+HCOO]-",9.214,"PC 16:0_18:3<2OH>","OxPC",0,0,0,4792,4125,4340,233872,354240,319028,598414,380120,668217,302728,238399,422256,365362,339717,226884
"Pos",40098,"[M+H]+",14.278,"PC 16:0_19:1","PC",558423095,482876056,352621879,54454261,32476702,29520012,34679569,44672813,55223718,17990703,5785701,15436251,3452303,2451225,8417014,9235903,3991226,2931708
"Pos",41726,"[M+H]+",16.427,"PC 16:0_20:0","PC",16264837,13972525,10643986,2227511,1198543,1031430,1776066,2825488,2810466,2313854,770260,959037,917368,1586208,823761,1406169,365183,818345
"Pos",40862,"[M+H]+",12.148,"PC 16:0_20:4 (a)","PC",23211154,19348387,14710931,4852005,3160349,2543024,1738867,1313087,1526080,121752,18400,30977,11899,34313,50424,113626,55279,30959
"Pos",40860,"[M+H]+",12.333,"PC 16:0_20:4 (b)","PC",525989800,479731021,364488155,43968381,28848613,25738614,11913466,9456805,9398408,23906,6653,17287,20960,21161,22060,53423,10753,16625
"Pos",40654,"[M+H]+",11.55,"PC 16:0_20:5 (a)","PC",143162096,129364674,94529118,15515585,9159644,7981605,4334376,2872354,2628036,0,3160,0,5102,31655,14954,12394,38907,3237
"Pos",40648,"[M+H]+",12.502,"PC 16:0_20:5 (b)","PC",310931237,296187045,300834449,106092575,58026677,46306180,65686163,74829165,96236305,14216333,4511102,9838269,2272287,583655,4622055,7534127,2928659,1675749
"Pos",43703,"[M+H]+",13.184,"PC 16:0_22:4","PC",42775246,52377039,57572859,8701758,5823038,4700043,3157572,1386477,2855453,4619,0,3253,3936,16331,4081,9882,13328,0
"Pos",43519,"[M+H]+",12.368,"PC 16:0_22:5","PC",693519917,630082414,493478211,76225314,39544932,32927782,21028089,16387360,16167365,0,0,0,0,0,0,14816,6835,0
"Pos",43329,"[M+H]+",11.967,"PC 16:0_22:6 (a)","PC",271642147,241166324,174045611,24763043,16949539,14309397,6289588,4146012,3588743,0,4130,0,0,6386,0,0,0,0
"Pos",43325,"[M+H]+",12.717,"PC 16:0_22:6 (b)","PC",77770511,118041871,109382187,24881377,7720995,7385779,7249114,6805095,9587601,86441,35257,90890,3443,0,19352,51834,7808,6455
"Pos",46951,"[M+H]+",18.074,"PC 16:0_24:1 (a)","PC",16188090,14202124,10581070,745322,428125,316716,416922,749963,1136808,270781,99937,270642,15320,19916,83051,205533,20036,15927
"Pos",46953,"[M+H]+",18.147,"PC 16:0_24:1 (b)","PC",16318157,14151183,10700788,367272,435766,339620,783480,749963,1136808,223578,40065,174787,13739,24956,77375,87651,55237,41951
"Neg",30770,"[M-H]-",4.455,"PC 16:0_9:0<COOH> (a)","OxPC",0,0,0,0,0,34477,708287,2452170,149707,4181925,239279,1221797,664926,6869334,6679294,3136649,2079107,3039240
"Neg",30767,"[M-H]-",11.376,"PC 16:0_9:0<COOH> (b)","OxPC",4746,0,0,15300,2876,60565,260892,362845,312291,316916,404223,414963,82451,220925,161627,0,3651,0
"Neg",32409,"[M+HCOO]-",6.195,"PC 16:0_9:0<oxo> (a)","OxPC",54004,55695,57548,221539,259740,260656,139706,249735,127614,230581,179127,114774,231358,238509,313336,178485,124091,169505
"Neg",32408,"[M+HCOO]-",6.392,"PC 16:0_9:0<oxo> (b)","OxPC",64310,93358,122342,491990,237360,573853,396310,492553,300556,564290,323737,340272,479472,390735,539502,246050,243849,341451
"Pos",35869,"[M+H]+",11.392,"PC 16:1_16:1 (a)","PC",439369550,398752390,285806559,49665037,26093644,21040241,31298923,35811127,43772999,8768810,2843617,5889219,1522842,493240,2902102,4772718,1973314,1087273
"Pos",35871,"[M+H]+",12.002,"PC 16:1_16:1 (b)","PC",33883878,31266085,21778150,3503479,2556841,2224003,1854112,1884564,2415327,417511,61729,267230,15092,2884,123581,155495,24983,16797
"Pos",37228,"[M+H]+",11.948,"PC 16:1_17:1","PC",127535262,114320148,77923348,13160076,7331286,6134381,8026723,9014708,10996014,1960651,640977,1282803,279525,130782,639009,1039598,434104,192194
"Pos",38535,"[M+H]+",12.485,"PC 16:1_18:1 (a)","PC",6840567202,5984713500,4684624644,662579906,347331551,278235688,384936490,459271908,575743699,87101977,28335101,60897728,14000066,6152960,28290736,48414497,17651486,10306342
"Pos",38544,"[M+H]+",13.486,"PC 16:1_18:1 (b)","PC",24628990,25900483,22110853,7059569,4192177,1107378,4301347,6682173,8410368,0,0,0,0,0,0,0,0,0
"Neg",40207,"[M+HCOO]-",9.57,"PC 16:1_18:1<OOH> (a)","OxPC",8625,3327,0,59537,11515,34747,897890,1045089,1367839,750277,568776,945083,229173,195160,346075,217170,312938,144057
"Neg",40215,"[M+HCOO]-",9.752,"PC 16:1_18:1<OOH> (b)","OxPC",3624,5292,0,186355,71368,134409,646694,1019016,976771,752364,534952,835792,287133,320236,514272,242637,450229,237828
"Pos",38337,"[M+H]+",11.606,"PC 16:1_18:2 (a)","PC",60514724,53018721,38412365,6539828,1529309,2310014,2491519,3105817,4893479,97875,377003,75767,39496,66988,94613,534829,339747,344442
"Pos",38339,"[M+H]+",11.733,"PC 16:1_18:2 (b)","PC",135566521,125521875,92361290,16055657,13736032,8827823,8044809,10205800,8831949,835480,393261,593311,339253,452059,531341,534829,339747,344442
"Pos",38334,"[M+H]+",13.457,"PC 16:1_18:2 (c)","PC",137668530,137540851,140575435,76036911,76124057,77596937,76591333,107112898,106488249,102749879,53914182,79280789,44975379,63384298,72129602,54552807,43243417,39487956
"Pos",38159,"[M+H]+",10.821,"PC 16:1_18:3","PC",7948898,7096316,5355651,1013904,954493,566003,513448,587090,636321,57815,28820,35877,23937,23441,87040,30583,27364,24208
"Pos",40653,"[M+H]+",11.336,"PC 16:1_20:4","PC",25846071,22227888,16032385,2378233,1086172,934525,683122,443160,347704,4465,4149,5879,5068,28203,7649,18454,1539,19434
"Pos",40470,"[M+H]+",10.653,"PC 16:1_20:5","PC",7320131,6593024,4927054,805551,376883,285873,179788,71616,63237,0,0,0,0,0,0,0,0,0
"Pos",43330,"[M+H]+",11.367,"PC 16:1_22:5","PC",16437575,14526594,10168596,1691788,707646,685930,413106,244184,287960,0,0,5988,3823,0,0,0,5983,0
"Pos",43123,"[M+H]+",11.034,"PC 16:1_22:6","PC",55980628,47468741,32596117,3609632,2030075,1562355,894405,548913,420840,13355,26025,35802,21998,29852,47417,52008,17270,19423
"Pos",40099,"[M+H]+",14.068,"PC 17:0_18:1","PC",115412422,110974682,89781056,14899461,9821903,7416240,8428896,11165142,14049642,3887920,1173903,1127175,731557,154722,551099,2331193,963414,402048
"Pos",39888,"[M+H]+",13.079,"PC 17:1_18:1","PC",808488924,723775018,561124243,78238468,39765507,31881005,45644247,56347856,70764873,12597507,3795019,8179014,1786431,743659,3726823,7025496,2294142,1505456
"Pos",39684,"[M+H]+",12.176,"PC 17:1_18:2","PC",48196193,41824422,19676610,2167729,569376,916158,1144527,722890,696144,7216,4324,5661,0,0,9364,5973,0,0
"Pos",42109,"[M+H]+",11.886,"PC 17:1_20:4","PC",9037212,9304407,6350384,986336,537807,348807,68965,12495,40965,0,4773,0,0,0,1836,0,0,0
"Pos",41485,"[M+H]+",14.982,"PC 18:0_18:1 (a)","PC",2801940796,2365659151,1808715540,295945497,177447596,152505167,183134708,238606024,295981532,91192509,29756983,67381719,17287007,10769541,37058007,52613858,20797697,14725458
"Pos",41491,"[M+H]+",15.894,"PC 18:0_18:1 (b)","PC",9716744,2076745,1569210,451422,540357,360472,574456,875317,957365,294283,43418,223252,38337,43998,137828,186501,43275,52973
"Pos",44232,"[M+H]+",16.492,"PC 18:0_20:1","PC",77684121,65009556,49010922,9201653,5735841,4640712,5935716,7844623,9164006,3293556,494355,1429078,160791,165540,292907,1131573,605375,242777
"Pos",43877,"[M+H]+",14.167,"PC 18:0_20:3 (a)","PC",194961259,167279173,134231251,18914638,10975026,9293306,7703949,8959795,10618039,609903,98148,376681,34623,3464,124535,223700,91335,11279
"Pos",43878,"[M+H]+",14.594,"PC 18:0_20:3 (b)","PC",24375946,21044607,15328014,2433103,1605210,1455137,318982,680068,686013,5178,3384,6906,0,0,10716,0,0,0
"Pos",43702,"[M+H]+",13.534,"PC 18:0_20:4","PC",165220801,151104641,126630136,17938572,10884168,9477316,4407517,1743383,3285745,68275,0,0,0,0,0,0,10676,0
"Pos",43520,"[M+H]+",12.644,"PC 18:0_20:5","PC",108201318,95260885,74185872,2606198,4896184,4031218,643461,484763,1203626,0,0,0,0,0,0,0,4577,0
"Pos",46234,"[M+H]+",13.531,"PC 18:0_22:5","PC",164216635,151996437,127012794,19934441,11936665,10067087,5770466,4352967,4637678,0,0,0,0,0,0,0,0,0
"Pos",46039,"[M+H]+",13.123,"PC 18:0_22:6","PC",132383955,116798824,93878174,9557597,6506207,5202271,2211346,1713837,1471879,3505,0,3788,0,0,0,0,0,0
"Pos",41251,"[M+H]+",13.687,"PC 18:1_18:1 (a)","PC",12287938821,11223759564,8995541710,1633449700,790942213,623360092,971347335,1197758775,1545655826,255453639,73925655,176222067,34371682,15737524,75613752,137737707,46148664,27485289
"Pos",41265,"[M+H]+",14.991,"PC 18:1_18:1 (b)","PC",36477756,5038980,11878793,1188495,503396,434696,885039,1008358,880930,81380,14781,53610,0,0,0,13149,13181,0
"Neg",40864,"[M+HCOO]-",10.92,"PC 18:1_18:1<OH> (a)","OxPC",8697,9195,11031,222852,152181,269690,619202,977890,1060648,1906843,1036514,1900126,529289,395044,1119370,365790,563008,396705
"Neg",40863,"[M+HCOO]-",11.193,"PC 18:1_18:1<OH> (b)","OxPC",0,0,0,712262,445534,791680,1827213,2896466,3337569,4704686,2570386,4974692,1123022,901010,2633444,648623,1164088,789958
"Neg",41640,"[M+HCOO]-",10.077,"PC 18:1_18:1<OOH> (a)","OxPC",11316,0,3252,186910,58239,65572,563551,1080982,1229772,560631,234877,767028,20916,14343,62833,7745,18729,3670
"Neg",41637,"[M+HCOO]-",10.332,"PC 18:1_18:1<OOH> (b)","OxPC",14683,4347,11431,140216,45489,67042,716916,1286916,1372900,662220,268655,613330,7343,10644,11306,0,13153,4100
"Neg",41641,"[M+HCOO]-",10.429,"PC 18:1_18:1<OOH> (c)","OxPC",30410,0,0,286263,111801,183310,1541941,2371152,2684481,1028929,436595,1181117,9767,5791,9459,2251,4640,4100
"Neg",40748,"[M+HCOO]-",10.465,"PC 18:1_18:1<oxo> (a)","OxPC",19618,7118,31781,76706,30802,169126,830665,1329907,1565566,1752425,962926,1716969,662237,281360,1071058,1128906,862008,493858
"Neg",40747,"[M+HCOO]-",10.739,"PC 18:1_18:1<oxo> (b)","OxPC",0,0,0,63930,53736,73770,476684,684593,896734,949964,685690,1134616,418914,317728,736985,821938,654127,406477
"Pos",41066,"[M+H]+",12.692,"PC 18:1_18:2 (a)","PC",1138604017,1437488206,1108783748,93089353,43732028,36233726,41943404,46084013,50703650,960761,369211,782846,134255,53925,384392,864551,192906,99335
"Pos",41067,"[M+H]+",12.867,"PC 18:1_18:2 (b)","PC",522889200,135471369,103407967,47305838,34922649,28152573,24478886,23099457,32709774,1991709,416810,1255332,102897,26976,296631,719279,177429,124948
"Pos",41068,"[M+H]+",13.268,"PC 18:1_18:2 (c)","PC",66693051,62003989,44766642,7061804,4295128,3411354,2517462,2107431,2358818,205978,65040,76237,46084,84117,108753,87282,99349,43330
"Pos",40861,"[M+H]+",11.841,"PC 18:1_18:3","PC",99527963,88908559,66404712,11310783,6670433,5372036,4355441,4233259,4809323,51431,23993,69525,26735,63406,53827,58616,59128,66633
"Pos",42725,"[M+H]+",14.346,"PC 18:1_19:1","PC",357818103,312247679,230846454,34545636,17126631,13962133,20839834,26752118,33263518,6088348,1838554,4299246,818323,347298,1912233,3553902,1154299,677907
"Pos",42522,"[M+H]+",13.273,"PC 18:1_19:2 (a)","PC",43035369,37904736,29538087,4319740,1174291,1820711,1821127,2051313,2500519,4779,0,4365,0,0,0,3775,0,0
"Pos",42521,"[M+H]+",13.478,"PC 18:1_19:2 (b)","PC",52107733,49565454,40961862,6182665,2760702,2324172,1225780,1681864,3700818,45648,0,19552,0,0,10754,23532,0,0
"Pos",44066,"[M+H]+",15.042,"PC 18:1_20:1 (a)","PC",984782921,832074232,618649091,97052672,46743422,37830726,58248558,75761964,94993841,18730570,5776545,13297441,2515160,1139336,5790141,11245654,3603542,2195612
"Pos",44067,"[M+H]+",15.89,"PC 18:1_20:1 (b)","PC",1697375,1474581,2844717,185119,92647,170903,179978,243959,476559,39387,5742,43072,3880,2792,24307,52173,10694,5392
"Pos",43876,"[M+H]+",13.889,"PC 18:1_20:2","PC",245075842,212815068,156908706,21925882,10715998,8578936,10602881,11118618,14521624,317146,67851,178777,28396,3782,100915,314545,36583,15128
"Pos",43704,"[M+H]+",12.979,"PC 18:1_20:3","PC",243960253,217002331,171134480,23014394,11596252,9585460,8123992,7639245,9625390,0,0,19168,0,22392,0,16747,9020,0
"Pos",43328,"[M+H]+",11.63,"PC 18:1_20:5","PC",102649069,94066977,66239466,10033237,5782250,4267134,2829933,1880937,1796086,0,0,0,0,0,0,0,3313,0
"Pos",45430,"[M+H]+",15.775,"PC 18:1_21:1","PC",18045181,6818401,11242394,1807506,638317,361073,1130703,1453246,1599879,284007,24347,121649,0,0,40759,151093,10132,3083
"Pos",46770,"[M+H]+",16.577,"PC 18:1_22:1","PC",59850385,49893983,36928364,6348835,3488113,2670741,4066277,5385000,6381254,820947,238461,393935,38096,9794,137712,870564,89554,37671
"Pos",46601,"[M+H]+",15.333,"PC 18:1_22:2","PC",39547619,34533916,25834458,3370023,1628636,794303,957050,2215596,3184570,62568,11818,45494,4210,0,6283,69381,7010,3351
"Pos",46235,"[M+H]+",13.307,"PC 18:1_22:4","PC",53484487,47550287,35340971,3371809,2905799,2509053,1663467,767301,1520369,0,0,0,0,0,0,4721,0,0
"Pos",46038,"[M+H]+",12.416,"PC 18:1_22:5 (a)","PC",244060754,216125358,168465128,22754240,11774846,9433173,6424021,4787625,5107676,0,0,0,0,0,0,0,5152,0
"Pos",46037,"[M+H]+",12.682,"PC 18:1_22:5 (b)","PC",38085032,25414661,23697517,2699486,1197004,1244438,170660,434893,492228,0,0,3084,0,0,3599,0,0,0
"Pos",45831,"[M+H]+",12.034,"PC 18:1_22:6","PC",237478160,207372389,152916204,19894013,11577139,9397334,5030140,3259073,2933300,0,0,0,0,0,0,4108,0,0
"Pos",49494,"[M+H]+",18.212,"PC 18:1_24:1","PC",22385962,19652382,14713142,1601619,699512,581799,1647370,1100198,1595194,323512,36120,98340,5114,0,38309,137099,26766,9688
"Pos",48691,"[M+H]+",13.424,"PC 18:1_24:5","PC",16297087,15116692,11038251,1415083,577875,384105,492059,289641,187221,6813,0,0,0,0,0,0,0,0
"Pos",51971,"[M+H]+",19.742,"PC 18:1_26:1","PC",9625043,8547654,6414885,994291,371965,156638,214281,793263,1108726,104606,7350,28593,3861,0,17439,24361,4180,4792
"Pos",45629,"[M+H]+",11.184,"PC 18:2_22:6","PC",7821569,10357827,7202692,607136,277626,165026,10982,3952,11886,14844,9770,32872,27542,5352,30542,25804,4121,11489
"Pos",42921,"[M+H]+",15.472,"PC 19:0_18:1 (a)","PC",10449809,3040712,2701690,1247795,317432,612578,242072,670805,1299718,325483,20298,181857,23227,4245,31987,192477,25892,23873
"Pos",42920,"[M+H]+",15.722,"PC 19:0_18:1 (b)","PC",20135360,40599110,22771296,4421069,1090192,1111066,3410044,3475732,4488619,1224015,242949,1039171,24889,47507,355374,320626,78461,59311
"Pos",46414,"[M+H]+",14.285,"PC 20:1_20:3","PC",38047838,31229034,12489911,3263207,1179331,683355,788797,134338,878281,0,0,0,0,0,4503,0,0,0
"Pos",48690,"[M+H]+",13.551,"PC 20:1_22:5","PC",21745042,19091530,17726832,3232773,1242017,836817,200137,211216,238801,0,0,0,0,0,0,0,0,0
"Pos",48487,"[M+H]+",13.173,"PC 20:1_22:6","PC",25506567,21928709,16738111,1707485,867225,703265,401304,203406,107245,0,0,0,0,0,0,0,0,0
"Pos",45407,"[M+H]+",10.575,"PC 20:4_20:5","PC",699972,638800,452425,150170,246103,517029,340744,658713,636476,242416,72059,175711,5273,4404,0,0,4286,0
"Pos",48103,"[M+H]+",11.325,"PC 20:4_22:5","PC",2059809,1823734,2541283,197781,85885,26360,70773,37307,47658,6645,0,4244,0,0,0,0,0,0
"Pos",47904,"[M+H]+",10.998,"PC 20:4_22:6","PC",3216762,2664227,2100596,2844414,2647987,2189496,6368650,10088580,12045902,863795,130911,1197591,63144,58448,55600,12947,24148,38236
"Pos",47712,"[M+H]+",10.309,"PC 20:5_22:6","PC",594937,500112,379950,59804,10509,16248,151817,204659,125639,329463,344114,383134,115644,399019,356821,222491,247920,56230
"Pos",50356,"[M+H]+",11.013,"PC 22:5_22:6","PC",3986316,3255619,2329761,276454,130481,158031,24438,14195,5142,5687,0,9567,0,0,0,0,5220,0
"Pos",50178,"[M+H]+",10.661,"PC 22:6_22:6","PC",753695,694364,527001,70305,46217,45688,0,16831,0,18424,0,0,0,7236,9361,7458,19624,4920
"Pos",49670,"[M+H]+",19.787,"PC 24:0_18:1","PC",11664468,10436447,7885438,1056538,274615,349060,938923,693762,775917,103460,27470,57748,14325,3196,54401,116110,44576,17179
"Neg",39393,"[M-H]-",10.825,"PC 34:2<OOH,COOH>","OxPC",177124,87906,84961,0,0,0,6999,0,5066,3111,0,0,0,0,0,0,137,0
"Neg",41516,"[M+HCOO]-",12.301,"PC 34:4<OH,oxo,OOH>","OxPC",50714,34755,71103,356008,934369,1278231,230880,331307,283177,160547,141168,178093,76297,137656,136199,92882,101051,61560
"Neg",40857,"[M+HCOO]-",14.871,"PC 36:2<OH>","OxPC",332607,287433,258829,5142,8729,10831,5307,4646,11607,4007,0,0,4543,3067,0,0,0,0
"Neg",43332,"[M+HCOO]-",12.674,"PC 37:5<OH,oxo,OOH> (a)","OxPC",0,0,0,1890007,3955015,5042633,600980,656378,659456,17365,16798,30716,0,0,2929,0,6113,8327
"Neg",43333,"[M+HCOO]-",12.891,"PC 37:5<OH,oxo,OOH> (b)","OxPC",10058,9842,8479,4039928,7901166,10592467,1510819,1724990,1743934,280699,186457,342756,37416,38465,129012,114228,86034,33483
"Neg",41917,"[M+HCOO]-",11.721,"PC 37:5<OH,oxo>","OxPC",706536,740857,637880,7194,0,0,0,0,3955,0,0,0,0,0,0,0,0,0
"Pos",29994,"[M+H]+",11.88,"PC O-12:0_16:0","EtherPC",30229279,26679623,18936328,4902629,5442609,5347412,4284277,5765621,7782581,5275148,2586993,3554467,3026117,3027866,3715866,4193612,3131839,2033316
"Pos",32111,"[M+H]+",11.816,"PC O-14:1_16:1 (a)","EtherPC",5846758,1893296,3390320,8467,14549,6164,7258,2815,3953,3306,4750,5590,10027,2794,3626,9302,2967,0
"Pos",32110,"[M+H]+",11.873,"PC O-14:1_16:1 (b)","EtherPC",5846758,1487240,3390320,8467,14549,6164,7258,3641,3953,3093,3064,5590,13896,0,3626,9302,2967,10725
"Pos",34612,"[M+H]+",12.752,"PC O-14:1_18:1","EtherPC",20020245,14766735,12671165,1587114,1230327,496366,749154,529185,620588,10869,3139,14505,17376,16927,4888,32534,8043,2433
"Pos",31195,"[M+H]+",12.447,"PC O-15:0_14:0","EtherPC",17176036,16228345,6392772,3109422,3728523,3761568,875751,2616921,2520698,1508256,460552,1104197,576079,608112,864950,784756,624543,486412
"Pos",32475,"[M+H]+",13.078,"PC O-16:0_14:0","EtherPC",920436615,803597219,632803630,93072543,82510875,75962827,69119844,98362653,102264044,62469003,27674247,46251277,23949404,26836635,39579051,36589084,24446493,20732845
"Pos",32298,"[M+H]+",11.997,"PC O-16:0_14:1","EtherPC",37601555,39266772,28934179,4043073,3330684,2834659,2975270,3044358,3904113,1239942,445250,913257,464167,229433,665921,945769,557595,282529
"Pos",33740,"[M+H]+",13.5,"PC O-16:0_15:0 (a)","EtherPC",29992868,21264746,21355680,1281880,1329097,1128300,870168,3339322,4278886,2430159,853563,1117117,456074,658913,995909,671704,711293,167487
"Pos",33735,"[M+H]+",13.699,"PC O-16:0_15:0 (b)","EtherPC",195064504,182257525,148507854,33585159,29727492,28602004,23625117,30314822,33055745,16279602,7168840,5901531,5279559,6562849,9677269,8929202,5331607,5370153
"Pos",34998,"[M+H]+",14.407,"PC O-16:0_16:0 (a)","EtherPC",4435534533,3902031103,3007972329,468088145,422371980,399701796,360091906,533096553,567522433,316574846,146237851,248700041,118309438,143815380,196460748,175953584,116739700,106736870
"Pos",34997,"[M+H]+",14.482,"PC O-16:0_16:0 (b)","EtherPC",484936507,439850884,3007972329,468088145,422371980,399701796,360091906,533096553,567522433,316574846,146237851,248700041,118309438,143815380,196460748,175953584,116739700,106736870
"Pos",35000,"[M+H]+",15.823,"PC O-16:0_16:0 (c)","EtherPC",3418340,3604157,2939837,1198880,851591,835958,480103,1133702,1033818,511067,166832,257023,72131,215057,280607,193564,146799,149095
"Pos",34799,"[M+H]+",13.191,"PC O-16:0_16:1","EtherPC",3180056450,2778722775,2129706395,294719893,184839667,148842471,185010282,236421377,276414836,74863481,24014931,52267780,15260591,8301016,29882629,40264193,19164599,11768584
"Pos",36277,"[M+H]+",14.924,"PC O-16:0_17:0","EtherPC",75378873,61959980,51683625,8930117,8375861,7027374,5228472,8936623,10013459,5338435,2562211,4216276,1629879,1186881,3410767,2961830,1813213,872225
"Pos",36078,"[M+H]+",13.814,"PC O-16:0_17:1","EtherPC",344410230,303736343,235107099,35033498,21658612,18028446,21102745,26651740,34411834,8656146,1038911,5936756,1636638,681880,3138321,4404136,1661998,1185162
"Pos",37438,"[M+H]+",14.502,"PC O-16:0_18:1 (a)","EtherPC",5904524365,5140906626,3950958667,583492119,353585239,298444235,375364556,497866043,591631695,173943231,57356396,127842998,34463355,20901634,69778838,95554950,40917842,27964857
"Pos",37440,"[M+H]+",14.611,"PC O-16:0_18:1 (b)","EtherPC",429405619,376204732,335689263,588948178,356977186,300838804,375364556,499682442,598069082,175667487,56914476,128942314,34610343,20901634,69778838,95664691,40917842,27964857
"Pos",37239,"[M+H]+",13.42,"PC O-16:0_18:2","EtherPC",856251839,740600117,431708575,72768163,49559691,21158530,48030525,19800299,68617860,858661,1151104,4537064,393049,153763,1966148,3564361,943757,376070
"Pos",37039,"[M+H]+",12.455,"PC O-16:0_18:3 (a)","EtherPC",48468252,41025084,32896185,2041139,2741862,2073211,1372686,1221244,1890426,0,0,5379,0,0,0,0,5732,0
"Pos",37040,"[M+H]+",13.153,"PC O-16:0_18:3 (b)","EtherPC",94794688,67643327,55146623,3772167,0,6024,2295871,3153500,0,960896,0,514842,0,0,4116,0,0,0
"Pos",38548,"[M+H]+",14.303,"PC O-16:0_19:2","EtherPC",24851075,22425775,16134890,1869621,989640,825190,876486,922629,1257194,99161,4944,68212,0,0,13951,35528,6813,0
"Pos",39693,"[M+H]+",13.675,"PC O-16:0_20:3","EtherPC",312648888,283202040,231921494,49103244,23759554,19130124,15037678,16731959,17715585,64829,15725,29234,0,0,9988,74662,20084,0
"Pos",39501,"[M+H]+",12.892,"PC O-16:0_20:4 (a)","EtherPC",60201857,51922846,36051360,5870999,3221009,2587248,2090710,1103491,1938975,307629,135075,77791,188764,68689,60335,384737,108193,317121
"Pos",39500,"[M+H]+",13.101,"PC O-16:0_20:4 (b)","EtherPC",870120201,776734947,600275272,72993739,48299591,39135695,21009248,17153366,18607130,19182,4901,41565,8069,10214,21682,53296,37772,9229
"Pos",39496,"[M+H]+",13.446,"PC O-16:0_20:4 (c)","EtherPC",72520988,63509293,53504163,1033173,635693,523202,196192,269249,295736,10580,7100,7889,4109,14785,4207,7025,5264,9779
"Pos",39495,"[M+H]+",13.847,"PC O-16:0_20:4 (d)","EtherPC",23106581,20541450,14950223,207467,250362,169663,94983,33685,44639,44139,6365,4905,0,9062,4830,0,3460,7351
"Pos",39322,"[M+H]+",12.233,"PC O-16:0_20:5","EtherPC",368240571,326998935,251181867,28692892,19511535,15686282,7652787,5838571,5254487,6747,3310,0,8964,4520,8128,21138,28618,4706
"Pos",42928,"[M+H]+",17.696,"PC O-16:0_22:1","EtherPC",26712263,22267553,43120298,3139642,2109388,1584689,5122183,3260616,7880659,2551358,426344,653354,64848,153640,562623,703068,173090,94069
"Pos",42732,"[M+H]+",16.294,"PC O-16:0_22:2 (a)","EtherPC",103237946,88293208,67110175,13851000,6692992,5720226,8104578,7955467,10370283,1362678,89981,555242,121286,8620,154274,150173,66367,61181
"Pos",42733,"[M+H]+",17.365,"PC O-16:0_22:2 (b)","EtherPC",15727355,13888117,10607405,130597,21927,11424,41496,50584,42349,3462,0,2947,3317,4708,20669,3546,0,6271
"Pos",42327,"[M+H]+",14.083,"PC O-16:0_22:4","EtherPC",118908987,56023385,46891453,11000762,6994232,6160638,1859079,1775224,3642059,4453,0,7138,0,0,2864,3177,0,0
"Pos",42123,"[M+H]+",13.117,"PC O-16:0_22:5","EtherPC",1006017176,903661117,675567575,79563942,47750488,38757264,23066749,18188825,19229743,0,4710,5576,0,4368,0,15723,13790,0
"Pos",41942,"[M+H]+",12.671,"PC O-16:0_22:6","EtherPC",618592027,557960338,413153013,44837145,28391201,22936171,10528084,7588424,6597614,0,0,0,3900,9036,3951,10980,8524,3197
"Pos",45439,"[M+H]+",17.786,"PC O-16:0_24:2","EtherPC",11372670,11809149,3916543,841108,395360,272093,427560,894735,630294,79461,19182,39690,0,0,3523,49446,3331,7861
"Pos",45028,"[M+H]+",15.284,"PC O-16:0_24:4","EtherPC",18172521,17616587,12148558,1081238,999973,711119,372411,196222,517347,0,0,0,0,0,0,0,0,0
"Pos",44816,"[M+H]+",14.186,"PC O-16:0_24:5 (a)","EtherPC",74750958,62034022,48743751,6076398,3811660,2948639,1708333,1474719,1771182,3242,0,0,0,4173,3413,2895,0,0
"Pos",44818,"[M+H]+",15.196,"PC O-16:0_24:5 (b)","EtherPC",6197500,4340984,4698363,127784,29524,7872,27620,3793,0,0,0,0,0,3355,0,0,0,0
"Pos",32296,"[M+H]+",12.889,"PC O-16:1_14:0","EtherPC",201086811,177683911,134889240,1084372,0,0,72946,11617,26328,0,0,5508,0,0,0,5402,0,0
"Pos",34802,"[M+H]+",14.211,"PC O-16:1_16:0","EtherPC",804430306,709062240,529078715,9570657,704603,805787,815970,463802,1193978,106696,27791,126747,1148692,5957,7509,12837,768435,0
"Pos",34614,"[M+H]+",12.185,"PC O-16:1_16:1 (a)","EtherPC",11884725,12444336,8600669,746941,323132,252792,330666,318087,561323,106536,10091,51882,4123,7888,8750,21936,16525,7358
"Pos",34617,"[M+H]+",12.995,"PC O-16:1_16:1 (b)","EtherPC",437738120,382605477,291868859,3249269,0,17754,109666,13028,134687,17010,0,0,13601,0,0,0,0,0
"Pos",35881,"[M+H]+",13.573,"PC O-16:1_17:1","EtherPC",53123716,53077183,23387215,122557,0,0,0,0,0,0,0,0,0,0,0,0,0,0
"Pos",37241,"[M+H]+",14.287,"PC O-16:1_18:1","EtherPC",992386600,867708711,646633126,6344604,211562,22373,536822,475107,688532,83841,2442,11250,0,0,6672,11868,30377,3238
"Pos",39323,"[M+H]+",12.907,"PC O-16:1_20:4","EtherPC",132180586,118676563,90122494,29774995,13643473,14262127,13333178,13693024,12257532,14398957,13508880,13024074,13059859,13803635,13602540,13437706,12977526,13820315
"Pos",39156,"[M+H]+",12.026,"PC O-16:1_20:5","EtherPC",40021722,35361078,25340739,229278,0,4955,4763,2678,3597,5310,0,2824,3270,4422,7958,5501,4145,0
"Pos",42122,"[M+H]+",13.806,"PC O-16:1_22:4","EtherPC",23124158,23428767,26837677,1060635,183479,352188,72825,125269,61380,6292,0,0,0,4291,0,0,5330,3004
"Pos",41704,"[M+H]+",12.447,"PC O-16:1_22:6","EtherPC",108071626,98211068,78665842,793093,0,17823,23925,17100,0,7467,0,0,0,0,0,5853,4977,3888
"Pos",34420,"[M+H]+",11.965,"PC O-16:2_16:1","EtherPC",4541039,3317650,1678262,45084,7902,12860,3615,4124,4078,0,3081,0,0,0,0,0,0,0
"Pos",45221,"[M+H]+",16.709,"PC O-16:2_24:1","EtherPC",1452622,4529743,1070336,567265,105386,127773,81254,167444,132490,4629,0,0,0,0,0,0,0,0
"Pos",36276,"[M+H]+",15.134,"PC O-17:0_16:0","EtherPC",88660192,77781952,53197037,8822751,7628419,7637457,6463984,9954294,10874551,5585872,2848327,5156297,996017,3104083,1395735,1520032,425803,805733
"Pos",38767,"[M+H]+",15.233,"PC O-17:0_18:1","EtherPC",157753374,135541364,86428911,9166731,4578657,8390833,9060598,12206979,13909248,4087405,361858,1254260,334562,263008,1039215,2027376,334968,205162
"Pos",40873,"[M+H]+",13.729,"PC O-17:0_20:4","EtherPC",21795002,18680931,15945767,0,135400,0,0,0,0,0,0,0,0,0,0,0,0,0
"Pos",43342,"[M+H]+",13.287,"PC O-17:0_22:6","EtherPC",14727593,14216396,10832204,512589,559147,275612,121293,67568,31513,0,0,0,0,0,0,0,8506,0
"Pos",36079,"[M+H]+",14.663,"PC O-17:1_16:0 (a)","EtherPC",19146770,17115235,12313777,163708,279642,119861,91807,105089,88139,57394,14331,46609,5809,4181,20296,33398,7450,7131
"Pos",36076,"[M+H]+",14.902,"PC O-17:1_16:0 (b)","EtherPC",20459140,16073595,14279654,141338,136603,87190,66080,133108,53917,16388,18953,15345,6967,0,24234,8031,14193,3931
"Pos",38550,"[M+H]+",14.792,"PC O-17:1_18:1 (a)","EtherPC",10365808,8167550,6309042,53721,4642,33050,11911,39657,4759,4930,0,0,0,0,0,0,0,0
"Pos",38553,"[M+H]+",14.98,"PC O-17:1_18:1 (b)","EtherPC",42237722,36586484,27468681,46978,6427,0,7456,5806,9298,0,0,0,0,0,0,0,0,0
"Pos",37650,"[M+H]+",15.957,"PC O-18:0_16:0","EtherPC",621328073,526410400,385594204,72049744,65665911,63717792,55050204,78518592,84392537,51066863,23397425,39598840,18639808,23695056,33464832,29755549,18503156,17713127
"Pos",40104,"[M+H]+",16.038,"PC O-18:0_18:1 (a)","EtherPC",645846223,543079789,412803966,70094447,42486530,35962368,44592133,58982205,68236268,8556659,6756785,15717133,3766970,2340463,8373004,12702222,4591128,1764646
"Pos",40105,"[M+H]+",17.282,"PC O-18:0_18:1 (b)","EtherPC",2142837,3754691,1227924,135462,94329,111482,112236,64827,233230,53032,14037,41834,7325,25756,24335,73944,10425,4262
"Pos",42530,"[M+H]+",15.121,"PC O-18:0_20:3","EtherPC",95742689,93248091,68331885,9111315,5358029,2166832,3526555,3625442,4125165,12016,0,5141,0,0,3928,12888,4860,0
"Pos",42328,"[M+H]+",14.431,"PC O-18:0_20:4 (a)","EtherPC",216527293,188774428,145602660,19766523,12524857,10498181,5415689,2421813,5247820,0,0,0,0,0,0,6811,0,0
"Pos",42331,"[M+H]+",14.849,"PC O-18:0_20:4 (b)","EtherPC",28732584,24039327,12151458,314917,148989,147448,141770,96437,30639,0,0,0,0,0,0,0,0,0
"Pos",42124,"[M+H]+",13.441,"PC O-18:0_20:5","EtherPC",142165881,123329323,103592779,13971633,9311830,6314746,4277980,868744,732287,0,0,0,0,0,0,0,0,0
"Pos",45438,"[M+H]+",17.88,"PC O-18:0_22:2","EtherPC",10617478,11313175,6521918,337780,484384,212737,304043,202610,373582,63318,12981,25665,7021,0,11444,23413,12351,2824
"Pos",45027,"[M+H]+",15.506,"PC O-18:0_22:4","EtherPC",15110082,12118682,9854224,1155042,349186,737190,184343,363096,266388,0,0,0,0,0,0,0,0,0
"Pos",44815,"[M+H]+",14.399,"PC O-18:0_22:5","EtherPC",166157137,151043540,110402698,15736529,9674845,8271332,4604681,3699292,4005170,22611,5405,12983,4806,4727,6195,9052,4071,0
"Pos",44633,"[M+H]+",13.939,"PC O-18:0_22:6","EtherPC",150731382,130769648,101314583,11519605,6751167,5559285,2670045,1761123,1761194,0,0,0,0,0,0,0,0,0
"Pos",47541,"[M+H]+",15.651,"PC O-18:0_24:5","EtherPC",8201281,7143319,5379275,810184,385392,217321,89897,182910,212211,4410,0,2291,0,2679,2777,3064,2726,3568
"Pos",37442,"[M+H]+",15.677,"PC O-18:1_16:0","EtherPC",70647074,67556413,49426069,3105039,438252,370353,718631,1336877,1793095,376759,184405,184299,211062,69462,143572,414937,144057,69649
"Pos",37240,"[M+H]+",13.272,"PC O-18:1_16:1","EtherPC",103530873,90270109,153674889,17985950,4010415,3064150,4782602,14185320,7124126,6880681,1018974,4537064,529813,270759,1966148,3564361,1458712,755984
"Pos",38554,"[M+H]+",13.968,"PC O-18:1_17:1","EtherPC",73553344,61836592,46795735,6201308,2289013,1482209,2479068,4331608,5380870,522455,112983,309434,30281,0,97107,151044,76735,17313
"Pos",39890,"[M+H]+",14.58,"PC O-18:1_18:1 (a)","EtherPC",1044933893,895097607,682534583,99053731,50765029,40409007,59997887,77534204,94043829,15795300,4800370,11489974,2075620,904224,4645009,8649984,3022557,640961
"Pos",39891,"[M+H]+",15.768,"PC O-18:1_18:1 (b)","EtherPC",159193338,137725663,101048496,1647244,102676,89538,199803,290886,114373,39171,3205,8817,0,2807,0,15289,3416,0
"Pos",39692,"[M+H]+",13.465,"PC O-18:1_18:2","EtherPC",110292042,101378599,74505959,2883335,4455257,3616370,4388454,4074276,4980890,15694,0,18929,0,0,0,25483,21753,0
"Pos",41073,"[M+H]+",14.366,"PC O-18:1_19:2","EtherPC",15784056,20794602,9170773,1997677,705539,691321,566507,419616,924906,4186,0,5094,0,0,4660,0,0,0
"Pos",42731,"[M+H]+",16.061,"PC O-18:1_20:1","EtherPC",26083860,23332643,14032182,820183,411122,330189,515442,2213871,2359270,378293,81687,306495,35156,11632,97742,216604,40752,15550
"Pos",42326,"[M+H]+",13.778,"PC O-18:1_20:3","EtherPC",59963901,102694884,44988630,7045647,2063443,2541491,2134848,1427030,3595425,9583,0,0,0,0,0,5951,0,0
"Pos",42125,"[M+H]+",14.179,"PC O-18:1_20:4","EtherPC",58563900,50667669,38505835,724397,193939,22411,52874,38727,64702,4894,112,3974,0,33914,0,3519,8097,0
"Pos",41943,"[M+H]+",12.285,"PC O-18:1_20:5","EtherPC",152335818,138567445,105634310,11458500,5642121,4450387,2831940,1981563,1945743,8866,0,0,0,5310,5597,0,5324,0
"Pos",45222,"[M+H]+",16.359,"PC O-18:1_22:2 (a)","EtherPC",9331986,4041268,2801303,457134,215167,98233,112937,236348,305523,9186,0,0,0,0,0,4939,0,0
"Pos",45223,"[M+H]+",16.425,"PC O-18:1_22:2 (b)","EtherPC",9331986,1501799,2258091,419933,213308,129156,125504,239886,206857,9186,0,0,0,0,0,3401,0,0
"Pos",45224,"[M+H]+",17.428,"PC O-18:1_22:2 (c)","EtherPC",3323575,2725462,1350069,33148,5671,5809,0,3007,6425,0,0,0,0,0,0,0,0,0
"Pos",44634,"[M+H]+",13.161,"PC O-18:1_22:5 (a)","EtherPC",224017630,199691235,150370495,17525555,8869236,6753245,4694674,3674609,3870163,0,0,0,0,0,0,0,0,0
"Pos",44635,"[M+H]+",14.148,"PC O-18:1_22:5 (b)","EtherPC",61997943,53393575,36866447,624991,298173,300551,170466,85192,95985,0,0,0,0,3941,0,0,0,0
"Pos",44417,"[M+H]+",12.735,"PC O-18:1_22:6 (a)","EtherPC",308906485,202568229,157106448,16506025,8365004,6336377,4014166,2699037,2406571,0,0,0,0,0,0,0,0,0
"Pos",44416,"[M+H]+",13.668,"PC O-18:1_22:6 (b)","EtherPC",51026910,46823672,40741364,333302,65947,175452,61399,0,49586,23858,0,0,0,0,0,0,0,0
"Pos",47326,"[M+H]+",14.251,"PC O-18:1_24:5","EtherPC",20443515,11231304,6822165,835066,334225,183754,130779,253677,201577,3169,0,0,3292,0,0,0,0,2774
"Pos",39695,"[M+H]+",14.344,"PC O-18:2_18:1","EtherPC",296624145,303898266,193204587,750061,185738,211163,134870,106927,86208,7966,0,0,0,0,0,0,0,0
"Pos",42532,"[M+H]+",15.754,"PC O-18:2_20:1","EtherPC",17751137,13908200,13209100,983716,110421,469589,143916,63427,107719,3473,0,0,0,0,0,0,0,0
"Pos",41941,"[M+H]+",12.893,"PC O-18:2_20:4","EtherPC",214616434,168174784,135746208,1661099,799905,745075,646137,260518,228318,0,0,4784,6305,0,7264,0,0,0
"Pos",41705,"[M+H]+",12.097,"PC O-18:2_20:5","EtherPC",22489890,20444831,14253882,74864,0,0,0,0,0,2756,3033,0,0,0,0,0,0,0
"Pos",44418,"[M+H]+",12.939,"PC O-18:2_22:5","EtherPC",21871953,63033355,44635995,920827,293065,285358,64942,110812,21659,0,0,0,0,0,0,0,0,0
"Pos",44220,"[M+H]+",12.523,"PC O-18:2_22:6","EtherPC",54444145,47511897,37579119,260768,90775,161108,0,21058,0,0,0,0,0,0,6812,4937,0,9561
"Pos",38977,"[M+H]+",16.477,"PC O-19:0_16:0 (a)","EtherPC",5422507,5117035,1947149,373080,624383,401059,292301,314744,406740,151341,53972,149786,39951,120163,132586,146625,111093,52338
"Pos",38978,"[M+H]+",16.744,"PC O-19:0_16:0 (b)","EtherPC",2026322,4208315,3187272,422593,130630,75528,353673,409656,514257,325274,91329,170652,29962,76438,69997,66755,64755,13770
"Pos",41498,"[M+H]+",16.833,"PC O-19:0_18:1","EtherPC",17028620,8001183,9920769,331763,105481,145565,449649,820295,1072512,104056,49986,168992,7781,0,46933,212721,14215,8886
"Pos",41272,"[M+H]+",15.471,"PC O-19:1_18:1 (a)","EtherPC",9568016,8142517,7166503,1280573,243211,367359,854504,853595,1454156,74415,16233,72564,0,0,6586,67163,3605,3195
"Pos",41278,"[M+H]+",15.781,"PC O-19:1_18:1 (b)","EtherPC",1708221,3519269,1535374,520831,124737,183793,159634,86461,379102,7690,2700,8208,0,0,3262,3779,3460,0
"Pos",40298,"[M+H]+",17.649,"PC O-20:0_16:0","EtherPC",22788206,19774105,14700932,2688728,2751384,1262753,1124540,3086951,1559525,2116750,892825,1490766,258035,951963,663763,714552,321523,421845
"Pos",45029,"[M+H]+",15.971,"PC O-20:0_20:4","EtherPC",5472963,5021185,8027883,988358,399377,547865,115056,140637,297177,15721,4827,3860,4094,0,11090,4618,3195,3110
"Pos",47542,"[M+H]+",15.927,"PC O-20:0_22:5","EtherPC",22606620,19363088,14238178,2303907,1355923,468083,876187,845754,1019985,174802,45305,171853,90214,56293,127104,136494,14624,36657
"Pos",47325,"[M+H]+",15.41,"PC O-20:0_22:6","EtherPC",22473182,14841735,10813719,850052,833360,622494,156865,161578,177161,0,0,3429,0,0,0,0,0,0
"Pos",42734,"[M+H]+",17.449,"PC O-20:1_18:1","EtherPC",15727355,1558700,1163207,130597,14203,5077,12529,50584,42349,8639,0,3194,0,9499,6569,3546,0,6271
"Pos",47327,"[M+H]+",15.606,"PC O-20:1_22:5","EtherPC",1942551,5338239,4265026,89537,38850,40432,52772,8880,31338,0,0,0,0,0,0,0,0,0
"Pos",43156,"[M+H]+",19.35,"PC O-22:0_16:0","EtherPC",9241366,7899760,2764052,718179,543143,233671,494125,749880,1452095,243172,151505,141308,32231,239269,192427,245200,87397,45271
"Pos",45663,"[M+H]+",19.375,"PC O-22:0_18:1","EtherPC",8935796,13913831,6538243,1127927,762992,204793,452226,1345812,1068154,201823,33519,102961,10689,8997,56308,92785,4367,6339
"Pos",47123,"[M+H]+",13.985,"PC O-24:6_18:1","EtherPC",9619554,6356702,4647332,236496,107512,56115,11454,6709,0,0,0,0,0,0,0,0,0,0
"Neg",38819,"[M+HCOO]-",14.873,"PC O-34:1<OH>","OxEtherPC",64745019,55553668,47527152,10283482,7297896,9282110,9019536,13493607,13781490,7311385,7181188,9634670,4070877,6231174,6379411,5133905,5265631,4242049
"Neg",40233,"[M+HCOO]-",16.389,"PC O-36:1<OH>","OxEtherPC",2065040,1810637,1398126,319949,192598,213834,251765,354941,366652,192025,213763,259924,86132,144412,180105,118998,110525,77216
"Neg",31813,"[M-H]-",13.62,"PE 16:0_16:0","PE",3265944,3073322,2663232,409647,243202,227786,397148,610522,655680,257605,184374,334299,62046,91712,154882,157258,50486,51059
"Neg",31699,"[M-H]-",12.494,"PE 16:0_16:1","PE",35957635,31685253,26148929,3857214,1592070,1965233,2564573,3673864,4046028,732097,384434,925071,120273,56462,247627,448274,112666,128767
"Neg",32596,"[M-H]-",13.102,"PE 16:0_17:1","PE",6610466,5966032,5097724,638675,236055,347463,422645,628285,705510,119449,28107,132362,0,3752,11941,61073,4608,0
"Neg",33587,"[M-H]-",14.959,"PE 16:0_18:0","PE",4228646,3706478,3175835,385429,210342,327375,307303,506379,521802,206617,113337,261071,36986,80382,88215,138012,20695,29306
"Neg",33472,"[M-H]-",13.739,"PE 16:0_18:1 (a)","PE",151207211,137713364,118069683,19910612,7869504,10839835,13442915,19588512,20934570,4252328,2155531,5271350,722979,571596,1604200,2858092,1187421,871514
"Neg",33473,"[M-H]-",15.786,"PE 16:0_18:1 (b)","PE",6601,4680,0,4490,0,11626,0,7475,0,0,0,0,0,0,0,0,0,0
"Neg",34827,"[M-H]-",12.263,"PE 16:0_20:4 (a)","PE",435890,1218849,1022653,177072,13016,37430,13062,41651,36800,0,0,0,0,0,0,0,0,0
"Neg",34824,"[M-H]-",12.46,"PE 16:0_20:4 (b)","PE",49013765,45188875,36173720,5169705,2398867,3188384,1625750,1647786,1707940,0,0,0,0,0,0,0,0,0
"Neg",34695,"[M-H]-",11.645,"PE 16:0_20:5","PE",11044734,9521928,7963107,925904,414631,532596,234245,231062,199452,0,0,0,0,0,0,0,0,0
"Neg",36259,"[M-H]-",12.075,"PE 16:0_22:6","PE",19367397,16445976,13861035,1636865,741494,961623,465202,447074,318887,0,0,0,0,0,0,0,0,0
"Neg",31603,"[M-H]-",11.469,"PE 16:1_16:1","PE",3868257,3617024,2888393,310428,48831,111783,160858,232777,308984,27701,21723,22844,0,0,2700,20282,0,5438
"Neg",33346,"[M-H]-",12.601,"PE 16:1_18:1 (a)","PE",64478916,58903616,48626477,6264055,2224171,2761477,4040628,5075511,5846054,593407,286066,686486,11245,0,157481,434008,58266,59144
"Neg",33347,"[M-H]-",13.737,"PE 16:1_18:1 (b)","PE",13170,18039,0,0,0,0,0,0,0,0,0,0,0,0,0,0,0,0
"Neg",33210,"[M-H]-",11.67,"PE 16:1_18:2","PE",2783864,2287925,1794983,196349,36692,80332,56131,107725,130817,0,0,0,0,0,0,0,0,0
"Neg",34697,"[M-H]-",11.448,"PE 16:1_20:4 (a)","PE",4797700,4468164,3445011,336673,108504,159301,88912,111996,102004,0,0,0,0,0,0,0,0,0
"Neg",34696,"[M-H]-",12.061,"PE 16:1_20:4 (b)","PE",22601,20226,7901,22945,0,16037,0,0,0,0,0,0,0,0,0,0,0,0
"Neg",34576,"[M-H]-",10.729,"PE 16:1_20:5","PE",1229662,1075325,876039,91810,7511,20858,0,0,0,0,0,0,0,0,0,0,0,0
"Neg",36258,"[M-H]-",11.457,"PE 16:1_22:5","PE",1262454,1160957,973212,64937,10855,9616,4209,0,5222,0,0,0,0,0,0,0,0,0
"Neg",36135,"[M-H]-",11.118,"PE 16:1_22:6","PE",2325270,2319309,1688037,147060,21594,39419,9913,0,0,0,0,0,0,0,0,0,0,0
"Neg",35684,"[M-H]-",13.057,"PE 17:0_20:4","PE",5942784,5105251,4230000,537844,258422,348607,155100,146940,155600,0,0,0,0,0,3532,0,0,0
"Neg",37303,"[M-H]-",13.075,"PE 17:0_22:5","PE",3587408,3187740,1317652,127009,15095,59727,162088,156664,93401,142754,220077,214677,116444,186304,142923,160641,196268,277038
"Neg",34193,"[M-H]-",13.208,"PE 17:1_18:1","PE",9811773,8913998,7533856,901950,297606,408299,552358,754314,880837,64988,16453,100250,0,0,8725,50730,0,0
"Neg",37004,"[M-H]-",11.628,"PE 17:1_22:6","PE",420692,335307,238747,23123,2918,0,0,0,0,0,0,0,0,0,0,0,0,0
"Neg",35196,"[M-H]-",15.09,"PE 18:0_18:1 (a)","PE",139939317,120196713,99991857,13568458,5820913,7888313,9587304,13966298,14986931,3003886,1526352,3880625,536481,408228,1217711,2253993,875694,637351
"Neg",35198,"[M-H]-",15.445,"PE 18:0_18:1 (b)","PE",1432473,1319439,1325473,146250,70406,79766,88737,173264,144253,14605,0,28879,0,0,0,8047,0,0
"Neg",35197,"[M-H]-",17.248,"PE 18:0_18:1 (c)","PE",3776,3305,2770,5059,0,0,0,0,0,0,0,0,0,0,0,0,0,0
"Neg",35074,"[M-H]-",14.194,"PE 18:0_18:2","PE",6523131,1965492,4667451,512568,236146,302332,99066,419819,479443,40400,3370,47521,0,0,0,30853,7500,0
"Neg",36804,"[M-H]-",15.612,"PE 18:0_20:2","PE",3065481,2711211,2156791,241913,95186,124646,161093,209306,246257,4867,3653,3697,0,0,0,0,0,0
"Neg",37585,"[M-H]-",13.984,"PE 18:0_20:2<oxo>","OxPE",12429,0,0,2883,0,0,0,0,0,0,0,0,0,0,0,0,0,0
"Neg",36678,"[M-H]-",14.276,"PE 18:0_20:3 (a)","PE",15020247,13445987,11402490,1190331,443290,608230,419085,600120,575657,2616,3115,3740,0,0,0,0,3456,0
"Neg",36679,"[M-H]-",14.732,"PE 18:0_20:3 (b)","PE",8217393,7294946,5958874,758301,309975,499856,276987,316065,339425,0,0,0,0,0,0,0,0,0
"Neg",36549,"[M-H]-",13.461,"PE 18:0_20:4 (a)","PE",5813502,4866445,4879969,398175,117838,319507,205407,192340,165134,0,0,0,0,0,0,0,0,0
"Neg",36548,"[M-H]-",13.693,"PE 18:0_20:4 (b)","PE",181200216,168802127,143847136,26263807,11738923,16533047,8760396,8457122,8764555,0,0,5451,0,2850,0,23427,9460,0
"Neg",36553,"[M-H]-",14.307,"PE 18:0_20:4 (c)","PE",345829,187470,132313,4667,2412,2480,0,3638,4332,0,0,0,0,0,0,0,0,0
"Neg",36551,"[M-H]-",15.665,"PE 18:0_20:4 (d)","PE",7208,26811,2233,17660,2045,12177,0,0,0,0,0,0,0,0,0,0,0,0
"Neg",36403,"[M-H]-",12.783,"PE 18:0_20:5 (a)","PE",47577373,43376417,35594997,4364376,1943328,2628533,1304030,1132642,1144865,0,0,0,0,0,0,0,0,0
"Neg",36404,"[M-H]-",13.732,"PE 18:0_20:5 (b)","PE",36291,0,10399,0,0,0,0,0,0,0,0,0,0,0,0,0,0,0
"Neg",38361,"[M-H]-",15.778,"PE 18:0_22:3","PE",727674,568140,252372,12324,2401,4342,0,3125,0,0,0,0,0,0,0,0,0,0
"Neg",38245,"[M-H]-",14.637,"PE 18:0_22:4","PE",5576334,4856761,4282146,522345,183277,274805,134308,77947,166698,0,0,0,0,0,0,0,0,0
"Neg",38135,"[M-H]-",13.67,"PE 18:0_22:5","PE",36007206,33786863,28531453,5013239,2227542,2945063,1574168,1544185,1393725,0,0,0,0,0,0,0,0,0
"Neg",38005,"[M-H]-",13.25,"PE 18:0_22:6","PE",74953512,66564393,55228893,6852868,2904946,4059635,1836697,1657266,1470592,0,0,0,0,0,0,3039,0,0
"Neg",35073,"[M-H]-",13.837,"PE 18:1_18:1 (a)","PE",175079383,159659939,131966142,18170927,6203596,8357470,12079455,16434034,18646280,2130498,1111592,2633501,193987,181629,611402,1600989,549151,333246
"Neg",35071,"[M-H]-",14.456,"PE 18:1_18:1 (b)","PE",282927,881057,273429,27276,4926,21308,25381,49389,47686,0,0,0,0,0,0,0,0,0
"Neg",35075,"[M-H]-",15.068,"PE 18:1_18:1 (c)","PE",10378,37849,5891,0,0,0,0,0,3685,0,0,0,0,0,0,0,0,0
"Neg",35072,"[M-H]-",15.869,"PE 18:1_18:1 (d)","PE",5054,7738,4127,6178,0,3362,0,0,0,0,0,0,0,0,0,0,0,0
"Neg",34952,"[M-H]-",12.809,"PE 18:1_18:2 (a)","PE",27062272,24255741,19487202,2191658,810025,1071071,1153837,1293088,1505343,3462,0,0,0,0,0,0,0,3637
"Neg",34953,"[M-H]-",13.003,"PE 18:1_18:2 (b)","PE",8099732,6781322,7199445,509096,318748,512728,334589,415634,284897,5366,0,0,0,0,0,2745,0,0
"Neg",34951,"[M-H]-",13.407,"PE 18:1_18:2 (c)","PE",2398547,2198616,1635345,238680,40027,151374,68495,72857,106207,0,0,0,0,0,0,0,0,0
"Neg",34954,"[M-H]-",14.075,"PE 18:1_18:2 (d)","PE",0,3578,0,0,2726,3298,13437,60036,35462,36049,9488,45274,0,8438,3479,18352,0,2937
"Neg",34825,"[M-H]-",11.929,"PE 18:1_18:3","PE",2753607,2597556,2143515,192419,22670,50752,42372,16135,20951,0,0,0,0,0,0,0,4044,0
"Neg",36803,"[M-H]-",15.149,"PE 18:1_20:1","PE",12251511,10547530,8569429,977689,336886,451668,683125,1005588,1072945,129218,12710,62265,2402,0,9151,51513,4214,0
"Neg",36547,"[M-H]-",13.093,"PE 18:1_20:3","PE",6410149,5565081,4541043,645487,179693,249594,115982,252479,244574,0,0,4082,0,0,0,0,0,0
"Neg",36401,"[M-H]-",12.555,"PE 18:1_20:4 (a)","PE",101951851,91870177,75741677,10547637,3859491,5117881,3576272,3288881,3351270,3739,0,0,0,0,0,0,0,6191
"Neg",36407,"[M-H]-",13.226,"PE 18:1_20:4 (b)","PE",95167,50150,114538,7707,3558,5727,4748,0,0,0,0,0,0,0,0,0,0,0
"Neg",36257,"[M-H]-",11.741,"PE 18:1_20:5","PE",22534456,19316308,15885995,1782096,586281,826506,527614,466374,394237,0,0,0,0,0,0,0,0,0
"Neg",38006,"[M-H]-",12.536,"PE 18:1_22:5","PE",18780578,16838178,13938436,1881590,656062,861034,569482,508582,222071,0,0,0,0,0,0,0,0,0
"Neg",37870,"[M-H]-",12.163,"PE 18:1_22:6","PE",39398003,35426114,29186197,3196265,1125433,1404409,800581,606738,565549,0,0,0,0,0,0,0,0,0
"Neg",37757,"[M-H]-",11.312,"PE 18:2_22:6","PE",1692225,1553925,1262186,82746,5136,9182,5178,6561,0,0,0,0,0,0,0,0,0,0
"Neg",36027,"[M-H]-",15.809,"PE 19:0_18:1","PE",1088769,878591,674390,51164,14771,7719,10304,68907,58320,2727,0,0,0,0,5613,2662,7711,0
"Neg",37429,"[M-H]-",14.341,"PE 19:0_20:4","PE",932194,800915,602963,60628,21394,11407,0,0,0,8139,3226,9724,0,4304,7204,3471,0,0
"Neg",38246,"[M-H]-",15.055,"PE 20:0_20:4","PE",2086052,1805808,1400032,148763,30029,23843,30120,6814,7693,0,0,0,0,0,0,0,0,0
"Neg",39586,"[M-H]-",13.305,"PE 20:1_22:6","PE",2284942,1895203,1651524,166218,35317,53512,44502,9899,15879,0,0,0,0,0,0,0,3624,0
"Neg",39368,"[M-H]-",11.4,"PE 20:4_22:5","PE",501208,343614,544305,33928,0,4364,9012,24979,16517,30313,3633,3477,3708,10617,12487,0,7221,0
"Neg",39256,"[M-H]-",11.04,"PE 20:4_22:6","PE",939541,825848,705987,38407,18751,18811,14702,6616,28916,0,3529,4517,3436,2429,0,8387,10875,3723
"Neg",39959,"[M-H]-",16.577,"PE 22:0_20:4","PE",1297958,1218247,939148,91785,16533,8983,3929,12834,9028,0,0,0,0,0,0,0,0,0
"Neg",39828,"[M-H]-",15.076,"PE 22:1_20:4","PE",2895361,2549058,2107337,142351,63029,54343,22758,39767,12965,0,0,0,0,7491,0,0,0,0
"Neg",41636,"[M-H]-",18.233,"PE 24:0_20:4","PE",1168388,979105,758038,59745,24911,13749,4735,2706,8338,0,0,0,0,0,0,0,4025,0
"Neg",37007,"[M-H]-",14.012,"PE 36:2<2OH>","OxPE",7904,0,0,0,0,0,0,0,0,0,0,0,0,0,0,79,0,0
"Neg",35541,"[M-H]-",12.931,"PE 36:6<oxo>","OxPE",0,0,0,16270,16060,49281,192223,330040,271914,388373,331668,401104,212089,321038,314576,261523,432883,306028
"Neg",36577,"[M-H]-",13.308,"PE 37:4<oxo>","OxPE",157074,111045,143495,0,0,0,0,0,0,0,0,0,0,0,0,0,0,0
"Neg",38565,"[M-H]-",15.034,"PE 38:2<OOH>","OxPE",350011,309195,282053,21834,0,5262,3550,9164,18580,0,0,0,0,0,0,0,0,124
"Neg",37583,"[M-H]-",13.725,"PE 38:2<oxo>","OxPE",0,0,0,0,0,0,0,0,0,0,0,0,0,0,0,0,0,0
"Neg",40102,"[M-H]-",12.883,"PE 38:3<2OH,OOH>","OxPE",865243,707654,760788,201442,157707,255236,164435,226111,234683,135037,91968,165243,43976,82517,98549,77649,35379,66764
"Neg",39991,"[M-H]-",11.827,"PE 38:4<2OH,OOH>","OxPE",700245,676489,663991,60076,38338,95568,39081,32372,91616,2199,0,7597,0,0,0,0,0,145
"Neg",33961,"[M-H]-",13.221,"PE O-16:0_20:4","EtherPE",3042240,2594140,2274311,225423,103120,141105,34309,37813,69252,0,0,0,3286,0,4064,0,0,0
"Neg",30847,"[M-H]-",14.314,"PE O-16:1_16:0","EtherPE",1417399,1229662,1143098,0,0,0,0,0,0,0,0,0,0,0,0,0,0,0
"Neg",30739,"[M-H]-",13.099,"PE O-16:1_16:1","EtherPE",11247450,9797898,8848267,49286,0,0,0,0,0,0,0,0,0,0,0,0,0,0
"Neg",32471,"[M-H]-",14.41,"PE O-16:1_18:1","EtherPE",55795199,49396543,42048117,525650,0,0,0,5026,23171,0,0,0,0,0,0,0,0,0
"Neg",34082,"[M-H]-",14.952,"PE O-16:1_20:2","EtherPE",5073343,4579071,4406238,1520774,905232,1307604,1428260,1519871,1571143,778280,1108091,1182716,643625,731228,788658,754257,1082861,1103193
"Neg",33958,"[M-H]-",13.603,"PE O-16:1_20:3 (a)","EtherPE",3628315,3523251,2649048,19238,0,0,0,0,0,0,0,0,0,0,0,0,0,0
"Neg",33960,"[M-H]-",13.772,"PE O-16:1_20:3 (b)","EtherPE",2874359,2596840,2549284,0,0,0,8732,0,5811,3550,4455,0,0,0,2869,0,0,0
"Neg",33959,"[M-H]-",14.036,"PE O-16:1_20:3 (c)","EtherPE",5014327,4290272,3701133,8820,0,3441,0,0,2903,0,0,0,2904,0,2247,1857,0,0
"Neg",33828,"[M-H]-",12.821,"PE O-16:1_20:4 (a)","EtherPE",6110758,5150875,4780717,18189,0,0,0,3953,0,0,0,0,0,0,0,0,0,0
"Neg",33829,"[M-H]-",13.022,"PE O-16:1_20:4 (b)","EtherPE",153706671,134550982,116064953,1585998,0,0,131690,56244,47235,0,0,0,0,0,0,0,0,0
"Neg",33703,"[M-H]-",12.151,"PE O-16:1_20:5","EtherPE",64529574,56057316,46966043,542185,0,0,11613,10169,4795,0,0,0,0,0,0,0,0,0
"Neg",35792,"[M-H]-",16.087,"PE O-16:1_22:2","EtherPE",3676507,3245063,2697813,0,0,0,0,0,0,0,0,0,0,0,0,0,0,0
"Neg",35695,"[M-H]-",15.057,"PE O-16:1_22:3","EtherPE",6774555,5726687,4996504,0,0,0,0,0,0,0,0,0,0,0,0,0,0,0
"Neg",35573,"[M-H]-",13.955,"PE O-16:1_22:4","EtherPE",30318703,26405594,22350382,247255,0,0,0,0,0,0,0,0,0,0,0,0,0,0
"Neg",35447,"[M-H]-",13.015,"PE O-16:1_22:5 (a)","EtherPE",211320199,188025223,162024468,2282825,0,0,168919,121503,80282,0,0,0,0,0,0,0,10048,0
"Neg",35448,"[M-H]-",14.979,"PE O-16:1_22:5 (b)","EtherPE",0,0,7805,0,0,0,0,0,0,0,0,0,0,0,0,0,0,0
"Neg",35305,"[M-H]-",12.591,"PE O-16:1_22:6 (a)","EtherPE",195670148,176693153,146974037,2065019,0,0,140279,98973,88486,0,0,0,0,0,0,0,3883,0
"Neg",35307,"[M-H]-",14.507,"PE O-16:1_22:6 (b)","EtherPE",6227,0,0,0,0,0,0,0,0,0,0,0,0,0,0,0,0,0
"Neg",34702,"[M-H]-",13.657,"PE O-17:1_20:4","EtherPE",2815438,2705190,2133483,16506,0,0,0,0,0,5225,0,0,0,0,0,0,0,0
"Neg",36142,"[M-H]-",13.196,"PE O-17:1_22:6","EtherPE",4682261,4021119,3478366,4710,0,0,0,0,0,0,0,0,0,0,0,0,0,0
"Neg",34337,"[M-H]-",14.468,"PE O-18:0_18:1","EtherPE",1065967,247269,518723,48394,26925,14847,53743,22172,146122,9977,5377,5812,0,4133,3837,10000,3676,0
"Neg",34197,"[M-H]-",15.82,"PE O-18:1_18:1","EtherPE",20689023,17639724,14663795,100872,0,0,3448,0,5645,0,0,0,0,0,0,0,0,0
"Neg",35911,"[M-H]-",17.331,"PE O-18:1_20:1","EtherPE",3479425,2981424,2518070,4672,0,0,0,0,0,0,0,0,0,0,0,0,0,0
"Neg",35574,"[M-H]-",14.325,"PE O-18:1_20:4","EtherPE",43653072,38076810,32970738,461238,0,0,7957,3712,3428,0,0,0,0,0,0,0,0,0
"Neg",35449,"[M-H]-",13.359,"PE O-18:1_20:5","EtherPE",21738039,18644329,15444092,176243,0,0,0,0,0,0,0,0,0,0,0,0,0,0
"Neg",37319,"[M-H]-",15.331,"PE O-18:1_22:4","EtherPE",5300849,4537320,3808660,9580,0,0,0,0,0,0,0,0,0,0,0,0,0,0
"Neg",37182,"[M-H]-",14.292,"PE O-18:1_22:5 (a)","EtherPE",44445587,38964433,33245538,432367,0,0,11096,0,0,0,3915,0,0,0,0,0,0,0
"Neg",37181,"[M-H]-",14.725,"PE O-18:1_22:5 (b)","EtherPE",767328,676631,475453,0,0,0,0,0,0,0,0,0,0,0,0,0,0,0
"Neg",37015,"[M-H]-",13.836,"PE O-18:1_22:6","EtherPE",50549381,43961744,37917534,498283,0,0,6202,0,5224,0,0,0,0,0,0,2191,0,0
"Neg",32347,"[M-H]-",13.175,"PE O-18:2_16:1","EtherPE",3703680,3397886,2761301,11870,0,0,0,0,0,0,0,0,0,0,0,0,0,0
"Neg",34085,"[M-H]-",14.478,"PE O-18:2_18:1","EtherPE",22232290,19477128,16294391,188729,0,0,0,0,0,0,0,0,0,0,0,0,0,0
"Neg",35793,"[M-H]-",15.851,"PE O-18:2_20:1","EtherPE",2618080,2280687,1894588,0,0,0,0,0,0,0,3451,0,0,0,0,2259,0,0
"Neg",35306,"[M-H]-",12.22,"PE O-18:2_20:5","EtherPE",13483314,11960904,9823828,84140,0,0,0,0,0,0,0,0,0,0,0,0,0,0
"Neg",37014,"[M-H]-",13.075,"PE O-18:2_22:5","EtherPE",26762127,23559956,20733778,304745,3796,0,0,0,4319,0,0,0,0,0,0,0,0,0
"Neg",36907,"[M-H]-",12.66,"PE O-18:2_22:6","EtherPE",39424063,35080339,29372463,378612,0,0,4322,0,0,0,0,0,0,0,0,0,0,0
"Neg",35910,"[M-H]-",14.571,"PE O-20:1_18:1","EtherPE",57691,93299,48167,8091,2845,5528,6287,4055,6379,0,0,0,0,0,0,0,0,0
"Neg",37318,"[M-H]-",15.776,"PE O-20:1_20:4","EtherPE",2033477,1665530,1384946,0,0,0,0,0,0,0,0,0,0,0,0,0,0,0
"Neg",38736,"[M-H]-",15.224,"PE O-20:1_22:6","EtherPE",1806490,1581091,1352858,0,0,0,0,0,0,0,0,0,0,0,0,0,0,0
"Neg",32007,"[M-H]-",11.559,"PG 14:0_16:0","PG",248054,233671,202638,11331,3656,0,0,12009,9437,2792,0,3313,0,0,0,0,0,0
"Neg",33779,"[M-H]-",11.857,"PG 16:0_16:0 (a)","PG",1202087,1162628,1308251,192327,87021,96932,136671,278841,287473,176604,123780,188675,63755,142413,138912,58303,45061,72151
"Neg",33778,"[M-H]-",11.95,"PG 16:0_16:0 (b)","PG",377168,1162628,1308251,23892,13137,13599,2460,278841,287473,176604,10368,188675,11684,142413,138912,43746,15854,50567
"Neg",33777,"[M-H]-",12.649,"PG 16:0_16:0 (c)","PG",1942897,1030126,1664133,237377,108048,138947,146625,239168,277908,134172,40478,143511,36611,16583,59497,70849,5937,32531
"Neg",33660,"[M-H]-",11.034,"PG 16:0_16:1 (a)","PG",1272687,1524821,1643494,6467,57733,8064,106442,189391,251666,49765,4607,17111,0,0,0,5550,0,4134
"Neg",33658,"[M-H]-",11.161,"PG 16:0_16:1 (b)","PG",102231,206417,65482,6467,0,8064,0,0,0,0,0,4263,0,0,0,3505,0,4134
"Neg",33656,"[M-H]-",11.658,"PG 16:0_16:1 (c)","PG",1642263,1576523,1460643,180003,46859,40399,57086,168595,207346,32757,0,6225,0,0,4437,5849,0,3617
"Neg",35391,"[M-H]-",11.959,"PG 16:0_18:1 (a)","PG",11122325,10455385,9398638,1377884,564245,672538,826483,1216436,1459563,330050,206834,456053,32241,26899,120241,102736,56235,31361
"Neg",35392,"[M-H]-",12.196,"PG 16:0_18:1 (b)","PG",6048417,5314631,4382705,15155,7737,3392,0,13463,1947,25725,0,6300,0,0,0,121895,4631,5713
"Neg",35390,"[M-H]-",12.718,"PG 16:0_18:1 (c)","PG",15477159,15717535,13735722,5205853,1478074,1688555,2474917,3983656,4501380,1013884,462165,1262461,76487,117514,452732,825394,275068,219943
"Neg",36217,"[M-H]-",13.213,"PG 16:0_19:1","PG",3104800,2808809,2339413,3525,0,0,4408,31268,80364,3092,0,0,2711,0,0,4808,0,0
"Neg",36750,"[M-H]-",11.654,"PG 16:0_20:4","PG",399022,399979,377976,11377,0,14882,0,0,0,0,0,0,0,0,0,0,0,0
"Neg",38188,"[M-H]-",10.72,"PG 16:0_22:6 (a)","PG",2722213,2446911,2145383,298610,101740,130791,54242,77191,90584,0,0,0,0,0,0,0,0,0
"Neg",38189,"[M-H]-",10.848,"PG 16:0_22:6 (b)","PG",233117,220448,180379,9866,123,1786,0,0,12957,0,0,0,0,0,0,0,0,0
"Neg",33548,"[M-H]-",10.314,"PG 16:1_16:1","PG",61145,35575,300397,10284,0,0,0,0,0,0,0,0,0,0,0,0,0,0
"Neg",35261,"[M-H]-",11.072,"PG 16:1_18:1 (a)","PG",7519296,4470017,5859249,561206,137154,200737,385152,519012,651872,84827,22103,120407,5036,0,13139,2222,0,0
"Neg",35263,"[M-H]-",11.204,"PG 16:1_18:1 (b)","PG",839051,3153757,605129,51508,6428,23996,31054,51548,52170,18606,6740,10490,5036,0,0,47467,0,0
"Neg",35262,"[M-H]-",11.749,"PG 16:1_18:1 (c)","PG",1509472,1407624,1291459,47499,8959,0,16440,37516,57099,0,0,11726,0,0,0,0,0,0
"Neg",38083,"[M-H]-",10,"PG 16:1_22:6 (a)","PG",1055056,1005472,838415,47955,9432,3709,0,4236,4471,0,0,0,0,0,0,0,0,0
"Neg",38082,"[M-H]-",10.115,"PG 16:1_22:6 (b)","PG",83199,85012,61400,34418,4840,13268,0,0,4471,0,0,0,0,0,0,0,0,0
"Neg",37120,"[M-H]-",13.263,"PG 18:0_18:1 (a)","PG",485993,501462,552712,33338,0,23884,9520,82649,35668,14846,3912,7703,0,0,0,20463,0,0
"Neg",37117,"[M-H]-",13.852,"PG 18:0_18:1 (b)","PG",30110139,27068680,23361278,889479,198144,241530,378368,506724,739885,135086,22940,6429,5037,3792,16659,62714,0,0
"Neg",38810,"[M-H]-",14.494,"PG 18:0_20:1","PG",0,0,0,4805,0,0,0,0,0,0,0,0,0,0,0,0,0,0
"Neg",36978,"[M-H]-",12.067,"PG 18:1_18:1 (a)","PG",27742125,25666939,22967719,2806704,952832,1087132,1671806,2392828,3032962,494761,282575,631971,37003,6635,161990,97636,42759,36696
"Neg",36979,"[M-H]-",12.217,"PG 18:1_18:1 (b)","PG",2028463,1874722,1695800,129021,56174,63600,71096,151585,165581,11365,13953,41676,11843,0,18749,265691,15290,22998
"Neg",36980,"[M-H]-",12.802,"PG 18:1_18:1 (c)","PG",1316545,1170666,1085533,53646,6884,15208,25219,119041,73545,2870,0,3707,0,0,0,3931,0,0
"Neg",36869,"[M-H]-",11.352,"PG 18:1_18:2 (a)","PG",3424180,1909051,1788847,250068,14728,10433,45341,156432,108422,2275,0,3844,0,0,0,0,0,0
"Neg",36868,"[M-H]-",11.46,"PG 18:1_18:2 (b)","PG",407655,710792,1788847,10432,4898,52280,5470,33354,108422,2275,0,0,0,0,0,0,0,0
"Neg",38671,"[M-H]-",13.11,"PG 18:1_20:1 (a)","PG",982983,978737,965902,105936,8328,12085,32244,49472,76828,6242,3915,0,2270,0,0,0,0,3644
"Neg",38672,"[M-H]-",13.287,"PG 18:1_20:1 (b)","PG",286818,304400,160699,17337,5548,0,7342,27370,19993,0,4342,0,2270,0,0,2468,0,0
"Neg",38674,"[M-H]-",13.358,"PG 18:1_20:1 (c)","PG",104280,87933,78668,17337,3486,0,3757,4702,0,0,0,0,0,0,0,2468,0,0
"Neg",38305,"[M-H]-",11.055,"PG 18:1_20:4 (a)","PG",1014459,979721,948192,9681,37803,51012,19980,7101,9748,3551,4193,0,0,0,5364,22948,0,4673
"Neg",38306,"[M-H]-",11.194,"PG 18:1_20:4 (b)","PG",81079,276488,65463,14348,0,0,0,4813,4685,3551,0,0,0,0,0,2600,5446,0
"Neg",40019,"[M-H]-",11.973,"PG 18:1_22:4","PG",62039,11236,47616,0,0,0,0,0,0,0,0,4685,0,8175,0,4154,0,0
"Neg",39894,"[M-H]-",11.096,"PG 18:1_22:5 (a)","PG",1834086,1120374,1477997,97490,6429,34698,12202,13494,21709,0,0,0,0,0,0,0,0,0
"Neg",39896,"[M-H]-",11.237,"PG 18:1_22:5 (b)","PG",165126,1120374,128037,3715,6774,0,4252,0,0,0,0,0,0,0,0,0,0,0
"Neg",39774,"[M-H]-",10.825,"PG 18:1_22:6 (a)","PG",10973201,9168419,8850592,1000212,387729,411944,323934,323137,385494,0,0,0,0,0,0,0,4792,0
"Neg",39775,"[M-H]-",10.98,"PG 18:1_22:6 (b)","PG",433706,1127741,310848,7661,25968,49061,144,3722,5398,0,0,0,0,0,0,0,0,0
"Neg",42534,"[M-H]-",10.066,"PG 22:5_22:6 (a)","PG",444232,417651,363451,29023,0,0,0,0,0,0,0,0,0,0,0,0,0,0
"Neg",42533,"[M-H]-",10.152,"PG 22:5_22:6 (b)","PG",444232,417651,363451,4880,0,0,0,0,0,0,0,0,0,0,0,0,0,0
"Neg",42428,"[M-H]-",9.839,"PG 22:6_22:6","PG",1464940,1193184,1125764,97139,25934,30423,0,0,4105,0,0,0,0,0,0,0,0,0
"Neg",40283,"[M-H]-",12.083,"PG 38:1<OOH> (a)","OxPG",1132968,1130448,895271,4122,0,0,0,0,0,0,0,0,0,0,0,0,0,0
"Neg",40284,"[M-H]-",12.426,"PG 38:1<OOH> (b)","OxPG",4266269,3851834,3036004,11561,0,0,0,0,0,0,0,0,0,0,0,0,0,4107
"Neg",39363,"[M-H]-",13.306,"PG 38:1<oxo>","OxPG",1143776,1025991,828771,59978,17265,16413,8947,0,6960,0,0,0,0,0,0,0,0,0
"Neg",39219,"[M-H]-",12.386,"PI 16:0_16:0","PI",297460,235375,152872,286514,6411,19118,0,29338,54217,0,0,25680,0,0,0,0,0,0
"Neg",39084,"[M-H]-",11.408,"PI 16:0_16:1","PI",1055502,1351990,1436989,447604,43077,9565,12142,124004,125241,0,0,8830,0,0,0,2769,0,0
"Neg",39892,"[M-H]-",11.947,"PI 16:0_17:1","PI",127802,198086,190296,39999,0,0,0,0,5669,0,0,0,0,0,0,0,0,0
"Neg",40847,"[M-H]-",13.565,"PI 16:0_18:0","PI",29965,125388,120661,134125,17223,39894,0,11814,15300,0,0,0,0,0,0,0,0,0
"Neg",40710,"[M-H]-",11.635,"PI 16:0_18:1 (a)","PI",1124852,1217320,1198313,84453,0,0,0,21670,3383,0,0,0,0,0,0,0,0,0
"Neg",40711,"[M-H]-",12.487,"PI 16:0_18:1 (b)","PI",11264070,13811220,14321353,4840154,914421,903093,481165,1695267,1745890,204884,47236,261849,2902,0,33368,177616,10715,0
"Neg",41988,"[M-H]-",11.429,"PI 16:0_20:4 (a)","PI",1960186,2333218,2322347,465378,79365,77899,11034,6782,14610,0,0,0,0,0,0,0,0,0
"Neg",41986,"[M-H]-",12.162,"PI 16:0_20:4 (b)","PI",577074,549711,571435,18031,0,5520,0,0,0,0,0,0,0,0,0,0,0,0
"Neg",41877,"[M-H]-",10.728,"PI 16:0_20:5","PI",53450,78156,96594,0,0,0,0,0,0,0,0,0,0,0,0,0,0,0
"Neg",43396,"[M-H]-",12.229,"PI 16:0_22:5","PI",1556188,1372129,1436096,222091,58852,45502,32065,85810,39758,22588,13947,0,0,0,5690,3954,6954,0
"Neg",40584,"[M-H]-",11.505,"PI 16:1_18:1","PI",4231040,5284737,5351882,1408555,211333,222224,147317,425136,497670,11253,0,13819,0,0,0,30370,0,0
"Neg",41566,"[M-H]-",13.076,"PI 17:0_18:1","PI",719082,838828,554301,285615,22656,24841,11480,44818,54795,0,0,4436,0,0,3496,3048,3437,0
"Neg",42771,"[M-H]-",11.953,"PI 17:0_20:4","PI",230646,312327,311805,21695,4931,6166,0,0,4468,0,0,0,0,0,0,0,0,0
"Neg",41436,"[M-H]-",12.04,"PI 17:1_18:1","PI",585225,698795,723540,172850,8537,3933,0,6238,28545,0,0,0,0,0,0,0,4214,0
"Neg",42440,"[M-H]-",14.835,"PI 18:0_18:0","PI",20014,27006,25347,11148,0,0,0,0,0,0,0,0,0,0,2729,2634,0,0
"Neg",42327,"[M-H]-",13.701,"PI 18:0_18:1 (a)","PI",10881368,13710061,14686065,6020624,1295147,1200243,843259,2076712,2319154,161816,7247,301593,13546,3063,77364,203377,5555,25997
"Neg",42328,"[M-H]-",14.03,"PI 18:0_18:1 (b)","PI",543177,594844,567583,158990,11465,14675,12977,39582,48548,0,0,2903,2432,0,0,0,0,0
"Neg",43844,"[M-H]-",14.904,"PI 18:0_20:1","PI",1033848,1399102,1568879,346976,34389,23847,10837,63810,101744,0,0,0,0,0,3428,0,0,0
"Neg",43738,"[M-H]-",14.18,"PI 18:0_20:2","PI",2481716,2843836,3125371,665499,115784,32557,96245,216468,214423,2432,0,3395,0,0,2851,1972,0,0
"Neg",43610,"[M-H]-",13.019,"PI 18:0_20:3 (a)","PI",4533930,5396582,5793343,1290837,195808,219345,137051,311910,285483,0,0,0,0,0,0,0,5595,0
"Neg",43612,"[M-H]-",13.42,"PI 18:0_20:3 (b)","PI",1842600,2302691,2459523,580914,46217,55576,17386,37359,43641,0,0,4908,0,0,0,0,0,0
"Neg",43505,"[M-H]-",12.511,"PI 18:0_20:4","PI",16725999,19927286,20296914,5040377,875575,1064652,378160,742008,558755,0,0,0,6435,0,0,0,0,0
"Neg",45117,"[M-H]-",15.229,"PI 18:0_22:2","PI",575524,726694,688883,132688,15147,0,0,8958,44591,1918,3939,0,0,0,0,0,0,4139
"Neg",44923,"[M-H]-",13.344,"PI 18:0_22:4","PI",1066230,1397975,1414022,267702,20136,12029,0,9088,5347,4014,0,0,0,0,0,3615,0,0
"Neg",44819,"[M-H]-",12.496,"PI 18:0_22:5","PI",2245190,2581884,2743005,622256,79027,70286,7223,9042,52704,0,0,0,0,0,0,0,0,0
"Neg",44719,"[M-H]-",12.145,"PI 18:0_22:6","PI",1284202,1385931,1585679,276467,33832,15854,0,23076,0,0,0,0,0,0,3022,3647,0,0
"Neg",42202,"[M-H]-",12.591,"PI 18:1_18:1 (a)","PI",19320705,23475788,23750907,6673192,1171860,1326729,1114175,2281411,2557527,225880,14531,272262,6258,0,60468,197854,0,4960
"Neg",42201,"[M-H]-",12.942,"PI 18:1_18:1 (b)","PI",1683627,2173056,2116333,395029,111292,164435,145299,242839,232167,45576,10116,24889,4126,13631,2906,27085,22360,10202
"Neg",42086,"[M-H]-",11.719,"PI 18:1_18:2 (a)","PI",886560,1052919,1086891,208711,4086,5011,0,10496,26721,0,0,0,0,0,0,0,0,3913
"Neg",42085,"[M-H]-",11.895,"PI 18:1_18:2 (b)","PI",922223,1128055,1234355,212585,6931,4355,0,20076,10509,0,0,0,0,0,0,0,0,0
"Neg",42996,"[M-H]-",13.158,"PI 18:1_19:1 (a)","PI",511166,670145,963838,130016,6659,13120,0,6169,16419,0,0,0,0,0,0,0,0,3271
"Neg",42995,"[M-H]-",13.548,"PI 18:1_19:1 (b)","PI",92546,221448,253446,222977,45231,29799,125513,147372,211603,19811,10983,9573,0,0,0,0,7493,0
"Neg",43736,"[M-H]-",13.781,"PI 18:1_20:1 (a)","PI",905882,2003552,2541868,438200,117510,18801,42484,213833,208580,0,5118,10393,0,0,0,2986,4054,0
"Neg",43737,"[M-H]-",13.851,"PI 18:1_20:1 (b)","PI",1429726,2829061,2323625,985840,102561,77394,37014,112466,146422,0,0,10393,0,0,0,2986,0,0
"Neg",43611,"[M-H]-",12.774,"PI 18:1_20:2","PI",1428823,1528978,1702710,208926,3799,0,4277,78045,75791,0,0,0,0,0,0,0,0,0
"Neg",43506,"[M-H]-",11.981,"PI 18:1_20:3","PI",976703,1136068,1482887,259341,12905,4421,5223,16757,15853,0,4200,0,0,2658,3002,4914,4915,0
"Neg",43395,"[M-H]-",11.518,"PI 18:1_20:4","PI",7527938,9630585,9125395,1879376,265122,281501,94561,220215,199153,0,0,0,0,0,0,0,0,0
"Neg",43303,"[M-H]-",10.822,"PI 18:1_20:5 (a)","PI",216664,236691,287294,5039,0,0,0,0,0,0,0,0,2771,0,0,0,0,0
"Neg",43304,"[M-H]-",11.127,"PI 18:1_20:5 (b)","PI",468442,487699,454434,4803,0,0,0,0,0,0,0,0,0,0,0,0,0,0
"Neg",45016,"[M-H]-",14.037,"PI 18:1_22:2 (a)","PI",634623,759424,753890,138021,4631,7545,6585,18008,15196,0,0,0,0,0,2969,1691,3844,3879
"Neg",45015,"[M-H]-",14.329,"PI 18:1_22:2 (b)","PI",61162,197801,168130,48834,3101,4311,0,4870,0,0,0,3705,0,2215,0,2846,0,0
"Neg",44820,"[M-H]-",12.284,"PI 18:1_22:4","PI",168224,252713,350658,10581,0,0,0,0,0,0,0,0,0,0,0,0,0,0
"Neg",44720,"[M-H]-",11.518,"PI 18:1_22:5","PI",716679,865096,888158,139270,3237,4130,0,5860,0,0,0,0,0,0,0,0,0,0
"Neg",44619,"[M-H]-",11.205,"PI 18:1_22:6","PI",367726,458818,476122,42051,0,0,0,0,0,0,0,0,3711,0,0,0,0,0
"Neg",44101,"[M-H]-",12.013,"PI 19:1_20:4","PI",150720,244991,356184,17344,0,0,3966,0,0,3182,0,0,0,0,4984,3680,0,9126
"Neg",34454,"[M-H]-",11.546,"PS 16:0_16:1","PS",3794233,4377180,4405642,60187,5740,59257,14748,83555,30399,2316,0,4153,0,0,0,0,0,0
"Neg",36139,"[M-H]-",12.657,"PS 16:0_18:1 (a)","PS",25266882,28858857,29614469,1161668,247015,683611,681000,1249226,733747,155284,0,67377,0,0,20244,41158,0,0
"Neg",36137,"[M-H]-",13.409,"PS 16:0_18:1 (b)","PS",247284,823174,507785,9047,0,0,0,3625,0,0,0,0,0,0,0,0,0,0
"Neg",37533,"[M-H]-",11.546,"PS 16:0_20:4 (a)","PS",691994,708996,715515,0,0,0,0,0,0,0,0,0,0,0,0,0,0,0
"Neg",37532,"[M-H]-",12.641,"PS 16:0_20:4 (b)","PS",1076789,2619016,2640329,188776,29352,56198,165546,231135,200008,3448,0,5227,0,0,0,0,0,0
"Neg",39131,"[M-H]-",11.605,"PS 16:0_22:5 (a)","PS",1613721,1742052,1589401,3539,4592,10206,0,0,0,0,0,0,0,0,0,0,0,0
"Neg",39133,"[M-H]-",12.6,"PS 16:0_22:5 (b)","PS",0,0,0,4946,8261,8357,0,0,0,0,0,0,0,0,0,0,0,0
"Neg",39000,"[M-H]-",11.223,"PS 16:0_22:6","PS",497944,586174,626408,0,0,0,0,0,0,0,0,0,0,0,0,0,0,0
"Neg",36015,"[M-H]-",11.662,"PS 16:1_18:1","PS",1871832,3841052,1921896,31883,2902,9499,3646,25508,22786,0,0,0,0,0,0,0,0,0
"Neg",37007,"[M-H]-",13.259,"PS 17:0_18:1","PS",1510556,1888681,1886810,44122,4538,16203,25602,27235,9715,2973,0,3695,0,0,0,0,0,0
"Neg",37875,"[M-H]-",13.878,"PS 18:0_18:1 (a)","PS",39557188,44264569,46298773,1545701,365973,1187173,1051932,1673400,992009,150097,3578,377889,2704,3218,79505,213387,30710,14864
"Neg",37879,"[M-H]-",14.46,"PS 18:0_18:1 (b)","PS",794510,845436,1542217,7806,3142,13671,4110,29999,20440,2631,3593,0,0,2931,0,0,0,0
"Neg",37877,"[M-H]-",14.865,"PS 18:0_18:1 (c)","PS",292689,544723,366716,3389,0,9633,0,8742,4407,5432,0,0,0,0,0,0,0,0
"Neg",39371,"[M-H]-",13.168,"PS 18:0_20:3","PS",3564189,3967161,4070863,39941,5277,6774,12938,5369,5708,0,0,0,0,0,0,0,0,0
"Neg",39885,"[M-H]-",12.96,"PS 18:0_20:3<OH> (a)","OxPS",879211,939695,754896,9295,22264,4587,5487,0,0,0,0,0,0,0,0,0,0,0
"Neg",39888,"[M-H]-",12.985,"PS 18:0_20:3<OH> (b)","OxPS",879211,939141,754896,56668,45710,34938,0,0,0,0,0,0,0,0,0,0,0,0
"Neg",39887,"[M-H]-",13.196,"PS 18:0_20:3<OH> (c)","OxPS",59390,37307,30485,32817,25947,30351,9351,0,0,0,0,0,0,0,0,0,0,0
"Neg",39261,"[M-H]-",12.65,"PS 18:0_20:4 (a)","PS",3662918,4060959,4774426,62218,4426,23464,4417,7459,0,0,0,0,0,0,0,0,0,0
"Neg",39260,"[M-H]-",13.858,"PS 18:0_20:4 (b)","PS",7420365,7362990,7169626,898581,297016,438108,619469,860073,896775,76482,21788,135219,2200,0,3300,90020,3441,0
"Neg",39132,"[M-H]-",11.841,"PS 18:0_20:5 (a)","PS",834519,1044224,1041432,0,0,0,0,0,0,0,0,0,0,0,0,0,0,0
"Neg",39129,"[M-H]-",12.806,"PS 18:0_20:5 (b)","PS",1596512,1578506,1696740,105185,7604,7373,11522,31372,55789,0,0,0,0,0,0,0,0,0
"Neg",41004,"[M-H]-",14.523,"PS 18:0_22:3","PS",254626,391014,374437,0,0,0,0,0,0,0,0,0,0,3942,0,0,0,0
"Neg",40892,"[M-H]-",13.5,"PS 18:0_22:4 (a)","PS",1484968,886886,2103495,11368,7772,8654,8848,12852,0,0,0,0,0,0,0,0,0,0
"Neg",40889,"[M-H]-",15.155,"PS 18:0_22:4 (b)","PS",697862,439568,595321,9475,2536,2850,7395,12961,16068,0,0,4159,0,0,0,0,0,0
"Neg",41248,"[M-H]-",13.15,"PS 18:0_22:4<OH>","OxPS",56802,60307,46445,6716,0,0,0,0,0,0,0,0,0,0,0,0,0,0
"Neg",40763,"[M-H]-",12.632,"PS 18:0_22:5 (a)","PS",19752392,21804035,21816781,170930,32449,202467,107663,147844,48187,8383,0,3903,0,0,8503,4020,0,0
"Neg",40762,"[M-H]-",13.405,"PS 18:0_22:5 (b)","PS",279357,211686,208680,0,0,4850,0,0,0,0,0,0,0,0,0,0,0,0
"Neg",40760,"[M-H]-",14.265,"PS 18:0_22:5 (c)","PS",336460,519204,516636,14263,8708,14073,6244,12977,3634,2066,0,0,0,0,0,0,0,0
"Neg",40630,"[M-H]-",12.273,"PS 18:0_22:6 (a)","PS",9318863,10472113,10944663,222796,96193,105413,51403,41401,0,0,0,0,0,0,0,0,0,0
"Neg",40628,"[M-H]-",13.143,"PS 18:0_22:6 (b)","PS",138155,193807,360004,0,0,0,4991,0,0,0,0,0,0,0,0,0,0,0
"Neg",31486,"[M-H]-",7.28,"PS 18:0_9:0<oxo>","OxPS",9029,1748,11272,0,0,0,0,6918,5157,0,0,0,30,0,177,0,0,0
"Neg",37764,"[M-H]-",12.773,"PS 18:1_18:1","PS",19805408,23393628,24412712,421268,41027,432398,351131,519895,359451,7747,0,17900,0,0,0,6906,0,0
"Neg",37647,"[M-H]-",11.862,"PS 18:1_18:2 (a)","PS",598916,436925,643689,5304,0,9107,0,0,0,0,0,0,0,0,0,0,0,0
"Neg",37648,"[M-H]-",11.99,"PS 18:1_18:2 (b)","PS",792908,925183,866066,3856,0,9107,0,0,0,0,0,0,0,0,0,0,0,0
"Neg",37649,"[M-H]-",12.858,"PS 18:1_18:2 (c)","PS",0,0,0,0,0,0,0,0,0,0,0,0,0,6909,8337,0,0,0
"Neg",39471,"[M-H]-",13.944,"PS 18:1_20:1","PS",3463546,3236210,3393692,29016,4943,15730,18517,58897,5674,1950,3307,7381,0,0,0,2846,0,0
"Neg",39995,"[M-H]-",13.915,"PS 18:1_20:1<OH>","OxPS",0,0,0,0,174025,289166,8419,0,0,0,0,0,0,0,0,0,0,0
"Neg",41122,"[M-H]-",15.276,"PS 18:1_22:1","PS",2911402,3201036,3251281,3824,2488,3520,7206,8918,3598,0,0,0,0,0,0,0,0,0
"Neg",41440,"[M-H]-",15.649,"PS 18:1_22:1<OH>","OxPS",259073,295586,196530,3030,2280,3522,0,3250,2825,0,0,0,0,0,0,0,0,111
"Neg",41007,"[M-H]-",14.214,"PS 18:1_22:2","PS",66854,185760,163510,0,0,0,0,0,0,0,0,0,0,0,0,0,0,4090
"Neg",40629,"[M-H]-",11.629,"PS 18:1_22:5","PS",2456810,2626447,2649851,46583,17187,7131,0,3926,2970,2722,0,0,0,0,0,4094,0,0
"Neg",40513,"[M-H]-",11.299,"PS 18:1_22:6 (a)","PS",1628436,1993132,1845741,31991,41350,115887,0,4614,0,0,0,0,0,0,0,0,0,0
"Neg",40512,"[M-H]-",12.557,"PS 18:1_22:6 (b)","PS",2756885,2659855,2423058,457605,230243,147928,214774,59376,81633,5502,0,15730,3665,7311,4971,4244,7573,5883
"Neg",42717,"[M-H]-",16.725,"PS 18:1_24:1","PS",872988,483140,1158842,0,0,7670,6323,0,0,0,0,3804,0,0,0,0,0,0
"Neg",42601,"[M-H]-",15.454,"PS 18:1_24:2","PS",193545,312225,127033,0,0,0,0,0,0,0,3553,0,2497,0,2410,0,0,0
"Neg",39590,"[M-H]-",15.229,"PS 20:0_18:1","PS",1872211,843650,2249717,7694,0,11393,8388,21205,2906,0,0,0,0,0,0,0,0,0
"Neg",43774,"[M-H]-",13.862,"PS 20:1_24:5","PS",904295,975477,1236512,435436,43537,20089,9549,33279,39971,0,0,0,0,0,0,4286,0,0
"Neg",41248,"[M-H]-",16.753,"PS 22:0_18:1","PS",1269892,1760199,1961058,0,0,4034,5011,21627,5518,0,4006,0,0,0,0,3295,0,3998
"Neg",42842,"[M-H]-",18.379,"PS 24:0_18:1","PS",755107,514556,1355382,3928,0,4375,0,9622,0,0,0,0,0,3395,0,3454,4565,0
"Neg",37676,"[M-H]-",12.953,"PS 34:2<2oxo>","OxPS",0,0,0,338643,785612,1384960,147823,272313,228734,142070,190675,181337,64652,132861,99515,71370,57038,73108
"Neg",40737,"[M-H]-",12.372,"PS 38:3<2OH>","OxPS",18513000,18075514,18226542,6098705,3005651,3734640,4717326,5628284,6423575,1381376,729643,1525744,321974,148020,633158,436501,433221,295452
"Neg",41344,"[M-H]-",14.234,"PS 40:2<oxo>","OxPS",3207526,2823474,2701846,788687,521131,572295,293512,259398,313065,0,0,0,0,0,0,0,0,0
"Pos",39522,"[M+NH4]+",22.025,"TG 14:0_14:0_16:0","TG",3268683,2964794,2522664,1361573,1527532,1347239,1204147,1782413,1745205,1451449,1165571,1142999,1325215,1455657,1330742,1260711,988508,1175745
"Pos",39345,"[M+NH4]+",21.189,"TG 14:0_14:0_16:1","TG",1598022,1400235,1280794,377478,283042,352110,732420,662632,911055,935231,735478,767119,689576,802632,303560,747827,685631,569219
"Pos",40894,"[M+NH4]+",22.395,"TG 14:0_15:0_16:0","TG",1094070,1648799,1541064,741351,766352,599304,1120024,835608,747190,831400,636181,1107729,487626,522770,560984,1113792,588908,657938
"Pos",40700,"[M+NH4]+",21.64,"TG 14:0_15:0_16:1","TG",1068933,896526,763654,355401,477496,292947,398495,226409,333186,227980,403039,164078,162889,368403,355963,225964,367212,261914
"Pos",42346,"[M+NH4]+",22.758,"TG 14:0_16:0_16:0","TG",27682373,24096744,19581883,8254916,8059204,7724706,7028751,10331145,11028683,9671464,7181684,7635820,5809452,8475508,7474379,6850233,5350147,5415511
"Pos",42149,"[M+NH4]+",22.063,"TG 14:0_16:0_16:1","TG",13572712,12065307,9788777,4395792,4180757,3402541,3425761,4720877,5000380,3285729,2350582,2488247,2088682,2790605,2426764,2369758,2110893,1946424
"Pos",44841,"[M+NH4]+",22.783,"TG 14:0_16:0_18:1","TG",106790508,93755273,74151168,26205624,21748112,19072417,20497127,31553069,33686683,19766697,13679793,15298555,10231539,16355555,13953040,13558406,8938314,10143291
"Pos",46963,"[M+NH4]+",21.89,"TG 14:0_16:0_20:4","TG",422017,336137,295045,43851,51056,101112,53773,30643,45841,80966,66750,29385,41625,57423,44100,29756,46264,47074
"Pos",49500,"[M+NH4]+",21.882,"TG 14:0_16:0_22:5","TG",1143309,872916,814169,137981,92308,179130,58214,107409,119550,6584,13818,9333,3610,8511,13871,11688,4774,4411
"Pos",49325,"[M+NH4]+",21.532,"TG 14:0_16:0_22:6","TG",341561,277501,226365,52076,41008,12784,16789,16099,23565,0,0,0,0,0,0,0,0,0
"Pos",41964,"[M+NH4]+",21.25,"TG 14:0_16:1_16:1 (a)","TG",1361436,1268463,950024,244023,93755,205980,200171,444597,281034,52687,85077,128753,151940,214543,93263,169203,75089,33178
"Pos",41968,"[M+NH4]+",21.332,"TG 14:0_16:1_16:1 (b)","TG",1361436,1268463,950024,155324,488675,185043,144864,444597,144888,91122,85077,134652,151940,214543,166749,169203,136834,136329
"Pos",44659,"[M+NH4]+",22.099,"TG 14:0_16:1_18:1","TG",23431106,19520775,16456192,6167186,4016729,4547704,4930898,6985960,7554308,3974470,3177143,2281385,1382909,2268476,1727140,1789784,1066498,1128623
"Pos",44441,"[M+NH4]+",21.304,"TG 14:0_16:1_18:2","TG",1107597,366147,722927,136412,90413,43426,76859,180314,170624,80357,29804,33606,24020,11168,44145,25350,12742,14280
"Pos",43737,"[M+NH4]+",23.071,"TG 15:0_16:0_16:0","TG",8765724,7931009,6296444,3280274,3321304,3006273,2850184,4136547,3817038,3785383,2917076,2981046,2685465,3156047,3085944,2838702,2384017,2395290
"Pos",43551,"[M+NH4]+",22.437,"TG 15:0_16:0_16:1","TG",4458579,4193897,3659899,2339482,2174589,2007873,1842017,2311324,2478656,1949314,1670340,1741905,1025236,1827292,1668641,1670302,1525962,1770501
"Pos",46253,"[M+NH4]+",23.102,"TG 15:0_16:0_18:1","TG",24740011,22420281,17437994,6485094,5671962,5172061,5123889,7577897,8036127,5092210,3560003,4077495,2914727,4099966,3693617,3603913,2773557,2975593
"Pos",50754,"[M+NH4]+",22.289,"TG 15:0_16:0_22:5","TG",362025,237922,89885,21230,3689,4056,8950,19946,6732,25014,26200,56501,31572,23557,31525,14314,5603,12423
"Pos",45052,"[M+NH4]+",23.393,"TG 16:0_16:0_16:0","TG",112958149,101073922,81512242,33169386,32621763,31002450,26739580,42453266,43381697,39001667,26202656,29672531,21080782,33633598,29325925,25858920,18225555,20454792
"Pos",46438,"[M+NH4]+",23.675,"TG 16:0_16:0_17:0","TG",9932431,8918119,7295105,3300356,3310349,3244669,2902745,4180533,4229688,3844000,2838548,3134686,2615035,3468396,3214848,2792591,2226130,2448605
"Pos",47764,"[M+NH4]+",23.959,"TG 16:0_16:0_18:0","TG",65937980,56991214,47540590,19834850,19029001,18233638,16387989,24704420,25745162,22262101,15082297,17413430,12688357,20262009,17495721,14971508,10958315,12173782
"Pos",47560,"[M+NH4]+",23.412,"TG 16:0_16:0_18:1","TG",348845108,315958932,254577283,86775830,70053088,63550272,65171432,101582326,114190299,63097292,41460375,48215292,29366362,51139650,42565237,40744404,25589720,29288016
"Pos",49681,"[M+NH4]+",22.64,"TG 16:0_16:0_20:4","TG",2054021,1651807,1277733,626293,333920,418313,212659,236100,261624,74692,66489,78270,57148,80394,65243,77475,35238,39866
"Pos",49501,"[M+NH4]+",22.066,"TG 16:0_16:0_20:5","TG",551628,563046,423569,70594,96096,36696,37545,47427,51604,8315,0,0,8105,0,0,0,0,4471
"Pos",51817,"[M+NH4]+",22.321,"TG 16:0_16:0_22:6","TG",2632172,2267158,1810969,671332,533073,549661,298717,396031,462897,10568,7357,47252,10280,28334,10259,27541,33655,6735
"Pos",54082,"[M+NH4]+",25.044,"TG 16:0_16:0_23:0","TG",705368,701018,609608,531774,544476,478722,520278,575851,557773,513978,482488,488764,503758,554727,445830,501482,495682,272760
"Pos",55236,"[M+NH4]+",25.21,"TG 16:0_16:0_24:0","TG",3046921,2729634,2367229,1375234,1338757,1258207,1105256,1599971,1591144,1415986,1146371,1256425,1038697,1330783,1193893,1138330,963969,989977
"Pos",56279,"[M+NH4]+",25.353,"TG 16:0_16:0_25:0","TG",770164,711019,672700,539924,611901,514026,476360,611680,619448,525224,502798,508876,462438,477742,492354,485104,463249,572595
"Pos",62620,"[M+NH4]+",25.954,"TG 16:0_16:0_32:1","TG",479899,405507,343836,152189,91248,95568,113443,159303,189941,115209,47385,79838,45063,98675,56139,61496,67350,65111
"Pos",44658,"[M+NH4]+",22.288,"TG 16:0_16:1_16:1","TG",735347,703534,618846,398501,1150063,389315,365261,438608,400714,359471,309570,1160729,888092,1080462,773809,1163027,970128,872051
"Pos",46067,"[M+NH4]+",22.471,"TG 16:0_16:1_17:1","TG",5422694,4781942,3871526,1774692,910848,1346578,1338834,1676794,1882761,815886,503816,679813,573841,530240,544095,370855,399336,414927
"Pos",47352,"[M+NH4]+",22.817,"TG 16:0_16:1_18:1","TG",148653896,126797774,100720198,32677378,23442776,20984851,25929848,39391874,43562743,19770802,12890668,14996785,9131687,14514848,12559783,12933932,7913320,9110173
"Pos",46962,"[M+NH4]+",21.519,"TG 16:0_16:1_18:3","TG",810570,609079,689447,110332,95358,59779,144974,123524,146754,55993,34672,27654,25845,30628,26633,28014,18350,22473
"Pos",51818,"[M+NH4]+",21.9,"TG 16:0_16:1_22:5","TG",1692049,1369885,751155,338470,275103,165899,157312,207021,258577,25819,115913,51062,30206,50161,20148,33729,83747,57236
"Pos",51635,"[M+NH4]+",21.569,"TG 16:0_16:1_22:6","TG",1083845,891849,768989,220673,155221,90593,30415,43874,95095,0,0,0,0,0,0,0,0,0
"Pos",48918,"[M+NH4]+",23.696,"TG 16:0_17:0_18:1","TG",26116323,22995533,18531066,6593500,5276029,4848446,4999663,7339147,8190821,4984146,3219813,3934276,2660882,3914323,3553433,3298355,2254602,2519966
"Pos",53234,"[M+NH4]+",22.952,"TG 16:0_17:0_22:5","TG",247681,234848,108240,32883,10496,6785,5354,15154,16806,4682,0,0,0,0,0,0,0,0
"Pos",48712,"[M+NH4]+",23.119,"TG 16:0_17:1_18:1","TG",27908488,24412828,18752957,6298025,4405424,3928373,5044127,6935052,8166520,3671057,2302567,2907032,1793235,2889818,2377661,2448683,1682035,1817892
"Pos",53062,"[M+NH4]+",22.286,"TG 16:0_17:1_22:5","TG",361996,353919,256024,31948,0,6701,0,7878,6117,0,0,0,0,0,0,0,0,0
"Pos",50410,"[M+NH4]+",24.442,"TG 16:0_18:0_18:0","TG",15626958,14081317,11037511,5343955,5053330,4807120,4283701,6308255,6711121,5653869,3919704,4582878,3520856,4987251,4535166,3907366,3204226,3396328
"Pos",50217,"[M+NH4]+",23.971,"TG 16:0_18:0_18:1","TG",143389495,124829427,102554031,37259277,29749030,27556465,28233992,43081029,48315609,26623701,17231436,20411247,12836645,22017373,18177375,17437698,11270738,12942975
"Pos",51454,"[M+NH4]+",24.203,"TG 16:0_18:0_19:1","TG",8414180,7393338,5890071,2261619,1927376,1720614,1769202,2608301,2954842,1812289,1138891,1466040,880529,1410953,1248177,1166042,847952,920162
"Pos",52878,"[M+NH4]+",24.854,"TG 16:0_18:0_20:0","TG",3638336,3306492,2785778,1571760,1556924,1509288,1336780,1790586,1818638,1626003,1312807,1480649,1369166,1509742,1467810,1341895,1214646,1242470
"Pos",52670,"[M+NH4]+",24.451,"TG 16:0_18:0_20:1","TG",27314129,24644057,19285472,7699104,5919782,5393766,5638332,8192278,9582022,5430765,3404062,4332684,2647281,4340123,3834813,3745688,2417175,2631810
"Pos",55038,"[M+NH4]+",24.854,"TG 16:0_18:0_22:1","TG",9831129,8734777,6982851,2613037,2320599,2033596,2084171,3074267,3259313,2049483,1460361,1705132,1189379,1657919,1476193,1501420,1035854,1145962
"Pos",54388,"[M+NH4]+",23.23,"TG 16:0_18:0_22:5","TG",3921278,3471721,2427738,766857,277386,515636,209681,393929,643731,106387,20138,32243,8427,35630,13898,51029,41757,11575
"Pos",54224,"[M+NH4]+",23.008,"TG 16:0_18:0_22:6","TG",1916098,1703443,1356087,393109,365647,278059,168292,218308,271447,0,0,4055,0,0,0,0,0,0
"Pos",57329,"[M+NH4]+",25.498,"TG 16:0_18:0_24:0","TG",2112343,1958529,1663507,928558,874196,829071,821329,1088919,1009518,949884,783195,805526,653902,942759,828659,782041,617499,659265
"Pos",59366,"[M+NH4]+",25.741,"TG 16:0_18:0_26:0","TG",638291,614634,499570,289083,317218,282119,294386,346283,339876,295984,225881,268451,224017,306581,275664,238655,230833,221343
"Pos",50031,"[M+NH4]+",23.43,"TG 16:0_18:1_18:1","TG",361036628,311775062,257542014,82729992,57322108,50677140,64120238,96942121,112270151,48105902,29669620,37156972,20383262,35109577,29512937,30604095,18399255,21142482
"Pos",49851,"[M+NH4]+",22.855,"TG 16:0_18:1_18:2","TG",87498774,72940034,60398843,19765721,13435863,12077816,16150037,22299075,24851372,10355219,7554809,8604273,5572337,7885949,7118931,7800998,5526552,5876665
"Pos",51252,"[M+NH4]+",23.708,"TG 16:0_18:1_19:1","TG",24694157,21271219,17193259,5507768,3666708,3296604,4242959,6186981,6970599,3079861,1891329,2457185,1396004,2178488,1911857,2015843,1239916,1434770
"Pos",52472,"[M+NH4]+",23.982,"TG 16:0_18:1_20:1","TG",111274231,92721883,78357441,26428669,17999055,16021657,20529479,30392820,35470173,14684341,9099539,11501542,6660153,10719293,8962451,9729507,5821715,6646714
"Pos",51982,"[M+NH4]+",22.617,"TG 16:0_18:1_20:4","TG",6468456,5774410,4863651,1816781,1273758,1274201,913254,761813,801271,157623,73241,315116,95031,45481,61444,84072,160214,83167
"Pos",51816,"[M+NH4]+",22.09,"TG 16:0_18:1_20:5","TG",1053229,1090344,756258,140755,68814,123077,76807,67881,125172,50947,16735,38563,12336,18459,22991,29848,46033,10683
"Pos",53406,"[M+NH4]+",23.339,"TG 16:0_18:1_21:3","TG",1574371,1331811,631459,155270,80215,28645,65114,69147,135713,0,0,8794,8644,19262,7413,7402,5239,12784
"Pos",54389,"[M+NH4]+",23.081,"TG 16:0_18:1_22:4","TG",2950651,4304251,2106554,663403,805566,350877,528118,916967,758717,106387,24224,38299,19245,57303,76867,16326,25890,46677
"Pos",54226,"[M+NH4]+",22.624,"TG 16:0_18:1_22:5","TG",7768198,6391292,5348178,1640490,1068248,1041692,808885,1074901,1341746,28566,27137,42616,5757,4646,19507,11989,4292,8484
"Pos",54064,"[M+NH4]+",22.345,"TG 16:0_18:1_22:6","TG",5170360,4369677,3510258,1124907,778942,687603,450908,591560,763413,0,0,0,0,0,0,0,0,0
"Pos",57017,"[M+NH4]+",24.855,"TG 16:0_18:1_24:1","TG",12268618,10880041,8736149,2846186,2105235,1784385,2218573,3285604,3831675,1728316,1063315,1322671,787737,1202739,1061180,1193310,392343,844081
"Pos",58070,"[M+NH4]+",25.031,"TG 16:0_18:1_25:1","TG",1348150,1169804,1001400,413951,248055,270442,310974,459851,524642,241459,119600,121468,133331,170176,171024,131878,51816,112011
"Pos",59077,"[M+NH4]+",25.199,"TG 16:0_18:1_26:1","TG",7734520,6933586,5504185,1971774,1352481,1199541,1500289,2202852,2554442,1142027,756295,919939,513800,814328,726813,815041,439249,544035
"Pos",62547,"[M+NH4]+",25.729,"TG 16:0_18:1_30:1","TG",1295173,1154820,932341,329194,243573,183891,251367,380277,415215,213841,127518,157150,62869,140478,128758,111839,82887,65378
"Pos",63819,"[M+NH4]+",25.948,"TG 16:0_18:1_32:1","TG",676753,600648,455222,172834,77032,104058,140124,216084,237057,107984,61433,69564,25685,46574,33861,76567,9044,20469
"Pos",49502,"[M+NH4]+",21.622,"TG 16:0_18:2_18:3","TG",657080,610340,494411,280444,204513,213118,252721,283165,276071,240025,131542,206549,168550,207107,188191,184778,215876,190166
"Pos",60019,"[M+NH4]+",25.346,"TG 16:0_19:1_26:1","TG",770242,715458,590129,242962,156271,173842,169786,276966,288368,73309,77116,40262,62909,69841,83036,115654,34446,38682
"Pos",60911,"[M+NH4]+",25.484,"TG 16:0_20:1_26:1","TG",3087242,2822015,2178589,754486,535117,501023,621049,897378,1035581,462403,291343,413570,143248,331907,263490,304008,206964,202969
"Pos",55693,"[M+NH4]+",23.824,"TG 16:0_20:2_21:2","TG",461434,277696,526647,78758,18758,20361,46910,39890,50875,8357,4541,4130,7037,8961,2720,4122,4381,0
"Pos",55965,"[M+NH4]+",21.73,"TG 16:0_20:4_22:5","TG",206695,106662,72334,7982,0,3969,0,8218,16970,5874,0,3359,3096,5195,0,0,0,3349
"Pos",58060,"[M+NH4]+",22.319,"TG 16:0_22:4_22:5","TG",43559,5826,9504,15311,70262,95204,0,3777,3443,0,0,0,0,0,0,0,0,0
"Pos",57911,"[M+NH4]+",21.999,"TG 16:0_22:4_22:6","TG",101,4400,10610,0,0,0,0,0,0,0,0,0,0,4304,0,0,0,3789
"Pos",57743,"[M+NH4]+",21.382,"TG 16:0_22:5_22:6","TG",100763,58106,46809,0,0,0,0,0,0,0,0,6951,0,0,0,0,0,0
"Pos",57172,"[M+NH4]+",25.213,"TG 16:0_24:0_18:1","TG",7923502,7100084,5836956,2323239,1932383,1740552,1756100,2627732,2959697,1785725,1249237,1487923,957322,1512453,1281342,1298195,929427,1012187
"Pos",58218,"[M+NH4]+",25.36,"TG 16:0_25:0_18:1","TG",1011928,945077,805126,412335,385190,342519,364964,468261,471434,335598,281434,312911,242641,282340,276067,306053,256124,279139
"Pos",59220,"[M+NH4]+",25.498,"TG 16:0_26:0_18:1","TG",4009437,3644275,2841464,1234768,999551,912253,915869,1354101,1462398,907993,603293,761524,443122,741053,639314,690842,436920,480684
"Pos",44440,"[M+NH4]+",21.412,"TG 16:1_16:1_16:1","TG",459800,191339,259721,133275,130374,333714,100733,180314,115789,80357,13613,37468,66512,96391,37523,46094,124583,96880
"Pos",47146,"[M+NH4]+",22.143,"TG 16:1_16:1_18:1","TG",17486560,15200809,12659170,4073886,2287067,2417643,3122658,4459155,5032181,1403257,889553,1691734,643721,1139541,579551,769933,470227,316456
"Pos",49322,"[M+NH4]+",21.057,"TG 16:1_16:1_20:4","TG",38410,40471,22856,3263,4438,4160,0,3682,3615,0,3401,5536,0,4129,3390,0,0,0
"Pos",48519,"[M+NH4]+",22.512,"TG 16:1_17:1_18:1","TG",3992596,3033001,2642374,738234,487763,252731,759248,793307,765110,97199,189727,101263,94945,200276,170307,184738,44248,96846
"Pos",49682,"[M+NH4]+",22.277,"TG 16:1_18:1_18:2","TG",8689294,7640111,6854271,3204030,2505952,2448856,2767415,3291118,3288955,2232130,2020984,2247716,1921180,2253593,2113512,2284989,1898975,1930760
"Pos",51634,"[M+NH4]+",21.325,"TG 16:1_18:1_20:5","TG",69201,89099,25350,10705,0,0,4634,0,5894,0,0,0,5840,0,0,5103,0,0
"Pos",54065,"[M+NH4]+",21.949,"TG 16:1_18:1_22:5","TG",892392,203305,570006,80482,105706,48001,50173,57801,67523,0,3734,0,0,0,0,0,7271,4111
"Pos",53897,"[M+NH4]+",21.61,"TG 16:1_18:1_22:6","TG",994013,768228,650406,184738,56470,35312,12172,17670,33265,0,0,0,0,0,0,0,0,0
"Pos",51072,"[M+NH4]+",23.144,"TG 17:1_18:1_18:1","TG",12199019,10307552,8414170,2502931,1429401,1406755,2022515,2726333,3245672,1044626,697773,875199,491075,644681,535224,571422,324490,393323
"Pos",50920,"[M+NH4]+",22.641,"TG 17:1_18:1_18:2","TG",1145089,853502,423513,83614,76413,24351,65532,153366,151902,47997,23012,5151,9779,17707,9485,19087,5357,14786
"Pos",55396,"[M+NH4]+",22.95,"TG 17:1_18:1_22:4","TG",379851,260481,225784,55263,5514,14475,12074,5900,30873,0,0,0,0,0,0,0,0,0
"Pos",55221,"[M+NH4]+",22.306,"TG 17:1_18:1_22:5","TG",51963,75885,60468,3165,0,0,0,0,0,0,0,0,0,0,0,0,0,0
"Pos",57923,"[M+NH4]+",24.662,"TG 17:1_18:1_24:1","TG",776020,666399,547371,122954,91123,97590,130355,208821,194952,45846,23786,49270,8656,20766,11935,26814,4506,3779
"Pos",53739,"[M+NH4]+",24.213,"TG 18:0_18:1_19:1","TG",6362570,5356943,4554407,1581522,1064123,955189,1202189,1771208,2010896,898067,575140,693570,353311,659266,543803,555557,299511,360516
"Pos",54870,"[M+NH4]+",24.454,"TG 18:0_18:1_20:1","TG",22711086,19500039,15443925,5428498,3812315,3389670,4253851,6008572,7163186,3229583,1904999,2459116,1415218,2247157,1969836,1971532,1259228,1437998
"Pos",56569,"[M+NH4]+",23.699,"TG 18:0_18:1_22:4","TG",1940396,2237974,1887372,446069,260691,200607,86350,133577,202177,0,0,13860,4250,0,0,3471,0,0
"Pos",56424,"[M+NH4]+",23.234,"TG 18:0_18:1_22:5","TG",5607496,4833328,3370788,938325,680008,440678,320978,560976,827849,7834,0,3696,4501,3739,0,0,0,0
"Pos",56270,"[M+NH4]+",23.024,"TG 18:0_18:1_22:6","TG",2327280,2059756,1546486,408415,243913,210284,179096,198668,301692,0,0,0,0,0,0,0,0,0
"Pos",61047,"[M+NH4]+",25.737,"TG 18:0_26:0_18:1","TG",1263781,1123899,938159,386448,311720,284086,302416,405242,443982,276952,195248,236807,164389,258030,213362,205019,78001,163314
"Pos",52320,"[M+NH4]+",23.454,"TG 18:1_18:1_18:1","TG",132804419,113782770,94637144,31244267,20164385,17966699,26419345,36082158,42063704,17319065,11801076,14793029,9089123,13220733,11698566,12713394,9099866,9252865
"Pos",52149,"[M+NH4]+",22.945,"TG 18:1_18:1_18:2","TG",24773521,21387310,18687387,8021341,5886534,5485676,7129931,8134591,9218942,5457665,4659735,5054348,4252822,5017539,4695671,4929800,4410674,4376770
"Pos",53557,"[M+NH4]+",23.723,"TG 18:1_18:1_19:1","TG",8843406,7400699,6000785,1815781,1016042,919480,1376800,1957000,2227080,720283,401641,612578,255130,461539,366404,429373,215471,248816
"Pos",53405,"[M+NH4]+",23.235,"TG 18:1_18:1_19:2","TG",1574371,1331811,149288,126220,62877,23614,110012,122284,114738,25528,12253,11951,4003,9130,3605,7402,8738,12784
"Pos",54707,"[M+NH4]+",23.988,"TG 18:1_18:1_20:1","TG",35162962,28631854,24101082,7662057,4712425,4142391,6013744,8497598,10042562,3528745,2072478,2611728,1399463,2280360,1945606,2349899,1342880,1508803
"Pos",54550,"[M+NH4]+",23.526,"TG 18:1_18:1_20:2","TG",9701287,8289250,6748763,2258281,1428227,1268320,1017052,1181668,2556618,715005,362677,321299,175068,245404,330303,454310,219109,128969
"Pos",56272,"[M+NH4]+",22.645,"TG 18:1_18:1_22:5","TG",3258516,2731007,2322231,706444,311331,160862,337987,353287,570748,0,0,0,0,0,0,0,0,0
"Pos",56097,"[M+NH4]+",22.369,"TG 18:1_18:1_22:6","TG",2593339,2138711,1773590,500601,363202,327085,190954,293348,387828,0,0,0,0,0,0,0,0,0
"Pos",58938,"[M+NH4]+",24.855,"TG 18:1_18:1_24:1","TG",5782983,5034633,3939802,1201884,743961,621143,916413,1349011,1633962,539356,342342,435207,197405,336003,240420,344352,203014,220894
"Pos",58789,"[M+NH4]+",24.493,"TG 18:1_18:1_24:2","TG",1570873,1368897,1063467,345257,141892,105525,213982,325976,385626,43286,11267,37349,15829,21135,29128,35978,4273,8249
"Pos",59897,"[M+NH4]+",25.026,"TG 18:1_18:1_25:1","TG",520064,415539,354010,120723,47584,50075,66217,119987,160753,48369,11791,8783,3214,2913,0,34095,3359,7382
"Pos",60800,"[M+NH4]+",25.191,"TG 18:1_18:1_26:1","TG",2742406,2401921,2023248,602145,390055,347214,518173,727767,885705,279358,150068,193268,106877,150150,151242,169855,90118,73264
"Pos",60683,"[M+NH4]+",24.871,"TG 18:1_18:1_26:2","TG",914542,807489,589393,163895,69870,49969,110082,171785,194586,29795,5456,8246,3592,4072,4117,9875,0,8000
"Pos",63734,"[M+NH4]+",25.726,"TG 18:1_18:1_30:1","TG",581665,562725,429542,118451,71514,65310,102989,156498,199123,56837,18506,24876,4006,15000,6077,35628,6574,3493
"Pos",64763,"[M+NH4]+",25.939,"TG 18:1_18:1_32:1","TG",391045,342795,244000,29126,37761,17345,40590,99981,108178,30952,8957,14797,0,20777,7665,0,0,7864
"Pos",51981,"[M+NH4]+",22.318,"TG 18:1_18:2_18:2","TG",5089041,4720494,4527708,3078240,2674278,2604274,3070537,3248248,3229908,2998832,2770823,2901432,2765882,3061467,2919723,2941645,2929412,2917906
"Pos",56098,"[M+NH4]+",22.038,"TG 18:1_18:2_22:5","TG",48316,58464,73897,6278,14588,18729,0,5138,4267,0,0,0,0,0,0,0,0,0
"Pos",55844,"[M+NH4]+",24.226,"TG 18:1_19:1_20:1","TG",2041573,1705858,1433254,434475,270073,215740,363878,500539,582955,163261,75514,134333,33824,34243,68645,118235,13814,46994
"Pos",57323,"[M+NH4]+",22.967,"TG 18:1_19:1_22:5","TG",131013,19475,31344,0,0,0,0,0,0,0,0,0,0,0,0,0,0,0
"Pos",56858,"[M+NH4]+",24.463,"TG 18:1_20:1_20:1","TG",9218296,7773906,6282312,2039846,1212043,1072245,1552879,2276159,2697690,914607,498222,686049,344331,546898,501352,547722,303148,341235
"Pos",56719,"[M+NH4]+",24.063,"TG 18:1_20:1_20:2","TG",3565486,2844242,2448509,734569,315649,289616,270354,739605,880955,149544,49960,114771,40704,112559,24545,70365,47590,49175
"Pos",58644,"[M+NH4]+",24.144,"TG 18:1_20:1_22:3","TG",452173,556792,262407,52001,17262,5481,8701,27725,71572,0,0,0,0,0,0,0,0,0
"Pos",58483,"[M+NH4]+",23.736,"TG 18:1_20:1_22:4","TG",1316563,1104076,844598,236728,64630,40329,61997,22725,219202,0,0,0,0,0,0,0,0,0
"Pos",58351,"[M+NH4]+",23.236,"TG 18:1_20:1_22:5","TG",1047446,1234994,540424,179681,71446,91631,102645,159958,76355,0,0,0,0,0,0,0,0,0
"Pos",58211,"[M+NH4]+",23.028,"TG 18:1_20:1_22:6","TG",617855,612191,479086,47570,43140,18104,9123,18191,7820,0,0,0,0,0,0,0,0,0
"Pos",62440,"[M+NH4]+",25.475,"TG 18:1_20:1_26:1","TG",1039145,928000,714554,240040,122217,81048,192406,257231,286376,79811,8829,82374,4234,70055,37529,47621,15287,19359
"Pos",58210,"[M+NH4]+",22.765,"TG 18:1_20:2_22:5","TG",162081,54689,65343,7143,0,9329,0,7338,0,0,0,0,0,0,0,0,0,0
"Pos",58061,"[M+NH4]+",22.184,"TG 18:1_20:3_22:5","TG",0,6903,9504,5484,36150,30782,0,0,0,0,0,0,0,0,0,0,0,0
"Pos",57912,"[M+NH4]+",21.723,"TG 18:1_20:4_22:5","TG",73528,22452,38747,0,0,4784,0,3379,0,0,0,0,0,0,0,0,0,0
"Pos",60400,"[M+NH4]+",24.209,"TG 18:1_22:1_22:4","TG",141537,69985,67191,11239,5316,9668,0,3322,0,0,0,0,0,0,0,0,0,0
"Pos",60273,"[M+NH4]+",23.779,"TG 18:1_22:1_22:5","TG",345043,172497,243530,23760,4893,4229,0,4208,8004,0,0,0,0,0,0,0,0,0
"Pos",60015,"[M+NH4]+",22.882,"TG 18:1_22:4_22:4","TG",0,0,0,0,0,6399,0,3872,0,0,0,0,0,0,0,0,3515,0
"Pos",59889,"[M+NH4]+",22.333,"TG 18:1_22:4_22:5","TG",9946,4457,5248,0,4433,10900,0,0,0,0,0,0,0,0,0,0,0,3443
"Pos",59743,"[M+NH4]+",22.043,"TG 18:1_22:4_22:6","TG",0,0,0,0,0,0,0,0,0,0,0,0,0,0,0,0,0,0
"Pos",59742,"[M+NH4]+",21.735,"TG 18:1_22:5_22:5","TG",10115,0,5824,0,0,0,0,0,0,0,0,0,0,0,0,0,0,0
"Pos",59594,"[M+NH4]+",21.411,"TG 18:1_22:5_22:6","TG",38836,16005,5237,0,0,0,0,0,0,0,0,0,8076,0,0,0,0,0
"Pos",60541,"[M+NH4]+",24.577,"TG 18:1_24:1_20:3","TG",244447,216892,90605,4623,4995,5592,3441,13152,7911,0,0,0,0,0,0,0,0,3732
"Pos",51815,"[M+NH4]+",21.622,"TG 18:2_18:2_18:2","TG",1984938,1731181,1710927,1475190,1279997,1244101,1555822,1474697,1496305,1579323,1472285,1504791,1464627,1578506,1481887,1584388,1434686,1463176
"Pos",18807,"[M+NH4]+",10.768,"TG 8:0_8:0_10:0","TG",111264,151387,108028,53953,33549,31229,72395,61884,31662,20297,63802,47606,174352,546355,23846,31099,22377,136685
"Pos",16801,"[M+NH4]+",9.496,"TG 8:0_8:0_8:0 (a)","TG",24117,142323,270929,126166,48967,1491681,209575,332904,209950,57912,34345,99019,498681,250491,93804,73593,116761,351783
"Pos",16802,"[M+NH4]+",9.891,"TG 8:0_8:0_8:0 (b)","TG",52517,118209,63307,18679,14785,25920,26251,32718,30754,18906,12324,6016,68254,327666,15451,39464,0,41055
