"Polarity","Alignment.ID","Adduct.type","Average.Rt.min.","Metabolite.curated","Ontology","Fenton_0h_1","Fenton_0h_2","Fenton_0h_3","Fenton_1min_1","Fenton_1min_2","Fenton_1min_3","Fenton_20min_1","Fenton_20min_2","Fenton_20min_3","Fenton_4h_1","Fenton_4h_2","Fenton_4h_3","Fenton_24h_1","Fenton_24h_2","Fenton_24h_3","Fenton_72h_1","Fenton_72h_2","Fenton_72h_3","H2O2_0h_1","H2O2_0h_2","H2O2_0h_3","H2O2_1min_1","H2O2_1min_2","H2O2_1min_3","H2O2_20min_1","H2O2_20min_2","H2O2_20min_3","H2O2_4h_1","H2O2_4h_2","H2O2_4h_3","H2O2_24h_1","H2O2_24h_2","H2O2_24h_3","H2O2_72h_1","H2O2_72h_2","H2O2_72h_3"
"Neg",61180,"[M-H]-",23.249,"CL 14:0_16:0_16:0_18:1","CL",274746,278053,249638,0,0,0,7697,18941,0,4135,0,0,0,0,0,0,0,0,88753,346016,292705,226982,164564,167701,84462,106582,85840,185595,440049,429084,390463,358832,374781,170574,467845,326072
"Neg",61102,"[M-H]-",22.147,"CL 14:0_16:1_16:1_18:1","CL",540184,440012,413078,0,3230,0,22505,37123,0,0,0,0,0,0,0,3217,5178,0,580242,632699,558791,584147,436290,327692,365696,251379,475987,691743,472573,801871,525218,660147,681050,672669,858682,744498
"Neg",61146,"[M-H]-",22.722,"CL 14:0_18:1_16:0_16:1","CL",363782,413445,376937,0,0,10523,5444,37028,0,0,0,0,0,0,4140,0,0,0,375742,318052,448753,452848,320663,420900,273695,219166,392533,469842,359262,429798,662303,234873,610211,575983,685048,508950
"Neg",62045,"[M-H]-",23.48,"CL 15:0_18:1_16:0_18:1","CL",268809,226640,170096,0,0,0,4203,5613,0,0,0,0,0,0,0,0,0,0,220118,334983,149262,268873,122888,299238,152594,95830,203668,270636,453698,429408,253369,231598,340283,266931,401959,358030
"Neg",61787,"[M-H]-",23.729,"CL 16:0_16:0_16:0_18:1","CL",619469,556205,492161,0,0,3377,20669,23535,0,17165,0,0,3577,0,4845,6964,4002,5699,505773,794733,701852,643228,484635,633218,323313,322521,434082,652104,1027446,907263,766480,716531,728223,645058,882837,726747
"Neg",61750,"[M-H]-",23.246,"CL 16:0_16:1_16:0_18:1","CL",1971212,1851092,1696946,0,3861,49010,137340,259509,18218,21220,0,12266,0,0,3406,42018,0,0,1639218,2299340,1963287,1983623,1321517,2030220,1159387,1116687,1421192,1897608,2885371,2891316,2536500,2118085,2414322,2021628,2785694,2329467
"Neg",61702,"[M-H]-",22.73,"CL 16:0_16:1_16:1_18:1 (a)","CL",2112639,2282047,1844304,4507,0,57900,299477,442191,30430,8388,0,0,0,0,4240,30438,5218,0,1922934,2579506,2314503,2308467,1595779,2169728,1417343,1221990,1778473,2866762,3123281,3261819,3306715,2415399,2979675,2583836,3254514,2639323
"Neg",61701,"[M-H]-",22.989,"CL 16:0_16:1_16:1_18:1 (b)","CL",288091,111530,245206,0,0,5133,12360,34096,0,3477,0,0,0,0,0,3362,0,0,217785,269527,328416,231967,191474,176962,175199,62958,145365,106359,373678,317232,129597,304655,114959,214157,168611,210858
"Neg",62002,"[M-H]-",23.002,"CL 16:0_17:1_16:1_18:1","CL",633587,367643,516382,0,0,0,55149,57615,0,0,0,0,0,0,0,0,0,0,557102,729917,665607,703090,457274,647368,348934,161189,524261,675189,936283,809148,817268,730757,705726,691303,862676,690927
"Neg",62336,"[M-H]-",23.712,"CL 16:0_18:1_16:0_18:1 (a)","CL",5294614,4858239,4259549,36892,27708,262568,840487,1184732,97791,210535,4731,139128,0,4021,16007,107793,56144,0,5002224,6857758,5656873,5903906,3964798,5680287,3079556,3225710,4184788,5693164,8516620,8234611,6730250,6377593,6693320,5654480,7694115,6344829
"Neg",62339,"[M-H]-",24.508,"CL 16:0_18:1_16:0_18:1 (b)","CL",20215,52853,18585,3262,0,0,0,4096,0,0,0,0,0,0,0,0,0,0,41185,40486,259960,36849,20727,26080,9280,14959,19478,27905,63366,29885,26747,54495,26686,45530,33534,26179
"Neg",62338,"[M-H]-",24.871,"CL 16:0_18:1_16:0_18:1 (c)","CL",6436,6190,3669,0,0,0,0,0,0,0,0,0,0,0,0,0,0,0,4237,4511,20046,8657,11020,5216,12600,0,0,74251,30550,24621,2724,15163,18352,5193,15884,60288
"Neg",62296,"[M-H]-",23.243,"CL 16:0_18:1_16:1_18:1","CL",6052958,5531238,4795403,33782,18265,310446,569962,1139683,169199,105653,0,59230,0,0,0,166671,37494,10366,5194545,7290138,5810910,6114853,4488886,5807319,3633097,3395849,4671398,6279686,8663274,8508475,7579731,6730638,7129041,6309257,8303428,6743359
"Neg",62654,"[M-H]-",23.924,"CL 16:0_18:1_17:0_18:1","CL",275056,220733,89240,0,4107,0,3591,33032,0,3373,0,0,0,0,0,0,0,0,155317,351160,287822,175714,253195,340401,33463,53874,142952,276129,508633,436829,387507,312120,369232,312931,473047,344891
"Neg",62606,"[M-H]-",23.476,"CL 16:0_18:1_17:1_18:1","CL",661890,534772,509321,0,0,0,39552,15108,0,2445,0,3663,0,0,0,0,0,0,614576,787928,659435,745615,515686,693355,383219,307433,493057,749230,1035222,973305,872470,751034,875052,713547,989730,710777
"Neg",62989,"[M-H]-",24.146,"CL 16:0_18:1_18:0_18:1","CL",174102,430770,366667,0,0,0,42104,15878,0,0,0,3401,0,0,0,0,3222,0,434928,555870,520923,527391,235778,520403,141808,247912,285042,484570,781403,746628,553199,582154,606356,490254,687367,539711
"Neg",62943,"[M-H]-",23.716,"CL 16:0_18:1_18:1_18:1 (a)","CL",3253783,2195241,2653130,0,4261,43997,422332,709962,39733,29749,0,14099,0,0,0,57398,9283,0,3038189,4179720,3555502,3659005,2543637,3491072,1880065,1996846,2368038,3563540,4968690,4819072,4340712,3894455,4016403,3613759,4636036,4020371
"Neg",62941,"[M-H]-",23.989,"CL 16:0_18:1_18:1_18:1 (b)","CL",97274,84756,84801,3683,0,4129,7191,50453,3687,5093,0,0,0,0,0,0,3791,0,117007,120029,99352,117691,97990,89674,91334,72122,159916,96167,453214,161165,119613,109712,117329,250482,137680,112601
"Neg",62942,"[M-H]-",24.871,"CL 16:0_18:1_18:1_18:1 (c)","CL",8064,404,0,0,0,0,0,0,0,0,0,0,0,0,0,0,0,0,16901,5601,0,9818,0,4641,11017,0,0,50461,3818,3939,3089,4271,0,6701,20201,35042
"Neg",62893,"[M-H]-",23.67,"CL 16:0_18:2_18:1_18:1","CL",407627,1430727,320108,0,11037,4137,19729,134273,3481,0,0,3561,0,0,0,6873,0,0,153050,208945,332359,546196,171409,422685,376153,114800,123979,325580,251268,847644,260926,688481,182918,263258,942261,785397
"Neg",61053,"[M-H]-",21.514,"CL 16:1_16:1_16:1_16:1","CL",169506,141972,222584,0,0,0,0,3452,5782,0,4495,0,0,0,0,0,4662,0,289904,204591,286499,273254,169910,245173,172319,127806,269314,396621,433082,305543,252328,373655,335746,353883,480596,321426
"Neg",61655,"[M-H]-",22.166,"CL 16:1_16:1_16:1_18:1","CL",2683240,2492274,2149413,10306,0,48957,276248,443420,60570,2940,0,0,0,0,0,18838,0,0,2800232,3070725,2947493,3035120,2195725,2920547,2041816,1498525,2476602,3378257,3915739,4000778,2163611,3313984,3280910,3358436,4208004,3675765
"Neg",61619,"[M-H]-",21.588,"CL 16:1_16:1_16:1_18:2","CL",407503,448092,217002,0,0,0,19161,15387,6324,0,0,0,0,0,0,0,0,0,346958,558638,562620,579398,345727,554403,197175,161305,439943,603349,658880,674617,658472,610627,673470,566239,702668,537045
"Neg",61957,"[M-H]-",22.471,"CL 16:1_17:1_17:1_17:1","CL",631156,525500,480828,0,0,0,19807,36449,6278,0,0,0,0,0,0,0,0,0,592140,675707,683675,664943,539017,620946,323676,276865,534397,863358,979392,1020141,850569,731981,570629,719617,892134,639933
"Neg",62244,"[M-H]-",22.737,"CL 16:1_18:1_16:1_18:1 (a)","CL",7287805,8301426,6648229,96723,63721,264437,1221095,1442511,209300,63100,0,12922,0,3710,4509,145586,6739,0,7511154,8615950,8431940,7824628,6455649,7662823,5784628,4328480,7289107,10838911,12849196,11420795,10155488,8571912,10429263,9202513,12178121,9254891
"Neg",62245,"[M-H]-",22.986,"CL 16:1_18:1_16:1_18:1 (b)","CL",1163875,377505,869335,19036,4526,32073,76876,103378,55146,0,0,4486,0,0,0,0,0,0,1143164,1440719,1358941,1154989,290606,918967,243944,576871,370796,410163,627007,1112973,1241497,899862,426149,691864,467032,977536
"Neg",62243,"[M-H]-",23.724,"CL 16:1_18:1_16:1_18:1 (c)","CL",78231,41598,36854,0,0,4167,0,0,0,0,0,0,0,0,0,0,0,0,41176,39463,113065,69683,55348,76486,19943,22944,27306,42987,64901,172028,45095,108033,157957,52897,120296,83834
"Neg",62207,"[M-H]-",22.226,"CL 16:1_18:1_16:1_18:2 (a)","CL",3378426,3252219,2731370,13306,9287,84434,238454,460568,132452,0,0,0,0,4350,0,0,0,0,3763237,4034766,3909620,3823255,3076635,3869263,2612274,1837602,3129905,4583221,4961419,5405957,4933773,4285391,3963168,4306514,5217991,4604901
"Neg",62206,"[M-H]-",23.248,"CL 16:1_18:1_16:1_18:2 (b)","CL",167473,131477,215417,0,0,0,4444,4714,0,0,0,0,0,0,0,0,0,0,205027,150718,152208,152622,102625,143564,67237,77485,76261,221331,207758,315944,296510,169025,329109,219253,377255,280999
"Neg",62736,"[M-H]-",22.094,"CL 16:1_18:1_16:1_20:4","CL",439747,351245,579139,0,4053,0,4948,16512,0,0,0,0,0,0,0,3285,4750,0,548299,941821,421559,707937,607800,847925,322024,295101,402367,173586,668457,675829,814772,1011456,945241,883198,602870,1068558
"Neg",62561,"[M-H]-",23.01,"CL 16:1_18:1_17:1_18:1","CL",1910953,1783507,1542372,0,0,14213,221138,248737,9998,2671,0,0,0,0,0,4887,0,0,1819739,2240479,1890120,1936893,1413202,1788435,1058914,983349,1468019,1938676,2782329,2478557,2369032,1932343,2060778,1931990,2426390,2030548
"Neg",62509,"[M-H]-",22.522,"CL 16:1_18:1_17:1_18:2","CL",573645,587021,441943,0,0,0,19589,46955,0,0,0,0,0,0,0,0,0,0,647857,685320,719695,684661,488055,659991,413782,235021,545829,746932,946146,945684,806261,732968,926387,753068,917425,730651
"Neg",62890,"[M-H]-",23.261,"CL 16:1_18:1_18:1_18:1","CL",9299731,8682857,7817715,109399,96473,224352,1231934,1617769,253223,43753,0,42140,0,0,4252,111864,27549,0,8527838,11446954,9054356,9747656,6950356,9340469,5395377,5093702,7128644,10091906,13831009,12867958,11598297,10173277,10912000,9692447,12546539,10372184
"Neg",62845,"[M-H]-",22.785,"CL 16:1_18:1_18:1_18:2 (a)","CL",9335529,9018143,8213962,36194,41668,328481,1156730,1110961,188327,2701,0,4859,0,0,0,28755,20961,0,7472790,10655355,10079634,9454456,6774906,9337743,5872736,5013869,7937973,10978961,14602139,11405461,11687313,9470780,10605620,9553006,12230126,9066157
"Neg",62844,"[M-H]-",23.159,"CL 16:1_18:1_18:1_18:2 (b)","CL",405079,654654,208084,10428,0,20608,41781,97661,5117,0,0,0,0,0,3875,0,0,0,700659,900858,874346,590182,435851,672302,191036,420850,190257,833337,352236,701967,856757,930236,979720,661694,762711,847906
"Neg",62846,"[M-H]-",23.709,"CL 16:1_18:1_18:1_18:2 (c)","CL",708243,727239,491549,0,0,3543,29844,42826,5118,2435,0,0,0,0,0,3164,0,0,712643,946865,836596,866941,440021,866489,449640,445842,567749,857644,1303583,1109835,1090486,782905,933364,920433,1226780,984761
"Neg",62795,"[M-H]-",22.701,"CL 16:1_18:1_18:2_18:2 (a)","CL",693864,156796,286682,0,0,12832,22571,41846,0,0,0,0,0,0,0,0,0,0,744154,965665,474265,505773,492155,738628,378149,198057,419500,1216856,1424346,1264026,1260795,695834,952819,828096,783087,1040877
"Neg",62796,"[M-H]-",23.24,"CL 16:1_18:1_18:2_18:2 (b)","CL",678192,646280,614507,0,0,0,37925,53750,0,0,0,0,0,0,0,0,0,0,737265,889982,713231,855437,514608,748030,430053,329620,336178,747409,1092581,1027458,806848,861775,943286,775433,506484,811167
"Neg",63372,"[M-H]-",22.141,"CL 16:1_18:1_18:2_20:4","CL",1074599,860633,779038,0,0,0,4277,6770,6811,0,0,0,0,0,0,0,0,0,1078995,1084293,1079955,1027196,921564,1113220,704712,525909,591365,1264901,1394306,1478389,828262,1147780,1046262,1165151,1409454,984348
"Neg",62173,"[M-H]-",21.681,"CL 16:1_18:2_16:1_18:2 (a)","CL",328905,438237,411878,0,0,0,8173,3983,4698,0,0,0,0,0,0,0,0,0,481321,259826,564131,542221,335437,580162,330793,268092,238411,685786,781838,754961,744888,597066,677066,518250,757725,664024
"Neg",62172,"[M-H]-",22.726,"CL 16:1_18:2_16:1_18:2 (b)","CL",166450,196178,100823,0,0,0,5930,0,0,0,0,4128,0,0,0,0,0,0,143097,242190,147183,168860,91027,140189,79249,80568,139057,160172,157254,342290,330346,168501,141247,276084,343400,272676
"Neg",62692,"[M-H]-",21.521,"CL 16:1_18:2_16:1_20:4","CL",186695,166412,127076,0,0,0,0,4257,0,0,0,0,0,0,0,0,4845,0,232394,202377,133228,170101,86792,289506,83119,60754,204019,178538,287919,400528,231267,279655,138779,258190,431139,268473
"Neg",62797,"[M-H]-",22.304,"CL 16:1_18:2_18:1_18:2","CL",2357016,2142845,1960894,4012,0,58347,125067,170680,21838,0,0,0,0,0,0,0,0,0,2473272,2884445,2496925,2612011,2207774,2558376,1635673,617231,1246644,2996889,3516983,3738284,2998294,2935865,2416653,2702112,3545280,2948629
"Neg",62735,"[M-H]-",21.779,"CL 16:1_18:2_18:2_18:2","CL",318237,183206,146651,0,0,0,0,0,0,0,0,0,0,0,0,0,0,0,354017,370835,211150,289800,159609,330151,124309,20852,301925,384509,432301,437850,258597,368020,253442,355533,280643,411864
"Neg",63420,"[M-H]-",23.649,"CL 16:1_20:4_18:1_18:1","CL",10479,259632,12844,0,0,0,3515,0,0,0,0,0,0,0,0,0,0,0,21151,30030,9560,0,19471,8797,9797,12595,14892,23866,36485,24952,31467,31618,39382,5800,43449,50409
"Neg",63371,"[M-H]-",22.784,"CL 16:1_20:4_18:1_18:2","CL",849992,663532,885638,4236,0,9942,53290,32979,0,0,0,0,0,0,0,3428,0,0,727028,1116983,1034595,1136350,288498,1146450,644978,490823,872304,1312618,1501548,1447199,1386214,1159389,1296668,1069239,1391120,1204621
"Neg",63228,"[M-H]-",23.49,"CL 17:1_18:1_18:1_18:1","CL",757028,600543,353705,0,0,0,37175,49792,4276,0,0,0,0,0,0,0,0,0,766259,908938,785960,790865,583699,441471,405619,378522,516550,775292,1261055,1075039,978978,788183,928495,810671,1036496,962128
"Neg",63175,"[M-H]-",23.046,"CL 17:1_18:1_18:1_18:2","CL",1148869,1113326,1026947,5302,4472,17397,85008,125791,0,0,0,0,0,0,0,0,0,0,1187947,1364227,1290547,1260605,821430,1093852,642748,610592,876567,1148807,1798623,1651639,1397466,1322132,1217181,1297610,1509096,1246192
"Neg",63115,"[M-H]-",22.595,"CL 17:1_18:2_18:1_18:2","CL",223662,221117,159388,0,0,0,0,0,0,0,0,0,0,0,0,0,0,0,263517,317339,343943,102533,194964,153483,105999,106820,135083,174439,299842,439470,257747,279086,233043,185284,327083,124254
"Neg",63641,"[M-H]-",24.145,"CL 18:0_18:1_18:1_18:1","CL",105309,141028,128495,0,0,0,0,3232,0,0,0,0,0,0,0,0,0,0,92678,163465,132927,230558,168686,210343,88875,76835,35451,105538,281664,205612,221782,265519,254628,176726,316307,246072
"Neg",63586,"[M-H]-",23.727,"CL 18:1_18:1_18:1_18:1 (a)","CL",1921845,1579989,1702577,9362,10000,22040,155318,342687,19290,2280,0,5112,0,0,0,9378,0,0,2008285,2666974,2080432,2259514,1590309,2155830,1196878,1098682,1492060,2249727,3342702,3071693,2617669,2303168,2529051,2369828,2913234,2452417
"Neg",63585,"[M-H]-",24.871,"CL 18:1_18:1_18:1_18:1 (b)","CL",0,0,0,0,0,0,0,0,0,0,0,0,0,0,0,0,0,0,7898,0,3949,0,0,0,10069,0,0,28213,3403,3757,3478,4151,0,5946,6078,7661
"Neg",63532,"[M-H]-",23.296,"CL 18:1_18:1_18:1_18:2","CL",4249440,4051953,3707963,9222,4959,149789,458310,580510,43480,0,0,4196,3523,0,0,18918,0,0,4156137,4921717,4072564,4533447,3376001,4413588,2529549,2222773,3244487,4760796,6540237,5934783,5398917,4841150,4892524,4460961,5575571,4885410
"Neg",64204,"[M-H]-",23.378,"CL 18:1_18:1_18:1_20:3","CL",171935,356101,209439,0,0,0,14039,0,0,0,0,0,0,0,0,0,0,0,161282,365584,298295,323523,136742,329280,53392,49243,182240,354738,486523,292521,422037,212611,379174,325126,463676,203361
"Neg",64097,"[M-H]-",22.72,"CL 18:1_18:1_18:2_20:4","CL",280241,405969,278437,0,3559,0,0,8108,0,0,0,0,0,0,0,0,0,0,322746,427515,420314,562152,299292,377321,102708,85480,256024,418482,308383,861444,835749,592051,406590,411181,488743,486915
"Neg",63478,"[M-H]-",22.849,"CL 18:1_18:2_18:1_18:2 (a)","CL",2629099,3921180,2331917,11925,5558,75762,185897,270036,20434,0,0,0,0,0,0,0,0,0,4079598,4792380,3074598,2846550,3059829,4187273,2355015,1344805,2133356,4725363,5985771,5545037,4748194,3986733,4381933,3733903,4946049,4413973
"Neg",63477,"[M-H]-",23.009,"CL 18:1_18:2_18:1_18:2 (b)","CL",1460144,438488,1265796,10996,12735,25036,18942,49302,5845,0,0,0,0,0,0,0,0,0,462139,530622,1548129,1326984,342139,406067,246041,748767,350101,436598,696140,589994,464935,424859,446481,406565,508278,428883
"Neg",63474,"[M-H]-",23.221,"CL 18:1_18:2_18:1_18:2 (c)","CL",707870,275039,519642,0,0,5326,32698,27279,0,0,0,0,0,0,0,3560,0,0,225015,845300,202680,730908,540423,716611,172456,99724,240979,601688,1121208,1070543,961357,135574,973986,212485,703069,792124
"Neg",63479,"[M-H]-",23.711,"CL 18:1_18:2_18:1_18:2 (d)","CL",380351,397551,337986,0,0,0,3738,24987,0,0,0,0,0,0,0,0,0,0,324795,614282,376578,482737,223091,279281,270702,133965,227445,467561,677807,684811,373896,610112,544934,483612,709645,330854
"Neg",64153,"[M-H]-",22.968,"CL 18:1_18:2_18:1_20:3 (a)","CL",665814,640819,549856,0,0,0,9307,4736,0,0,0,0,0,0,0,0,0,0,605061,803045,563354,647586,504338,585962,185201,257934,419090,638503,994598,758413,710788,607591,734266,354462,880340,659338
"Neg",64152,"[M-H]-",23.72,"CL 18:1_18:2_18:1_20:3 (b)","CL",136378,134994,163891,0,0,0,0,8400,0,0,0,5308,0,0,0,0,0,0,137496,174129,240410,128361,188871,239830,73071,8325,31591,264787,385939,379368,206963,286035,305303,145898,368140,358236
"Neg",64095,"[M-H]-",23.292,"CL 18:1_18:2_18:1_20:4","CL",239312,482297,387457,0,0,4481,9772,12284,0,0,0,0,0,0,0,3867,0,0,513846,631365,529856,497392,357162,254973,237066,240287,287140,510863,494850,746525,628333,604774,387566,496528,737020,587229
"Neg",63418,"[M-H]-",22.387,"CL 18:1_18:2_18:2_18:2 (a)","CL",939174,835895,653807,0,0,0,26867,6873,4283,0,0,0,0,0,0,0,0,0,994551,999513,1140620,1084153,723922,1043082,657132,434047,775354,1135017,1325772,1366494,922721,601382,416012,949007,1291562,1018030
"Neg",63419,"[M-H]-",22.512,"CL 18:1_18:2_18:2_18:2 (b)","CL",110809,91874,44284,0,0,4240,4382,19626,4283,0,0,0,0,0,0,0,0,0,104316,46736,168436,97374,40264,127455,47076,71852,117792,93661,146964,152330,343736,417532,417795,45144,96096,136346
"Neg",63417,"[M-H]-",22.692,"CL 18:1_18:2_18:2_18:2 (c)","CL",597416,1064579,593169,0,3426,0,21159,21241,0,0,0,5435,0,0,0,0,0,0,755425,760034,731008,506764,994241,468341,424757,239092,319147,526657,894090,1835947,1019010,916068,886366,735721,956246,348028
"Neg",63416,"[M-H]-",23.257,"CL 18:1_18:2_18:2_18:2 (d)","CL",937120,530141,966507,0,0,10898,40855,85873,0,0,0,0,0,0,0,3322,4883,0,1080008,1307433,1166004,1285937,901864,1143155,513911,590978,386078,1339204,1707773,1676750,1597792,1310729,1468658,1218994,1635047,1323816
"Neg",64047,"[M-H]-",22.214,"CL 18:1_18:2_18:2_20:4 (a)","CL",323713,246367,299061,0,0,0,0,0,0,0,0,0,0,0,0,0,0,0,343927,349331,400979,613823,195221,420566,193357,103067,186433,436820,493762,354445,427421,382349,433056,395852,563250,200776
"Neg",64045,"[M-H]-",22.85,"CL 18:1_18:2_18:2_20:4 (b)","CL",394406,348969,268790,0,0,0,6369,3593,0,0,0,0,0,0,0,0,0,0,421249,498495,379903,314134,312278,454149,226718,181166,166196,242796,600844,488033,373646,316645,159761,384472,189260,486880
"Pos",21835,"[M+NH4]+",13.992,"DG 14:0_16:0","DG",4746387,6405873,4548394,2510416,2479408,2192810,1721406,2365262,2485886,1944683,932177,1197687,977655,928550,1271594,1021740,880882,633075,5204302,4280421,6706833,4048812,6249270,4665078,4676853,2207738,5281849,5893149,7049174,4953729,4829972,5471100,2979822,3561181,5587768,4327989
"Pos",23818,"[M+NH4]+",15.303,"DG 16:0_16:0","DG",58330007,55216897,41729784,18625005,17987062,14837435,12371593,17345718,19605139,14933562,7286426,9510681,7707663,7610917,10034534,8410100,6598759,4783283,58573069,53802502,60724227,49584160,49673065,50131957,33760190,23396976,24027607,49754824,53330189,51995927,59128481,50419857,49581292,51340443,67349863,31762827
"Pos",23689,"[M+NH4]+",14.079,"DG 16:0_16:1","DG",25496278,44341768,35772542,13275548,10741360,8743785,8080757,10044005,11803298,3882198,1381971,2244862,1549711,737081,1969686,2327965,1452180,769093,49845266,45163156,46658023,41217779,24246692,40953637,32292665,12929044,37674022,36683404,39369272,23818998,41829265,15896161,33398284,34649155,25034005,35612862
"Pos",24764,"[M+NH4]+",14.768,"DG 16:0_17:1","DG",5941038,5801280,4635245,1738894,1445847,1035274,1140848,1289269,1559116,555271,81297,280918,201416,87571,261410,304850,153687,121533,4353320,5935380,6146749,5639471,2376029,5094874,2079291,2646139,4709305,2643531,5189537,2493195,5584120,4041145,4195370,4207795,2718493,4709870
"Pos",26055,"[M+NH4]+",16.833,"DG 16:0_18:0","DG",27347700,23633919,18785619,8389354,8439555,7119022,5699373,7722605,8889066,6671100,3172448,4231546,3264821,3343832,4385211,3951397,2904115,2198475,26972320,27171435,27226946,24217456,23140319,23422715,14434988,10240577,16350000,21877752,23543749,24838724,25985416,10081241,12402431,11014652,29587274,25996994
"Pos",25882,"[M+NH4]+",15.449,"DG 16:0_18:1","DG",234750811,218046807,167535733,57001385,45451374,35600262,34862101,44795796,53068651,18448283,6142704,10578209,7080252,3481961,9244487,11443427,6899237,3768626,236671686,221219411,234559917,210356607,205376378,200614436,130909582,88278211,162378439,167860460,175271038,176712594,190708014,148889730,150926654,155489309,192828779,163500291
"Pos",26988,"[M+NH4]+",16.174,"DG 16:0_19:1","DG",7819731,7200664,6365441,1679431,1344024,1055749,1185880,1377343,1715121,630544,185363,335558,198436,76748,164274,201314,80337,45609,7863247,8901825,3940529,8337058,7335555,7003698,4085035,2765589,5025968,5283510,6665871,6573891,5744006,5513824,5684005,5807387,6102739,2774780
"Pos",28240,"[M+NH4]+",18.444,"DG 16:0_20:0","DG",1150015,2166449,1747802,499551,417484,999036,956629,1158828,1231242,1053389,491841,436289,846482,888782,391326,869561,798385,774024,973077,2327233,1184015,1209882,2147847,1100571,1664897,1277335,753639,882095,2141588,2128684,2245711,2027300,1046159,1858624,2422242,2256178
"Pos",29647,"[M+NH4]+",13.962,"DG 16:0_22:5","DG",7468736,6786453,5497415,845419,697685,624072,174612,263774,199153,3063,3791,0,0,2875,0,0,0,3266,8450754,7039022,7438995,12019868,11079272,10548609,4323196,3239849,6133869,6060828,5773625,3681678,6174070,2242582,5567131,5664923,7836302,6341406
"Pos",33024,"[M+NH4]+",21.124,"DG 16:0_24:0","DG",1181867,1071917,1011920,456320,434177,390247,352597,544170,511914,314200,39483,200859,128944,89402,189434,183033,135335,36354,1390608,1275531,1276883,1207407,1185771,1109902,701585,538174,694281,974214,1247056,1129829,1149641,1019867,1054036,989349,1344597,1130102
"Pos",32844,"[M+NH4]+",19.932,"DG 16:0_24:1","DG",3723152,3519450,2772551,842932,680294,575005,535205,780758,908114,373671,92814,187830,35994,16233,63718,216006,78099,43666,3931293,3784780,3888649,3690584,3619552,3341552,1707077,1345844,1925273,2619833,3082356,2890223,3074993,2613041,2620428,1861648,3457315,3185654
"Pos",35564,"[M+NH4]+",22.073,"DG 16:0_26:0","DG",947288,858320,691367,139485,230202,282167,238460,373629,341163,233291,95037,135560,129468,89842,183039,111355,31364,20874,995147,917057,1034803,593786,916571,528100,353553,277671,494168,713288,878428,437485,866835,551221,787876,795455,934297,812691
"Pos",35374,"[M+NH4]+",21.075,"DG 16:0_26:1","DG",2972561,2813695,1350460,631242,548840,339689,279678,365836,532846,181131,27352,43836,19438,5828,43968,44678,14846,24809,3130770,2896248,1964731,2831029,2662702,2488873,1272790,522922,730017,1572965,2586702,2510622,2693013,2118493,2186265,1463931,3040385,2779252
"Pos",25721,"[M+NH4]+",14.183,"DG 16:1_18:1","DG",24522690,43151462,33457499,11049362,8055986,6201381,6986295,8334416,9461671,2446059,1260057,1781559,1209588,961862,1414280,1944264,1287134,942578,47951065,43930012,46046003,43225722,43385688,39982056,32919322,21931740,37594365,37715325,36985488,38666082,19763476,19570785,33686187,35432715,42706699,35028704
"Pos",28238,"[M+NH4]+",18.497,"DG 18:0_18:0","DG",1344384,2166449,1747802,659006,770169,999036,956629,1158828,1231242,1053389,354361,563009,846482,888782,496493,869561,798385,774024,1667440,2327233,1269372,1084499,2137220,1128330,1664897,1277335,922224,1129050,2141588,2128684,2245711,2027300,980772,1858624,2422242,2256178
"Pos",28101,"[M+NH4]+",16.969,"DG 18:0_18:1","DG",60670507,53602266,43064551,11758290,9564287,7655360,7226559,9266939,11091473,3945318,1344297,2451004,743910,843794,1169015,1715999,1605039,962586,61795275,60109425,61407564,66803868,60201410,61087130,25955152,19177472,31515129,36180590,38170887,40336969,41550528,19861082,34216964,37022343,47152098,41542319
"Pos",30373,"[M+NH4]+",18.526,"DG 18:0_20:1","DG",6286780,5652172,4480666,1117387,896603,683533,694141,940528,766916,399108,85253,172339,146323,20202,180944,177949,75401,23465,6572624,6249037,6485650,6944424,6518597,6585581,2261616,1736593,1316464,3086617,3506437,3806873,3711451,3069441,2946153,3140594,4114876,3593972
"Pos",30207,"[M+NH4]+",17.559,"DG 18:0_20:2","DG",915042,808687,724073,76716,86777,29564,42555,79148,56867,10074,0,6530,4890,7870,9392,9007,13686,0,1248466,1668072,1211688,3682007,1275669,3314944,127515,71336,345958,371853,97742,198034,338594,244558,440499,276891,266364,228614
"Pos",30011,"[M+NH4]+",16.044,"DG 18:0_20:3","DG",5749869,4871409,4198108,445588,261428,231858,76937,90443,185553,3057,0,3770,2572,0,0,3524,3343,0,6804193,2999218,3185379,8692394,7861618,8083983,1533024,1335119,2012894,1250725,2090683,1017131,2659208,2186795,2199568,1633415,3464455,1799150
"Pos",29821,"[M+NH4]+",15.263,"DG 18:0_20:4 (a)","DG",11426884,7299551,5607669,39798,29488,30264,7528,6401,3406,3786,2498,3859,0,0,0,0,0,0,18610875,15316543,16418525,28614988,24865067,26139946,2824034,3842281,2779023,5844347,2571811,3209868,6308369,5347267,4257544,6525394,9022676,7843783
"Pos",29820,"[M+NH4]+",15.383,"DG 18:0_20:4 (b)","DG",4859970,5775325,5792492,576465,511473,462059,206684,96509,151959,0,0,3859,0,4233,0,0,3466,0,2861372,2088290,2962179,4327147,3935468,4482746,1746999,583086,1357751,5844347,2761207,2460206,1004270,799163,1585060,976477,1347981,1177044
"Pos",32125,"[M+NH4]+",15.297,"DG 18:0_22:5 (a)","DG",3913305,3192199,2642496,257933,257614,194788,32873,87259,68996,4784,0,0,0,2969,6060,0,2905,0,4387258,3578627,3724556,5819101,5102378,2409223,1507154,618600,1851401,3444550,3737732,3636844,4445448,3753218,4432164,2922843,8132586,7250280
"Pos",32122,"[M+NH4]+",15.354,"DG 18:0_22:5 (b)","DG",3913305,3192199,2642496,257933,257614,194788,40114,83584,68996,4132,0,0,0,0,6060,0,2905,0,2384079,3578627,3724556,5819101,5102378,2994206,1507154,626662,1851401,3444550,3737732,3636844,4445448,3753218,4432164,5999006,8132586,7250280
"Pos",27948,"[M+NH4]+",15.558,"DG 18:1_18:1","DG",107444717,98182414,76723292,20512374,14207560,10898188,13636510,16383025,19635365,4735632,1911348,3006652,2067621,1393954,2502833,3632511,2155566,1413712,109144357,102250046,106078051,105830699,102839980,101187909,61372745,40907771,74112555,73923004,76440204,78734221,83535120,63926533,65280947,70446321,84226025,73380119
"Pos",27768,"[M+NH4]+",14.391,"DG 18:1_18:2 (a)","DG",3399367,3219664,1870373,1705092,1059161,1088850,1264940,1421460,880392,682470,632094,716543,359051,647319,635368,682635,582915,585585,6388206,3644417,3324328,3632635,3290911,4495811,4050266,4078602,4729530,3186173,3417676,5023313,6405012,5508408,2624228,5783701,4919203,5277975
"Pos",27770,"[M+NH4]+",14.486,"DG 18:1_18:2 (b)","DG",1351124,1479839,1948001,1705092,201665,1088850,1264940,1421460,349089,682470,632094,95018,359051,647319,635368,87147,74431,585585,3535711,1561530,2271578,3453797,4836372,2087824,2186562,650442,1649867,1689251,2592987,2190294,3204765,2067819,2378705,2280832,2503244,2863590
"Pos",29014,"[M+NH4]+",16.285,"DG 18:1_19:1","DG",3735336,3361123,2580810,714061,467175,359378,321448,473376,630033,82117,9628,37022,6296,5888,10602,63307,24002,0,3950068,3602588,3788117,4002594,3913225,3731856,1900479,1290532,2300406,2373850,2527628,2528712,2573325,2113294,2064963,2204495,2664432,2426306
"Pos",30208,"[M+NH4]+",17.049,"DG 18:1_20:1","DG",18545700,16482823,13321185,3089176,2158112,1673538,1979999,2463627,2937229,614257,92908,324126,52655,46756,313481,487401,109881,37235,18926278,8643008,18360398,20286137,18449011,18953335,8151254,5966727,10226832,10554045,10853117,11707650,11528089,9179611,9168666,9983482,12309591,10659822
"Pos",30014,"[M+NH4]+",15.756,"DG 18:1_20:2","DG",1804332,1585646,1406593,301715,222940,78273,147230,58888,207856,3778,3281,0,3540,9046,7580,25274,4691,6805,2737488,1631541,2598867,2024438,1903547,2249101,568687,762654,1395014,780644,1286478,1016084,1675961,1323914,1406898,939959,1610735,1407844
"Pos",32664,"[M+NH4]+",18.647,"DG 18:1_22:1","DG",3415918,1457417,1556897,596343,366356,158307,246446,409119,534954,40399,6438,8111,0,0,19325,7177,0,0,1754635,3193855,3298425,1803354,3311762,3452771,1362914,665243,900130,1929472,2105318,2148753,2319906,1201827,1878403,2335952,2756972,2489363
"Pos",31945,"[M+NH4]+",14.032,"DG 18:1_22:5","DG",1341797,1656499,1173323,323674,80853,98026,109015,105449,151329,4763,10964,3887,0,3626,5027,0,0,0,1249058,1657032,1741187,1986271,2244739,1647163,1091616,892200,1443287,716127,1831452,1608392,2160102,1650291,1802612,1744462,2639975,2295390
"Pos",35198,"[M+NH4]+",20.02,"DG 18:1_24:1","DG",2275916,2144209,1583082,524438,346542,246277,137261,372505,509490,71186,3432,7451,7324,0,4039,24271,3157,0,2393137,2185219,2362023,2191103,2151254,2070394,1102353,811560,1226291,1564312,1796902,1726995,1800911,1434923,1476144,1730491,2046622,1810182
"Pos",37831,"[M+NH4]+",21.13,"DG 18:1_26:1","DG",1067145,993273,789356,228281,145545,78839,24585,156968,243780,0,0,0,0,0,0,0,0,0,1189640,1067821,1124714,1072344,1083095,901281,452383,383429,503574,680198,845621,782117,812529,659683,364566,655122,803540,674780
"Pos",27603,"[M+NH4]+",13.322,"DG 18:2_18:2","DG",46657731,38231378,42353297,3399977,1824028,1826721,23072941,23202454,21499476,42424887,39490894,38828456,30961182,41302407,32325866,37109300,39377264,29677364,44147863,46688590,50254326,33675934,41782063,27529278,39524115,28623587,44937871,38646997,34441194,30623815,39004138,38306036,39481061,37931506,46201671,41481173
"Neg",4114,"[M-H]-",7.176,"FA 16:0 (a)","FA",28385,25782,85164,41496,22099,43602,66278,72730,126504,302799,139118,173696,63673,349100,271738,295982,203728,203350,76319,30257,54739,23630,38665,65280,28547,13885,32436,26153,31148,36113,80750,66330,42370,41399,23949,34497
"Neg",4116,"[M-H]-",8.023,"FA 16:0 (b)","FA",246708,107984,266715,137303,230507,169293,181121,218498,220665,231824,211543,290949,241250,361484,239714,472894,381108,299695,251331,224248,205330,238195,175778,234503,417480,251802,517024,647577,669238,669090,747070,671846,762895,786844,1050572,909232
"Neg",4029,"[M-H]-",7.733,"FA 16:1","FA",0,1200,2705,105928,168150,102450,945857,2883296,1518920,2067792,1129988,1772322,1078420,3035176,2302072,2574280,1609549,1685167,0,2826,0,2881,0,0,0,1763,0,0,2368,0,3618,0,3242,30840,51828,50654
"Neg",5616,"[M-H]-",9.226,"FA 18:0","FA",212489,185520,133310,151089,108552,118954,217794,244410,156359,260402,173199,183053,191101,214587,220821,271678,300081,189812,197864,194537,166864,205711,203365,202385,220988,164258,253808,269820,277941,249709,342002,286477,333374,373031,480100,430086
"Neg",5531,"[M-H]-",8.273,"FA 18:1 (a)","FA",143286,159631,158451,24134,19876,29471,22122,35356,22866,10067,2780,7146,20026,6477,9501,57631,30376,9114,169862,227220,194010,153979,134483,136675,361979,171168,385608,447210,557877,476075,968801,839569,905864,1617035,2091544,1717570
"Neg",5534,"[M-H]-",8.96,"FA 18:1 (b)","FA",3805,5220,4629,21013,27320,38401,370094,754365,480519,716541,484716,736171,483572,1131014,776434,728967,562305,586183,4056,16176,9991,5842,2871,9203,10361,9081,21963,12057,4217,2325,6551,8398,8055,34502,48150,44085
"Pos",15343,"[M+H]+",1.128,"LPC 14:0 (a)","LPC",0,0,0,0,0,0,0,0,0,6213,0,3103,13372,0,15656,4658,0,0,0,0,0,0,0,0,0,0,0,0,2916,0,0,0,0,0,0,0
"Pos",15345,"[M+H]+",1.501,"LPC 14:0 (b)","LPC",1789698,1434377,1045039,5266032,3581410,3446951,3280464,5682770,4481562,4916415,3697064,3857032,3927703,4475491,5387555,2399861,3335076,3208258,1953523,2436429,1703613,1642605,1466664,1380574,2182238,1430787,2142944,4861011,4549410,5547743,7897865,6664061,7156495,7728834,10405875,8943509
"Pos",15344,"[M+H]+",1.648,"LPC 14:0 (c)","LPC",5509962,4260903,3165352,399658,248192,784903,1272905,1258773,903641,2362955,334911,1795810,1939500,2371887,3084579,4073766,5071289,4777411,6612787,10258069,5340175,6607337,4933286,4325442,12775083,9500438,15351832,39141728,40336447,43529948,61771047,57790210,62231802,70454152,95530677,82575481
"Pos",17396,"[M+H]+",2.505,"LPC 16:0 (a)","LPC",20450947,16875066,12160524,28755343,19190224,22189481,25047055,40330676,34682939,47705354,26865893,37627661,38182105,46031714,52452036,24281434,33877210,33984354,23615317,28891569,20815473,21304004,18088782,16618379,32201545,21355208,35472975,71010973,65981047,77091670,118282089,108406682,119054360,145456150,178578913,163213121
"Pos",17395,"[M+H]+",2.806,"LPC 16:0 (b)","LPC",106977844,83659762,61911658,13027327,8245360,9985694,15739561,22326037,15527122,35064561,12083818,26181100,26938647,34505059,42156709,43869692,56788174,52531118,120686186,155037952,102233268,107641004,90989834,86800335,236335561,147356304,281822548,588577028,616698397,623447366,942147938,867620659,971298558,1252922340,1732049101,1458984252
"Pos",17242,"[M+H]+",1.691,"LPC 16:1 (a)","LPC",11006471,8888031,6936652,5403366,2185095,1887829,2113518,2023722,2370567,2442008,715496,1379803,1683606,247811,1664394,1346809,1254261,948420,11754240,13709707,11234135,9741015,8517123,8156374,7900865,5157176,8324616,10843178,9538592,11830556,17326641,15596339,16442314,19916010,25480133,24568841
"Pos",17241,"[M+H]+",1.858,"LPC 16:1 (b)","LPC",20581215,14751270,11084063,339946,118906,127072,174944,703023,178164,224321,50604,365611,194435,47609,651969,1679096,1486535,1060037,25697955,41945439,19134869,23715227,16697508,14223689,20788015,15033469,21791441,47177677,44475012,51029084,102343100,97639256,103617368,173378614,220312729,190765262
"Neg",23957,"[M+HCOO]-",0.922,"LPC 16:1<OH> (a)","OxLPC",0,0,0,0,0,4245,131787,393809,108340,400148,341611,344426,603283,862080,706366,806833,580744,1276653,0,0,0,0,0,0,0,0,0,0,0,0,26117,21279,41975,150697,156821,208126
"Neg",23956,"[M+HCOO]-",1.117,"LPC 16:1<OH> (b)","OxLPC",0,0,0,2950,0,0,66298,176426,64780,415233,181841,177938,546311,889199,706449,791957,527584,842339,0,0,0,0,0,0,0,0,0,0,0,0,0,1733,1249,21965,2220,5850
"Pos",18390,"[M+H]+",3.437,"LPC 17:0 (a)","LPC",1167464,920408,357421,43088,58795,42869,92724,177106,92444,86725,57349,151502,151853,221083,262534,408677,517773,466237,1274986,1711227,1144693,1167903,983085,875798,2123286,1378272,2541954,4993258,4865340,5143994,7903439,7326690,8090706,10490337,14213630,12052278
"Pos",18389,"[M+H]+",3.778,"LPC 17:0 (b)","LPC",1335526,1152258,873497,123082,74912,77634,61394,170408,153155,340245,81874,235194,72539,175802,387403,291450,184401,391481,1418829,1724742,1283855,1303235,1221071,1091183,2975287,1701902,3519629,6403913,6581994,6534116,9263864,8659500,9548170,11363386,15462245,13356773
"Pos",18232,"[M+H]+",2.417,"LPC 17:1","LPC",2422343,1843934,1363909,48542,3674,5942,11725,38965,17015,19519,3119,23855,29456,0,45942,162586,66729,85108,3056864,4824125,2388206,2726598,1986940,1749600,2547412,1783416,2854688,6164954,5878109,6264292,12658009,11684220,12468733,20638035,26454272,23120373
"Pos",19395,"[M+H]+",4.552,"LPC 18:0","LPC",2886989,2379970,1680218,89998,45528,83069,104862,169316,104438,237234,75266,136875,81686,129294,301935,216935,158430,288611,3413173,4215947,2886838,3112713,2737722,2560307,5190316,3298116,5650968,10454206,9411461,11183386,16668851,14310020,16312642,17835853,23444729,21181131
"Pos",19245,"[M+H]+",2.853,"LPC 18:1 (a)","LPC",49649519,41148616,31494010,16665325,6136353,5281791,6062764,8173103,8202293,8204550,2568056,5703868,4684416,1340420,6380366,5129542,4934796,3750085,55302781,60376054,50967152,45065753,38846333,37717960,38466084,23493740,43010539,62797324,59340367,66661643,110129358,96312996,107689284,148972179,189842154,169672033
"Pos",19242,"[M+H]+",3.179,"LPC 18:1 (b)","LPC",107201915,77759917,57276111,2803966,1225234,1402020,2552662,3280215,2801089,3846285,792420,2712476,2609477,746881,3427686,7356895,6227387,4040225,126760185,194528165,97835729,115624946,88051310,76353313,117013944,77860487,134225373,261178472,251630984,268035512,569947152,498687725,545065408,918306314,1230279773,1033182312
"Neg",25730,"[M+HCOO]-",1.128,"LPC 18:1<OH>","OxLPC",0,0,0,25487,14413,18914,61270,213300,85181,419626,94301,158521,120316,141400,259698,171663,118568,216252,0,0,0,0,0,0,2439,3159,3411,23975,30337,18000,99439,86235,73773,276478,262287,318562
"Neg",25564,"[M+HCOO]-",1.11,"LPC 18:1<oxo>","OxLPC",0,0,0,7001,0,0,18416,27504,18538,380119,95539,175222,714450,350736,814329,1147601,708283,1269396,0,0,0,0,0,0,0,0,0,0,0,3387,0,0,0,26255,31948,49557
"Pos",19056,"[M+H]+",2.169,"LPC 18:2","LPC",5328005,3810148,2863148,355713,7993,8330,35875,50261,9946,4594,0,3633,339561,1293,4674,4125,1283,144,6379842,9756699,4535370,5575387,4237592,3667002,2672352,2761880,2603688,5619424,4685178,8720402,21099351,19872061,21051224,38169389,49523664,43501763
"Pos",20231,"[M+H]+",4.26,"LPC 19:1","LPC",1181857,906697,664812,4055,1787,4556,8196,25449,19343,10656,2406,19442,5494,0,23188,20386,21641,11808,1316831,1700836,1111135,718980,999558,921184,1646286,1048203,2055861,3756122,3859314,3936741,7496381,6579734,7210413,10777057,14283622,12171202
"Pos",20931,"[M+H]+",2.615,"LPC 20:3","LPC",1766994,1432697,1019106,13001,9583,4247,13265,76651,7987,0,72875,85103,0,3413,0,89584,80621,86989,2170555,2789782,1748366,1988333,1443261,1367702,1151326,863972,1282489,2383869,2224519,2650019,6365689,6175730,6824147,12358410,15871195,14618671
"Pos",20814,"[M+H]+",1.923,"LPC 20:4 (a)","LPC",1406623,1335330,1033485,3214533,1464233,1237527,651825,483852,602486,10625,24473,3774,20320,15110,11312,35251,4952,7011,1694323,1776148,1587770,1248669,1299857,1159729,1023597,748583,1263362,1842438,1772466,1867995,3922713,3532955,3805638,6357315,8095285,7916220
"Pos",20813,"[M+H]+",2.09,"LPC 20:4 (b)","LPC",2489622,1830693,1591638,146029,55004,69900,132891,111803,36863,5537,3098,5963,10594,3530,12170,8959,5144,2814,3154759,4514444,2359818,3042724,2275732,1910668,1812377,1585075,1762965,4292102,4045357,4990538,14322709,14140462,15530828,29117440,37524891,33540820
"Pos",20691,"[M+H]+",1.557,"LPC 20:5","LPC",722281,512040,358628,30009,20765,1732,7184,107564,781,4541,7956,6359,24942,21868,7246,26031,17987,29234,945997,1512330,718997,908222,610884,560423,566312,440051,572539,1902762,1741291,2234831,5798272,5659730,6017341,10241928,13286516,12035437
"Pos",22815,"[M+H]+",3.23,"LPC 22:4","LPC",278557,190707,84808,30410,0,1918,0,0,0,0,0,0,0,0,0,0,0,0,339273,405164,151816,184826,227671,195803,229902,94325,86387,681050,588076,594426,2064589,2145516,1973834,4838602,6240990,5553481
"Pos",22692,"[M+H]+",2.311,"LPC 22:5","LPC",2338869,1767639,1353293,103032,30943,13097,12340,11443,41454,0,0,0,0,0,0,2387,0,0,2725408,3705216,2251264,2612374,1919413,1716048,1615857,1320197,1710536,4020506,3666264,4348877,12608653,12502476,13293701,25305963,32380780,29137566
"Pos",22557,"[M+H]+",1.962,"LPC 22:6","LPC",2415482,1891640,1557271,136313,65271,85456,33759,20039,9455,0,2786,0,0,0,0,0,0,0,3088243,4024806,2477768,2820401,2255643,2037351,2156366,1715894,2324690,5163655,4862612,5935776,14003142,14072026,15076042,25701446,32933174,29410274
"Pos",18238,"[M+H]+",3.925,"LPC O-18:1","EtherLPC",14286034,12037761,9550111,140676,93127,29289,107076,170715,217681,126978,19141,177469,174508,5730,172842,459819,408617,140939,14455283,15843573,13888522,12525269,12950857,12330228,24410416,15664929,28799079,41997726,42486469,42815614,60776833,52768049,60686523,66141116,86981913,73063346
"Neg",15096,"[M-H]-",2.079,"LPE 15:0","LPE",20525,14343,17442,0,0,0,0,0,0,0,0,0,0,0,0,0,0,0,33859,122690,22713,31335,11920,15734,25866,47262,34911,19662,43380,28879,28461,39477,23428,39338,31210,57438
"Neg",15995,"[M-H]-",2.457,"LPE 16:0 (a)","LPE",70261,87990,27667,98362,58870,52593,38504,103053,69095,81605,6645,37305,36884,30072,42542,10548,6024,21194,108876,440430,54894,135076,37933,56362,93137,187641,193414,224277,428777,279751,680558,587516,705792,934138,1203844,1460534
"Neg",15994,"[M-H]-",2.744,"LPE 16:0 (b)","LPE",696150,935140,1221800,57141,21785,20111,32293,123674,37408,91691,9299,37819,28633,81264,75530,134186,59715,153063,1016939,2342653,660619,1029107,677650,659155,866762,1426280,2049930,2042547,3647298,2090995,2829468,4619547,2742556,7748653,8732447,10432824
"Neg",15885,"[M-H]-",1.818,"LPE 16:1 (a)","LPE",118200,119519,111822,2182,4655,13904,0,0,2848,0,0,0,0,0,3527,3316,0,0,132569,771592,108222,313785,156403,95301,117300,201259,242395,332410,723690,427769,1861746,1567055,1809723,3129947,2133233,4541872
"Neg",15884,"[M-H]-",2.404,"LPE 16:1 (b)","LPE",0,0,0,0,0,0,0,0,1107,0,0,0,0,0,0,0,0,0,0,3045,0,0,0,0,0,0,0,15143,19097,10513,76345,74653,92770,196421,245884,304088
"Neg",16943,"[M-H]-",3.671,"LPE 17:0","LPE",44003,51001,21094,0,0,0,0,2693,0,0,0,0,0,0,0,0,0,0,75977,131019,35145,67268,45590,24217,53560,66932,110000,127099,242360,134762,196595,347023,386246,583442,637935,871884
"Neg",16797,"[M-H]-",2.358,"LPE 17:1","LPE",2070,8904,4447,0,0,0,0,0,0,0,0,0,0,0,0,0,0,0,27462,84509,7399,19491,3879,9341,15320,31302,22315,46411,110860,69202,239030,202486,209008,392015,483132,579546
"Neg",18076,"[M-H]-",4.428,"LPE 18:0","LPE",117069,139409,31187,0,0,0,1799,0,0,0,0,0,0,2375,0,0,0,0,264509,501707,60730,206966,70605,114836,161311,140536,309250,400015,642673,207366,1512485,1302471,1509048,2110171,2513184,3365470
"Neg",17891,"[M-H]-",2.81,"LPE 18:1 (a)","LPE",708828,945382,1080121,876752,454765,206371,272921,738381,414893,225003,26199,88483,64360,7394,83386,63317,7867,64027,1077856,2021320,718470,1135374,755638,676620,650167,1230674,1551215,1372359,2583060,1517091,2756382,2370083,2317733,3557278,2471531,5027794
"Neg",17892,"[M-H]-",3.122,"LPE 18:1 (b)","LPE",1405899,1739107,2314553,80906,32218,10073,48568,52031,55682,7364,1402,10377,14563,9266,12754,111963,10329,39385,2222527,4714976,1352170,2859711,1483196,1412330,1686055,2886106,3587948,4180158,6843180,4305087,14817343,11675144,12806427,11474839,25214974,29903417
"Neg",17730,"[M-H]-",2.123,"LPE 18:2","LPE",41889,65088,53727,1899,0,0,0,3099,0,0,0,0,0,0,3321,0,0,0,112684,350453,55159,107471,45732,30973,41615,101441,68520,160035,227793,190862,648459,644260,678054,1382007,1574108,2012721
"Neg",19749,"[M-H]-",2.575,"LPE 20:3 (a)","LPE",6855,5628,5416,810,0,1578,2362,0,0,0,0,0,0,0,0,0,0,0,46294,64184,12349,26658,14208,11151,11945,75189,22606,68060,82978,80586,549527,665962,454423,720167,825395,1120408
"Neg",19747,"[M-H]-",2.686,"LPE 20:3 (b)","LPE",8456,22490,20188,64021,12512,4451,4723,9057,4042,0,0,0,0,0,0,0,0,0,34229,111960,16005,51841,41812,28618,30598,45140,31088,94896,148551,186902,549527,158931,352939,774716,864625,887155
"Neg",19748,"[M-H]-",2.966,"LPE 20:3 (c)","LPE",4777,6039,3248,0,0,0,0,0,0,0,0,0,0,0,0,0,0,0,13192,23577,7639,24007,4398,1462,3501,36256,21164,84166,77356,94701,392879,333629,399143,741129,784736,915735
"Neg",21587,"[M-H]-",1.124,"LPE 20:3<oxo>","OxLPE",0,0,0,11615,0,4475,0,0,0,0,0,0,0,0,199,0,0,0,0,0,0,5527,0,0,2301,0,0,9993,20858,28713,66622,62859,62676,284402,269108,343442
"Neg",19643,"[M-H]-",1.9,"LPE 20:4 (a)","LPE",754030,1120433,994944,2716959,1664515,817046,432746,564821,422230,0,0,0,0,0,0,0,0,0,1108199,1452500,734084,898362,704777,730119,780127,1022918,1786402,1610051,3185353,1764252,3103543,1103299,1271837,1697589,1958100,2668243
"Neg",19644,"[M-H]-",2.055,"LPE 20:4 (b)","LPE",432818,411633,401620,82607,44552,21598,49668,36323,16539,0,0,0,0,0,0,0,0,0,836693,3748098,356168,1131995,727280,461057,640833,1497532,1405524,2625012,5412320,3066464,12299441,13793686,14950871,25726173,27712022,36699558
"Neg",19509,"[M-H]-",1.129,"LPE 20:5 (a)","LPE",157278,158441,170628,390374,213406,114968,48691,119334,34182,35901,10469,8556,33858,53302,59988,27154,0,0,255745,374825,113111,248375,218760,160834,192485,337445,390368,619838,1089846,733083,2068721,2054804,1859756,3450366,4000069,4018935
"Neg",19510,"[M-H]-",1.521,"LPE 20:5 (b)","LPE",54406,166953,132840,330061,167406,79138,59212,100950,32964,2641,0,0,3042,3901,5395,3519,0,0,154423,349791,70481,206121,112456,91157,125170,273731,457173,644376,1409131,1005338,2983885,2536739,3009769,5415630,5100275,7067645
"Neg",21512,"[M-H]-",3.176,"LPE 22:4","LPE",33664,28674,5419,5290,11355,2023,1222,4500,0,0,0,0,0,0,0,0,0,0,62967,119413,16912,111248,24647,21123,67145,154054,60877,362118,669012,400341,2001143,1538081,1591697,3030473,3600152,4450442
"Neg",21357,"[M-H]-",2.078,"LPE 22:5 (a)","LPE",381713,541626,743840,2428530,1402296,720009,450023,905351,398296,0,0,0,0,0,0,0,0,0,562744,855643,369000,396820,528029,370294,449165,1115745,1233910,1555015,3403772,1668984,2555652,2164593,2372052,3393258,4053687,4598331
"Neg",21353,"[M-H]-",2.262,"LPE 22:5 (b)","LPE",310606,359751,376023,60073,188109,24600,50738,34518,12699,0,0,0,0,0,0,0,0,0,382422,1581874,243201,808031,409685,367465,574525,1486970,1100843,2751021,5571078,3317126,13448167,12096492,11587521,21760692,23054434,32448034
"Neg",21358,"[M-H]-",2.703,"LPE 22:5 (c)","LPE",2626,0,19849,1769,0,0,0,0,0,0,0,0,0,0,0,0,0,0,3768,9927,1720,11957,1442,847,4721,8006,4907,66900,113630,25234,160878,82026,205926,383988,524838,549104
"Neg",23235,"[M-H]-",1.122,"LPE 22:5<OH>","OxLPE",0,0,0,3196,7203,0,0,0,0,0,0,0,0,0,0,0,0,0,0,0,0,0,2407,0,0,4217,3730,21117,14440,17633,66111,57077,66057,257729,259853,308323
"Neg",21185,"[M-H]-",1.808,"LPE 22:6 (a)","LPE",528607,802747,770694,4079271,2113090,1168253,633970,1077025,449593,0,0,0,0,0,0,0,0,0,633946,1501814,363101,205484,447583,157303,515888,1795895,472790,653692,1301038,733388,1518395,1283115,1281936,2079252,2301958,2875484
"Neg",21184,"[M-H]-",1.93,"LPE 22:6 (b)","LPE",319234,320451,119251,127389,100946,42797,45161,50848,4835,0,0,0,0,0,0,0,0,0,768310,1523688,292863,1404954,491520,914250,762955,1367326,2953495,5229472,10344114,5920840,18297897,15713614,17897552,27809122,31032499,40793483
"Neg",23155,"[M-H]-",3.676,"LPE 24:5","LPE",0,0,0,0,0,0,0,0,0,0,0,0,0,0,0,0,0,0,0,6836,1484,2520,0,0,5973,27489,0,64849,107196,78962,188090,272718,311565,597740,620477,827200
"Pos",13278,"[M+H]+",3.307,"LPE P-16:0","EtherLPE",16250789,12299401,8641077,1771,2545,3905,16289,2023,37772,112337,50580,67270,263985,98068,211583,169964,144059,119829,20027000,31211517,15734134,20133535,15622213,13410183,13854249,9417584,14527450,22107955,20606335,24236953,30534844,28364162,33273871,20451373,25554983,23108251
"Pos",14267,"[M+H]+",4.503,"LPE P-17:0","EtherLPE",288590,520074,341908,725180,644497,818809,1014991,1134269,971783,23387,104490,91306,67916,56876,57074,42074,58688,49824,633328,936633,622864,704247,548654,601783,433798,370783,598444,721533,666729,710563,875738,845738,930727,609288,821984,752520
"Pos",15221,"[M+H]+",6.161,"LPE P-18:0","EtherLPE",6620769,5230562,3786071,0,12620,4823,0,75,2981,0,0,0,5066,5527,5456,1929,2413,3169,7647083,11108274,6536581,7571776,6218538,5673706,5446903,3574841,5926298,7467374,7463844,8258732,10102967,8836439,10336646,6277903,7788600,7140088
"Pos",15066,"[M+H]+",3.724,"LPE P-18:1","EtherLPE",3417805,2612849,1807108,0,0,0,0,0,0,0,0,0,0,0,0,0,0,0,4157565,6409171,3226542,3966727,3172466,2867229,2849811,1969616,3080907,4780745,4322135,4953284,6568716,6066278,7053098,4274222,5286573,4803554
"Pos",17251,"[M+H]+",8.651,"LPE P-20:0","EtherLPE",6759436,6131555,4824084,292627,173883,192366,110903,148554,155340,28524,5883,14253,6543,4217,0,14684,15564,7307,7192840,7364474,7155221,6343273,6313908,5683947,5721192,3350061,6363934,6005341,6222590,5985719,6140998,5235183,5529571,4005234,4980404,4357407
"Pos",18244,"[M+H]+",9.268,"LPE P-21:0","EtherLPE",315856,265354,228488,0,0,0,0,0,0,0,4579,0,5310,0,5099,0,0,0,335608,316040,309490,307291,274943,261659,236915,161210,296579,251635,260651,273657,280606,269608,271695,172406,252234,193757
"Pos",19252,"[M+H]+",9.849,"LPE P-22:0","EtherLPE",725547,659687,470105,12138,3271,0,0,9399,0,0,0,0,0,0,0,0,0,0,762650,822585,777147,713769,630505,620598,568912,373828,669442,646343,670522,618767,612699,533068,545455,388658,442901,374570
"Pos",31006,"[M+H]+",10.281,"PC 12:0_16:1","PC",3097523,2881916,2042423,403182,213552,210851,422886,521211,579295,445951,114466,169880,93802,260735,600400,210584,253970,88244,3123103,3170936,3032928,2777852,2736595,2710407,2520277,1352480,2943857,2492377,2390979,2710004,2452901,1928657,2276176,1878733,2314487,2095551
"Pos",31191,"[M+H]+",11.163,"PC 14:0_14:0","PC",169054829,145413313,102457371,18810641,18052881,16768026,17301128,23841947,24860866,22283686,10254620,15169688,9329630,11700285,14671116,10427661,9347247,7731758,180280086,167898603,172922676,153278581,152029955,137350883,122017853,58113115,142411102,121535575,115186875,117926687,116800343,93836996,102058128,82436045,107511196,93777566
"Pos",33724,"[M+H]+",12.288,"PC 14:0_16:0","PC",2026916133,1820649933,1439808755,239883162,216988680,212376734,203282623,293621099,312297697,242809103,120851541,178438955,102504869,136713816,163793540,124995794,102802606,92401822,2176506641,2068890676,2073522917,1887479359,1844391017,1760907304,1457769974,860852279,1704937802,1454197646,1460445835,1398674482,1375684827,1200499730,1270538644,1074332146,1323924149,1176333652
"Pos",33553,"[M+H]+",11.287,"PC 14:0_16:1","PC",397104859,351685578,253888058,45339842,29686648,25585943,33446601,40112222,46916144,16390987,5308650,11159732,3775549,2152592,7031530,8194371,4298169,2729674,423875032,402673708,398522487,358450196,362757981,337238612,317569782,159499667,361298953,329738339,330076712,332716876,331693755,268908884,288778753,242846186,309148396,265542353
"Pos",35704,"[M+H]+",10.729,"PC 14:0_18:3","PC",9112442,7510465,5397197,1264454,124210,136030,844677,952311,1129645,12675,4600,192414,64806,126383,156271,58179,63435,37006,1422177,1418324,1380635,1285066,1267678,1266387,1118686,3894558,8221080,1028691,1125878,1197238,1046683,941333,1164525,865290,6486752,5646031
"Pos",38158,"[M+H]+",11.249,"PC 14:0_20:4","PC",10604481,9371916,6660608,1151916,781245,747976,397570,276553,148729,9762,0,21767,5043,0,11381,15895,12547,0,12124322,11682700,11616716,10272677,10401452,9688792,8330585,4323045,10638613,9451492,9372321,8948215,9114321,7261125,8100528,5695067,7894578,7030918
"Pos",37948,"[M+H]+",10.551,"PC 14:0_20:5","PC",3394375,2856927,2362027,294435,38199,35717,74069,20246,13049,0,0,0,4276,0,0,0,3710,0,3931174,3561190,3699686,3207762,3154106,3061300,2883754,1473989,3244399,2963730,2883028,2831397,2940476,2167821,2507370,1853285,2483812,2357539
"Pos",40471,"[M+H]+",10.964,"PC 14:0_22:6","PC",11998591,10660796,7372095,953690,462888,383550,241620,72467,122692,0,0,0,0,0,0,0,3824,0,13951052,12702296,13386989,11733003,11754542,10308067,9396001,4472607,10627862,10573662,10467728,9651029,10396687,7715677,8520324,6391811,8617656,7324705
"Pos",34980,"[M+H]+",12.683,"PC 15:0_16:0 (a)","PC",85455812,73981831,59161049,7509043,6535134,6053723,6232611,8836185,9337268,6467187,3526641,4564357,2857526,3562420,4425802,3230433,2536124,2418813,90635909,87271297,84657812,73032500,78203261,71116965,60913601,31446804,73379022,71240833,72575266,71416590,69659334,54768055,63085028,47122528,64570345,56675181
"Pos",34979,"[M+H]+",12.894,"PC 15:0_16:0 (b)","PC",265329930,230577803,176626566,32425782,29326567,29596275,27201016,38155049,40227109,36073865,19396175,27392735,16964766,22668775,25705038,19969251,15913851,15352025,299018669,283834159,281722163,253873662,247992793,228624326,181681273,105511254,230265942,193228115,199061515,191884477,190272599,156230161,171028796,141033155,175706711,158723378
"Pos",34790,"[M+H]+",11.838,"PC 15:0_16:1","PC",133363855,121038124,87860187,15970107,10444407,9367150,10925538,12660087,15512899,5004250,1675367,3424727,692547,581140,2081603,2544051,1245715,726889,152273352,145694894,137818744,126388625,124682034,116250216,103786659,55327364,124364859,117633106,115014154,114900341,114181354,91130414,100793586,83697604,106870765,92820007
"Pos",36259,"[M+H]+",13.501,"PC 16:0_16:0 (a)","PC",3966240099,3575311091,2920138667,587202401,502191324,488552698,508674400,749816970,798144654,600370898,300251310,451216287,247518365,354184676,396014431,315039154,243454126,221773615,4244648175,4074332314,4010021246,3745934366,3588953737,3435040228,2694071517,1727597256,3086709243,2665250001,2556820999,2586148188,2621567857,2180399452,2326178076,1982079370,2364858224,2247040724
"Pos",36269,"[M+H]+",14.453,"PC 16:0_16:0 (b)","PC",4884221,4770378,3149476,1611781,2128986,969854,750316,1287511,699428,939443,791569,550522,1452991,508210,1739531,692390,519042,358062,2192095,3800489,5470359,2601499,3062358,5775987,3404456,3103569,11307656,6684006,2693848,2595546,2441872,3377445,3094712,2411084,1952154,2084501
"Pos",36063,"[M+H]+",12.382,"PC 16:0_16:1 (a)","PC",9581187436,8603462944,6819060182,1079405086,663301600,552932199,685789460,857469514,1083356834,286262403,90083423,205122284,57791273,32242818,113877164,145324700,66458407,42326332,9962860605,9666950646,9641297003,8878634869,8671868949,8347249282,7367451548,4344547300,8607813846,8196331948,8368206581,8153252155,8222145220,6849490033,7167626011,6352602823,7762790589,6762929605
"Pos",36073,"[M+H]+",13.648,"PC 16:0_16:1 (b)","PC",3319203,5830638,2289607,1254554,544432,913440,634648,567665,1370746,270128,33330,101093,20456,24341,80936,76933,109475,56960,5238851,8198183,5134107,9162124,2254151,4988836,5836602,2971592,3224341,3809936,5656288,5892225,4859234,2551869,2463709,6705817,4798448,3577406
"Neg",38015,"[M+HCOO]-",9.546,"PC 16:0_16:1<OH> (a)","OxPC",68411,17116,46206,15431,9865,39818,489362,684254,926514,1753275,1212031,1408088,956068,495434,1934161,1032545,1533143,905043,63536,56969,34607,67676,42183,19915,9960,13508,50035,50645,8224,55611,45457,38030,25301,55213,55420,74052
"Neg",38013,"[M+HCOO]-",9.972,"PC 16:0_16:1<OH> (b)","OxPC",5940,23080,6198,5073,16451,36161,309251,573879,467916,858556,632849,966955,547187,674612,698434,357166,520393,398273,5161,16389,27732,6528,0,28058,5018,0,5566,17881,15961,22896,30525,20459,26408,37196,20840,40735
"Neg",38014,"[M+HCOO]-",10.188,"PC 16:0_16:1<OH> (c)","OxPC",3493,0,3023,472897,489574,849876,2441941,3529969,3490491,5574573,4170972,6731428,2215549,2440829,4181758,822759,2155874,1534500,15113,3032,10343,8340,11258,28659,19292,14338,8504,232299,226910,278057,379492,294163,374536,743707,910513,728275
"Neg",38016,"[M+HCOO]-",10.532,"PC 16:0_16:1<OH> (d)","OxPC",0,3862,0,72559,63980,85680,334821,436221,376654,766438,642285,889766,315866,442908,604014,241945,352290,309114,0,0,0,5413,3594,0,0,0,5240,12276,8361,18126,4922,6907,5336,11829,17614,20573
"Neg",38012,"[M+HCOO]-",11.055,"PC 16:0_16:1<OH> (e)","OxPC",6562,0,0,4719,5045,6205,197718,343032,285817,519142,588927,682638,386537,656301,543927,320828,463331,467062,11569,0,23987,12220,0,0,158809,0,4838,9611,0,4205,15515,0,12122,19984,10229,25429
"Neg",38011,"[M+HCOO]-",12.406,"PC 16:0_16:1<OH> (f)","OxPC",656267,872250,709507,184146,72383,75447,86362,98420,95586,15562,7374,4824,12579,7721,5029,0,0,4516,839407,890546,932299,832451,662142,863864,720367,367899,660665,733558,647983,850877,918215,905388,1091263,672366,734668,630181
"Neg",38918,"[M+HCOO]-",9.534,"PC 16:0_16:1<OOH>","OxPC",0,0,0,437031,211953,331404,2082780,3545304,3879988,2364744,1015018,2755960,45735,30310,51820,4750,7247,3891,0,4648,3416,7207,0,3775,12417,2475,11582,223627,157217,236149,330040,269117,333483,618282,693772,654788
"Neg",37901,"[M+HCOO]-",9.448,"PC 16:0_16:1<oxo> (a)","OxPC",0,0,0,36102,23965,33804,374609,671209,555554,1003477,814351,1091926,710099,619006,907750,968773,952248,713274,0,0,6142,4579,0,0,0,0,0,5424,4068,12078,10373,12333,12980,59967,51863,40650
"Neg",37903,"[M+HCOO]-",9.578,"PC 16:0_16:1<oxo> (b)","OxPC",0,0,0,115773,80210,149932,891506,1236553,1329337,2391905,1424889,2363292,1207973,801975,1900348,1627327,1922525,1189776,4198,0,0,4579,4090,0,0,0,0,4164,4429,0,7689,5486,9218,24347,20567,24094
"Neg",37902,"[M+HCOO]-",9.785,"PC 16:0_16:1<oxo> (c)","OxPC",0,0,0,45527,19254,45579,517707,727100,721129,1369864,846356,1426814,726000,587331,1179166,937978,1075879,780051,0,0,0,0,0,0,0,0,0,0,0,0,0,0,4864,4350,4422,0
"Pos",37645,"[M+H]+",13.94,"PC 16:0_17:0 (a)","PC",154197542,134669425,101168772,16590421,13403673,13691175,13580072,19161058,20858815,15224552,8279087,11950916,6606217,8492519,9725275,8588674,6140768,5854194,170102670,160962670,159710611,139683453,136599247,133262573,104487001,58761864,129181444,118558878,122433870,121589495,120832368,99978348,102611346,89073809,107932778,97486706
"Pos",37643,"[M+H]+",14.192,"PC 16:0_17:0 (b)","PC",72371694,61807998,47478016,7919530,8027299,7461971,6888137,10306197,10482680,9318414,3463226,6278523,4298277,6059112,5115781,4507729,4145061,2905764,79914799,75640674,72885320,64592787,67777725,62895995,41581884,26801496,53292395,47236558,49005749,46916545,37941230,36136789,42546669,30003681,44204180,37353183
"Pos",37430,"[M+H]+",12.998,"PC 16:0_17:1","PC",1309981531,1165771253,903199784,136663181,84444512,72336282,84227135,105710585,128591956,40727367,12886611,28919121,8583985,4868796,16400723,21969599,9842496,6481311,1427823316,1392854660,1373692727,1238030669,1221714975,1122404738,953198246,502799437,1174051862,1098647201,1113087063,1106925863,1105642406,892438723,930275003,797660060,1018532189,878868973
"Pos",38958,"[M+H]+",14.895,"PC 16:0_18:0","PC",605469235,511359509,393287620,69998302,62206590,59270937,59345751,88096550,93698155,75019773,41074802,61020280,34611442,51085657,54199681,43609222,32335528,30252583,653465528,642219422,631172230,565509184,536167091,526839430,339679421,213369762,413027777,360066008,366069861,372464345,365090703,293817223,319516043,256808858,333237687,299126489
"Pos",38747,"[M+H]+",13.586,"PC 16:0_18:1 (a)","PC",22707811011,20853855599,16977349450,3489155570,2035668153,1735904902,2192521794,2800409468,3524199665,950450765,280401349,670326637,165234247,101898790,356415398,484767545,195946524,131965876,24093177318,23334188453,23081941247,21753841545,20938041301,20004782715,17621867637,10939241689,20235565844,19657479404,19572328049,19647054693,19562094850,16156344941,17193436777,15141553838,18125433674,16649548657
"Pos",38762,"[M+H]+",14.988,"PC 16:0_18:1 (b)","PC",20499525,8672734,19345252,3071895,1846480,941830,1477064,2100294,3908736,1158202,350657,1250259,215010,70926,328171,498385,518159,156409,19062320,25820027,8165695,14516056,7368984,11955173,5727363,9557311,5550106,23420436,32883233,15014581,35814799,11203926,35374059,9637573,9009649,23955031
"Pos",38759,"[M+H]+",16.525,"PC 16:0_18:1 (c)","PC",1387185,2129312,1466083,329260,371174,248294,502590,158532,363801,187246,42340,114047,28450,5894,55234,44674,58065,20451,1273646,2082881,3038018,2625978,3923265,1813106,1165156,681795,1300704,2301334,658308,2508284,2094651,1184482,2495870,1017769,2295159,1388559
"Pos",38746,"[M+H]+",19.932,"PC 16:0_18:1 (d)","PC",405746,188705,410538,71610,54921,40429,43150,82019,29693,24102,19154,15337,7918,2989,21136,22025,13300,3239,405920,613025,403065,215848,505649,397908,278049,366529,325798,332118,399733,319684,329536,123054,175154,387306,557591,453003
"Neg",39507,"[M+HCOO]-",10.056,"PC 16:0_18:1<OH> (a)","OxPC",161355,150834,153217,62108,38422,34396,458585,755902,849556,1454632,462240,1381098,655616,289901,1348177,860324,1156048,678932,169119,153119,187547,187645,75993,122046,98170,53207,150630,126121,134070,180266,246919,91100,145340,89126,82201,159864
"Neg",39504,"[M+HCOO]-",10.848,"PC 16:0_18:1<OH> (b)","OxPC",486,0,15648,209298,244109,404577,1289207,2468510,2204739,3999884,2906313,4423822,1799662,2069733,3162960,874580,1748662,1539929,6518,4576,0,0,11173,13849,12956,12251,27785,45521,69447,86743,195773,148716,157110,259970,348527,294746
"Neg",39503,"[M+HCOO]-",11.09,"PC 16:0_18:1<OH> (c)","OxPC",0,9949,7213,1048791,1046504,1891392,4611866,7392709,7477663,13103795,8775794,14275051,4645014,5389978,8868343,1215489,3808542,3242335,118199,117184,150629,165833,168278,144100,207849,68830,171189,523468,457788,650757,924677,769582,1001899,1348111,1732290,1681425
"Neg",40332,"[M+HCOO]-",9.999,"PC 16:0_18:1<OOH> (a)","OxPC",0,0,0,173026,79477,132376,685401,963728,1124508,1226424,559458,1130069,51947,55124,92197,11758,10614,4813,0,0,0,12050,5085,4970,6590,3081,8463,101100,84293,113300,167841,126333,175690,331949,443022,334200
"Neg",40333,"[M+HCOO]-",10.247,"PC 16:0_18:1<OOH> (b)","OxPC",8011,0,0,305230,285985,326977,2202028,3458163,3869255,2665201,1208219,2907934,8354,9773,35447,2557,15395,5507,4941,3663,7406,8837,4837,16856,19493,6911,22706,160313,183985,236684,352403,344715,285322,557288,852247,550228
"Neg",40331,"[M+HCOO]-",10.373,"PC 16:0_18:1<OOH> (c)","OxPC",3559,7118,0,718532,429266,574227,3041712,4335259,5167242,2824329,1197018,3527572,7831,8079,83704,3646,7753,9087,0,3663,7406,33745,13030,8868,36975,22079,26573,268906,247823,357085,510135,341769,454875,865350,998122,1031908
"Neg",39403,"[M+HCOO]-",10.09,"PC 16:0_18:1<oxo> (a)","OxPC",15808,3625,10193,90605,71403,99735,755509,943429,1206747,2019614,1259412,2072335,1102914,898957,1641498,1259062,1241652,804104,13467,22615,3324,11802,17969,13272,6203,5378,3562,76272,52575,70720,102685,96501,110078,209521,191196,172464
"Neg",39402,"[M+HCOO]-",10.237,"PC 16:0_18:1<oxo> (b)","OxPC",12840,4917,3014,306153,225458,317644,1352046,2015852,1952687,3616471,2202572,4219712,1682814,1190005,3195973,2504236,2613015,1873304,15289,4244,6930,16314,21349,25893,58516,17674,55508,225008,227309,287488,534003,389481,419468,778152,1002484,812390
"Neg",39405,"[M+HCOO]-",10.424,"PC 16:0_18:1<oxo> (c)","OxPC",30295,9781,14638,445108,323926,540358,1924756,3409000,3961236,5180143,3561220,6687512,3025543,2214726,5286956,3611957,4412916,2824155,21781,7040,9425,32520,24296,21122,16004,6036,41425,62855,79090,87725,166789,156752,204130,230046,209454,228276
"Neg",39401,"[M+HCOO]-",10.657,"PC 16:0_18:1<oxo> (d)","OxPC",4732,0,0,131922,102852,123370,1196926,1731762,2038378,3549679,2042396,3475621,1757252,1199280,3078417,2367403,2443345,1570469,0,0,0,0,0,0,0,0,4637,3853,11867,4856,36447,27765,17755,17675,25298,122444
"Neg",39407,"[M+HCOO]-",10.959,"PC 16:0_18:1<oxo> (e)","OxPC",0,0,0,90871,42257,102416,404014,692135,695629,916112,519682,972230,293297,180618,508233,225889,322190,228579,0,0,0,0,5924,0,0,0,0,3839,0,0,10653,0,0,0,8449,0
"Pos",38338,"[M+H]+",12.07,"PC 16:0_18:3","PC",33917016,29255617,21087862,3174759,2148937,2129981,1487224,710607,1682374,408055,803682,340061,884892,372806,368846,645498,655302,341494,35431350,36190050,37800015,28666642,27602839,29465778,25197095,13062549,29918689,29903478,29873355,30594503,29995666,24510029,26478815,21211465,26991572,22922430
"Neg",40104,"[M+HCOO]-",9.214,"PC 16:0_18:3<2OH>","OxPC",0,0,0,4792,4125,4340,233872,354240,319028,598414,380120,668217,302728,238399,422256,365362,339717,226884,0,0,0,0,0,0,0,0,0,0,4108,10405,0,0,9240,26041,21728,13927
"Pos",40098,"[M+H]+",14.278,"PC 16:0_19:1","PC",558423095,482876056,352621879,54454261,32476702,29520012,34679569,44672813,55223718,17990703,5785701,15436251,3452303,2451225,8417014,9235903,3991226,2931708,605989100,570077371,560067055,503626330,617812704,480540184,371147489,201642449,473558673,445251531,449832183,440916813,449989795,345369532,372167029,301601492,502413363,372172887
"Pos",41726,"[M+H]+",16.427,"PC 16:0_20:0","PC",16264837,13972525,10643986,2227511,1198543,1031430,1776066,2825488,2810466,2313854,770260,959037,917368,1586208,823761,1406169,365183,818345,17999592,17738848,17054515,15623168,15109944,14024441,9111057,6102457,10935260,10325501,10227943,10454523,10444252,8711557,9090555,7132671,9542542,8459439
"Pos",40862,"[M+H]+",12.148,"PC 16:0_20:4 (a)","PC",23211154,19348387,14710931,4852005,3160349,2543024,1738867,1313087,1526080,121752,18400,30977,11899,34313,50424,113626,55279,30959,50957806,54315356,62302151,19052640,43902824,19266722,15017381,8030586,51285118,17653786,17844137,48538609,17979953,31713244,15707618,11863451,16013585,28783289
"Pos",40860,"[M+H]+",12.333,"PC 16:0_20:4 (b)","PC",525989800,479731021,364488155,43968381,28848613,25738614,11913466,9456805,9398408,23906,6653,17287,20960,21161,22060,53423,10753,16625,524948087,495741504,493986205,496784522,442876789,467467092,398501881,227082853,427247190,475163177,477369633,408262818,446650456,337457042,401461509,308564816,405107152,332108884
"Pos",40654,"[M+H]+",11.55,"PC 16:0_20:5 (a)","PC",143162096,129364674,94529118,15515585,9159644,7981605,4334376,2872354,2628036,0,3160,0,5102,31655,14954,12394,38907,3237,166617016,157007973,157255042,136391735,134877788,127468541,109729708,58744869,142146147,131681808,132429586,123022621,127066698,97883934,110679286,78619027,109531219,95172075
"Pos",40648,"[M+H]+",12.502,"PC 16:0_20:5 (b)","PC",310931237,296187045,300834449,106092575,58026677,46306180,65686163,74829165,96236305,14216333,4511102,9838269,2272287,583655,4622055,7534127,2928659,1675749,308255514,292599646,280575162,286840288,297871055,287452856,293398657,246730009,277471501,275404748,263944927,263726581,266995333,254665901,245210378,192561841,274279538,266385462
"Pos",43703,"[M+H]+",13.184,"PC 16:0_22:4","PC",42775246,52377039,57572859,8701758,5823038,4700043,3157572,1386477,2855453,4619,0,3253,3936,16331,4081,9882,13328,0,69582801,54160705,21885235,22356839,81073077,85824119,33244448,10178150,80282009,13693555,31818101,20838486,20500148,16600062,42743331,14341196,74569709,39465069
"Pos",43519,"[M+H]+",12.368,"PC 16:0_22:5","PC",693519917,630082414,493478211,76225314,39544932,32927782,21028089,16387360,16167365,0,0,0,0,0,0,14816,6835,0,775659964,716105345,726826769,668458996,651369354,624439427,519568167,302947388,616128223,606355460,628133785,584297296,583108398,491221951,518554693,414647745,535598397,477408042
"Pos",43329,"[M+H]+",11.967,"PC 16:0_22:6 (a)","PC",271642147,241166324,174045611,24763043,16949539,14309397,6289588,4146012,3588743,0,4130,0,0,6386,0,0,0,0,315963998,295741616,288832455,261037418,255215903,237975420,194073982,103218361,246803002,233817421,229545166,219882581,217697421,173962189,186418729,135279743,187395418,161266258
"Pos",43325,"[M+H]+",12.717,"PC 16:0_22:6 (b)","PC",77770511,118041871,109382187,24881377,7720995,7385779,7249114,6805095,9587601,86441,35257,90890,3443,0,19352,51834,7808,6455,67899519,73541832,67072697,66896896,63902499,61423377,110129371,49923237,58595236,57280405,60450247,44452847,53939831,51769551,54657886,54595796,62070984,100999253
"Pos",46951,"[M+H]+",18.074,"PC 16:0_24:1 (a)","PC",16188090,14202124,10581070,745322,428125,316716,416922,749963,1136808,270781,99937,270642,15320,19916,83051,205533,20036,15927,16955593,1755460,6230161,1650579,5713219,1505641,2681506,645752,1072227,1082613,5787187,1110708,7771646,4171153,3591071,3046470,3258660,3895650
"Pos",46953,"[M+H]+",18.147,"PC 16:0_24:1 (b)","PC",16318157,14151183,10700788,367272,435766,339620,783480,749963,1136808,223578,40065,174787,13739,24956,77375,87651,55237,41951,17191902,17286239,6610623,15273357,5713219,7770609,2681506,3830119,10839030,5277673,5787187,11598569,7771646,4171153,3591071,3404662,4392105,9065694
"Neg",30770,"[M-H]-",4.455,"PC 16:0_9:0<COOH> (a)","OxPC",0,0,0,0,0,34477,708287,2452170,149707,4181925,239279,1221797,664926,6869334,6679294,3136649,2079107,3039240,3002,0,0,0,0,0,1922,3318,0,0,0,0,2946,0,0,0,1764,0
"Neg",30767,"[M-H]-",11.376,"PC 16:0_9:0<COOH> (b)","OxPC",4746,0,0,15300,2876,60565,260892,362845,312291,316916,404223,414963,82451,220925,161627,0,3651,0,0,0,5870,0,0,0,0,0,0,0,0,9420,0,0,0,0,0,0
"Neg",32409,"[M+HCOO]-",6.195,"PC 16:0_9:0<oxo> (a)","OxPC",54004,55695,57548,221539,259740,260656,139706,249735,127614,230581,179127,114774,231358,238509,313336,178485,124091,169505,64639,65090,28150,46006,30373,37412,46930,66162,87908,49422,43917,26525,30652,21623,54336,30211,43083,37126
"Neg",32408,"[M+HCOO]-",6.392,"PC 16:0_9:0<oxo> (b)","OxPC",64310,93358,122342,491990,237360,573853,396310,492553,300556,564290,323737,340272,479472,390735,539502,246050,243849,341451,98643,84184,57192,74381,57400,28116,67880,170594,164725,79479,101891,67927,95260,52820,74346,85290,105825,91862
"Pos",35869,"[M+H]+",11.392,"PC 16:1_16:1 (a)","PC",439369550,398752390,285806559,49665037,26093644,21040241,31298923,35811127,43772999,8768810,2843617,5889219,1522842,493240,2902102,4772718,1973314,1087273,466539663,445234699,438474841,393138472,394627519,370722499,347003930,180762521,410042669,369133259,368226905,374687537,379335813,303522881,325612021,278711267,346108775,297516907
"Pos",35871,"[M+H]+",12.002,"PC 16:1_16:1 (b)","PC",33883878,31266085,21778150,3503479,2556841,2224003,1854112,1884564,2415327,417511,61729,267230,15092,2884,123581,155495,24983,16797,38905750,36653673,36634142,32356926,31712651,30729455,27308812,13970896,32152593,30555821,29145634,27843452,29850840,24098783,26079143,19390843,27880006,22356639
"Pos",37228,"[M+H]+",11.948,"PC 16:1_17:1","PC",127535262,114320148,77923348,13160076,7331286,6134381,8026723,9014708,10996014,1960651,640977,1282803,279525,130782,639009,1039598,434104,192194,141792880,130817354,132705196,112651567,114971564,101203583,92343884,45228153,112418977,103164957,100130252,106338947,102129895,86344070,89252276,75371613,101249476,80954931
"Pos",38535,"[M+H]+",12.485,"PC 16:1_18:1 (a)","PC",6840567202,5984713500,4684624644,662579906,347331551,278235688,384936490,459271908,575743699,87101977,28335101,60897728,14000066,6152960,28290736,48414497,17651486,10306342,7037966897,6834322098,6845340356,6174399562,6100323669,5776708734,5076614227,2869574455,6113207265,5713474212,5850471639,5899358960,5816485982,4723511016,5078875426,4386929699,5496313040,4728256458
"Pos",38544,"[M+H]+",13.486,"PC 16:1_18:1 (b)","PC",24628990,25900483,22110853,7059569,4192177,1107378,4301347,6682173,8410368,0,0,0,0,0,0,0,0,0,21844887,23206398,30793712,26738890,24948632,26879786,23339856,21090577,24858577,28938493,22271932,24161100,21931405,21727521,19904037,21875430,21249884,17668042
"Neg",40207,"[M+HCOO]-",9.57,"PC 16:1_18:1<OOH> (a)","OxPC",8625,3327,0,59537,11515,34747,897890,1045089,1367839,750277,568776,945083,229173,195160,346075,217170,312938,144057,4908,4360,3861,19859,29011,11142,16114,9342,35297,110654,68475,99992,95535,89357,109782,204637,243828,191035
"Neg",40215,"[M+HCOO]-",9.752,"PC 16:1_18:1<OOH> (b)","OxPC",3624,5292,0,186355,71368,134409,646694,1019016,976771,752364,534952,835792,287133,320236,514272,242637,450229,237828,0,4120,8745,4159,10983,0,17318,3486,13008,146260,159049,230019,157230,172817,222940,421466,583878,453360
"Pos",38337,"[M+H]+",11.606,"PC 16:1_18:2 (a)","PC",60514724,53018721,38412365,6539828,1529309,2310014,2491519,3105817,4893479,97875,377003,75767,39496,66988,94613,534829,339747,344442,52503832,25596420,25696339,22533891,47750049,42059403,42096928,18435446,50006609,42638180,40675835,46059375,48994830,31206917,41381828,30144820,19385813,35443155
"Pos",38339,"[M+H]+",11.733,"PC 16:1_18:2 (b)","PC",135566521,125521875,92361290,16055657,13736032,8827823,8044809,10205800,8831949,835480,393261,593311,339253,452059,531341,534829,339747,344442,172897014,209664035,202713849,178802364,135298904,126368165,106324864,59933873,136002223,122270039,129990257,115796653,118527255,99301049,101065615,88529442,148734344,96676140
"Pos",38334,"[M+H]+",13.457,"PC 16:1_18:2 (c)","PC",137668530,137540851,140575435,76036911,76124057,77596937,76591333,107112898,106488249,102749879,53914182,79280789,44975379,63384298,72129602,54552807,43243417,39487956,140535893,137365088,133496270,139845089,137519735,133490067,128684130,122251220,124329513,112406976,105522957,105667358,112830222,106428762,109217272,100514349,104151899,104837183
"Pos",38159,"[M+H]+",10.821,"PC 16:1_18:3","PC",7948898,7096316,5355651,1013904,954493,566003,513448,587090,636321,57815,28820,35877,23937,23441,87040,30583,27364,24208,7714808,8046716,7808765,7370551,7056013,6608524,6335675,3298314,7099499,6343280,6395974,6812662,6416786,5304810,6062320,4839497,5597996,5260672
"Pos",40653,"[M+H]+",11.336,"PC 16:1_20:4","PC",25846071,22227888,16032385,2378233,1086172,934525,683122,443160,347704,4465,4149,5879,5068,28203,7649,18454,1539,19434,28249275,25552187,27306164,24860508,25412561,22749951,19994137,9415086,24668643,21758637,21664316,22186425,21340151,16735434,19014122,14076291,20097230,16565685
"Pos",40470,"[M+H]+",10.653,"PC 16:1_20:5","PC",7320131,6593024,4927054,805551,376883,285873,179788,71616,63237,0,0,0,0,0,0,0,0,0,8078045,7607314,7427737,6710777,6757673,6512895,5949723,3013020,6667866,6482841,5995517,6095021,5959968,4801691,5343219,4027687,4980412,4362360
"Pos",43330,"[M+H]+",11.367,"PC 16:1_22:5","PC",16437575,14526594,10168596,1691788,707646,685930,413106,244184,287960,0,0,5988,3823,0,0,0,5983,0,18638603,16408968,17288543,14504986,15092829,13787347,12336603,6186960,14438118,13501989,13507702,13080642,13909275,10592078,11983566,8979820,12800228,10452300
"Pos",43123,"[M+H]+",11.034,"PC 16:1_22:6","PC",55980628,47468741,32596117,3609632,2030075,1562355,894405,548913,420840,13355,26025,35802,21998,29852,47417,52008,17270,19423,63423157,56742743,59588737,50937833,50967885,47136583,41212694,17972785,49267428,47120689,45712478,42535220,44832903,34321786,37015292,26729690,36348942,32090791
"Pos",40099,"[M+H]+",14.068,"PC 17:0_18:1","PC",115412422,110974682,89781056,14899461,9821903,7416240,8428896,11165142,14049642,3887920,1173903,1127175,731557,154722,551099,2331193,963414,402048,141970221,142522553,142403025,117400600,45292273,120186159,83550854,52531164,90304024,99539546,109874963,108300884,104935244,93314041,83233772,87790484,35784128,70396830
"Pos",39888,"[M+H]+",13.079,"PC 17:1_18:1","PC",808488924,723775018,561124243,78238468,39765507,31881005,45644247,56347856,70764873,12597507,3795019,8179014,1786431,743659,3726823,7025496,2294142,1505456,910811282,827393577,812274532,779229644,783749856,719684904,581827374,323345262,707461369,712580055,701650440,710078114,713290670,584272541,589249957,503491216,665783719,561873620
"Pos",39684,"[M+H]+",12.176,"PC 17:1_18:2","PC",48196193,41824422,19676610,2167729,569376,916158,1144527,722890,696144,7216,4324,5661,0,0,9364,5973,0,0,55215537,26771495,26519898,44213927,22919211,43379269,37270579,10950550,22238345,21276858,43435407,21139168,23878929,34366998,35325509,31470049,36592338,29450865
"Pos",42109,"[M+H]+",11.886,"PC 17:1_20:4","PC",9037212,9304407,6350384,986336,537807,348807,68965,12495,40965,0,4773,0,0,0,1836,0,0,0,12576706,11008735,14114223,9717450,10221128,8503127,7541713,3622144,8713571,8301279,8552905,8754659,8042382,6824196,7098684,5417107,7233900,6162411
"Pos",41485,"[M+H]+",14.982,"PC 18:0_18:1 (a)","PC",2801940796,2365659151,1808715540,295945497,177447596,152505167,183134708,238606024,295981532,91192509,29756983,67381719,17287007,10769541,37058007,52613858,20797697,14725458,2984527722,2929441670,2897419546,2580554049,2474010046,2395615442,1715625898,998604045,2198384731,2151602501,2243658098,2236249711,2192309680,1729955765,1813040731,1541444643,2021375113,1811274845
"Pos",41491,"[M+H]+",15.894,"PC 18:0_18:1 (b)","PC",9716744,2076745,1569210,451422,540357,360472,574456,875317,957365,294283,43418,223252,38337,43998,137828,186501,43275,52973,4435986,2699946,8338614,2430691,2384753,7617319,1750337,3598503,2068096,6226192,2114792,2172937,3469443,1740673,6792290,1628996,4028102,1735393
"Pos",44232,"[M+H]+",16.492,"PC 18:0_20:1","PC",77684121,65009556,49010922,9201653,5735841,4640712,5935716,7844623,9164006,3293556,494355,1429078,160791,165540,292907,1131573,605375,242777,82277190,80049709,80178779,71006064,69157462,65872058,44718943,29226146,56774565,57510725,58255406,60797836,58606665,47575959,47727515,42314621,55360561,48740166
"Pos",43877,"[M+H]+",14.167,"PC 18:0_20:3 (a)","PC",194961259,167279173,134231251,18914638,10975026,9293306,7703949,8959795,10618039,609903,98148,376681,34623,3464,124535,223700,91335,11279,219089350,209425414,196344583,175078115,172750314,167037307,132604558,75157635,160545332,165006180,159501848,162599677,155622707,121848943,136011835,109083178,143648391,122554685
"Pos",43878,"[M+H]+",14.594,"PC 18:0_20:3 (b)","PC",24375946,21044607,15328014,2433103,1605210,1455137,318982,680068,686013,5178,3384,6906,0,0,10716,0,0,0,25736579,26511739,25811717,24124736,22370219,20885333,17559593,10989677,21621883,20619965,20706879,11801383,20011228,10816373,18101249,14462363,16777928,16864853
"Pos",43702,"[M+H]+",13.534,"PC 18:0_20:4","PC",165220801,151104641,126630136,17938572,10884168,9477316,4407517,1743383,3285745,68275,0,0,0,0,0,0,10676,0,175664569,186234247,169131510,159457577,157029713,151385204,125750618,80609325,154360273,147470204,144498465,140801487,142341466,116214680,126554145,93719186,123715717,111648011
"Pos",43520,"[M+H]+",12.644,"PC 18:0_20:5","PC",108201318,95260885,74185872,2606198,4896184,4031218,643461,484763,1203626,0,0,0,0,0,0,0,4577,0,121096678,126390090,122644667,91823476,104560896,92782455,73860370,41590456,102709641,97382436,102615586,93748214,96240511,67576479,83845975,55902326,80940280,65991143
"Pos",46234,"[M+H]+",13.531,"PC 18:0_22:5","PC",164216635,151996437,127012794,19934441,11936665,10067087,5770466,4352967,4637678,0,0,0,0,0,0,0,0,0,177581957,174562911,175141128,155266974,157544634,144688140,124341989,80500304,149255659,145663191,144345265,136981193,139266057,116407349,121783257,96018247,119869407,116909105
"Pos",46039,"[M+H]+",13.123,"PC 18:0_22:6","PC",132383955,116798824,93878174,9557597,6506207,5202271,2211346,1713837,1471879,3505,0,3788,0,0,0,0,0,0,144181333,142808526,138368891,122887751,124778069,116755937,89947587,54823664,114602517,108802781,106906618,110259131,101278968,85449299,88206063,64699057,87863913,79484218
"Pos",41251,"[M+H]+",13.687,"PC 18:1_18:1 (a)","PC",12287938821,11223759564,8995541710,1633449700,790942213,623360092,971347335,1197758775,1545655826,255453639,73925655,176222067,34371682,15737524,75613752,137737707,46148664,27485289,13079675948,12688488768,12576360448,11567528011,11208006744,10857627364,9216282365,5618143675,11044167688,10507268740,10682226074,10764517790,10633392784,8694806324,9210118301,8233428996,9936920166,8862084365
"Pos",41265,"[M+H]+",14.991,"PC 18:1_18:1 (b)","PC",36477756,5038980,11878793,1188495,503396,434696,885039,1008358,880930,81380,14781,53610,0,0,0,13149,13181,0,32260896,7095086,33130289,20000313,16600844,30075759,22976258,4704665,28649132,15450835,23108479,21609304,16449504,10388028,14442003,6165094,17037045,24059116
"Neg",40864,"[M+HCOO]-",10.92,"PC 18:1_18:1<OH> (a)","OxPC",8697,9195,11031,222852,152181,269690,619202,977890,1060648,1906843,1036514,1900126,529289,395044,1119370,365790,563008,396705,5442,6265,5702,10327,15778,16089,7324,5931,20137,167873,120246,168024,317337,237180,280698,500581,636352,533247
"Neg",40863,"[M+HCOO]-",11.193,"PC 18:1_18:1<OH> (b)","OxPC",0,0,0,712262,445534,791680,1827213,2896466,3337569,4704686,2570386,4974692,1123022,901010,2633444,648623,1164088,789958,6367,0,0,19977,11957,6402,50630,14696,59571,398530,314912,454968,691974,627076,831702,1347756,1628660,1553196
"Neg",41640,"[M+HCOO]-",10.077,"PC 18:1_18:1<OOH> (a)","OxPC",11316,0,3252,186910,58239,65572,563551,1080982,1229772,560631,234877,767028,20916,14343,62833,7745,18729,3670,20199,7992,24888,28102,22497,22766,27597,23851,69722,173276,170866,155428,219160,193154,208344,292119,485265,343591
"Neg",41637,"[M+HCOO]-",10.332,"PC 18:1_18:1<OOH> (b)","OxPC",14683,4347,11431,140216,45489,67042,716916,1286916,1372900,662220,268655,613330,7343,10644,11306,0,13153,4100,17563,4928,15709,38011,37992,39670,74713,19347,50100,139842,147842,153967,195306,134896,169425,488072,402872,304904
"Neg",41641,"[M+HCOO]-",10.429,"PC 18:1_18:1<OOH> (c)","OxPC",30410,0,0,286263,111801,183310,1541941,2371152,2684481,1028929,436595,1181117,9767,5791,9459,2251,4640,4100,9372,7457,8250,41252,24804,39670,100234,28779,104274,257986,200269,237188,336229,320376,350108,547940,660760,696101
"Neg",40748,"[M+HCOO]-",10.465,"PC 18:1_18:1<oxo> (a)","OxPC",19618,7118,31781,76706,30802,169126,830665,1329907,1565566,1752425,962926,1716969,662237,281360,1071058,1128906,862008,493858,17663,6759,13914,24957,4749,6946,4854,3174,18690,38596,22588,21379,98630,66016,47569,108885,80960,66173
"Neg",40747,"[M+HCOO]-",10.739,"PC 18:1_18:1<oxo> (b)","OxPC",0,0,0,63930,53736,73770,476684,684593,896734,949964,685690,1134616,418914,317728,736985,821938,654127,406477,0,9833,0,0,0,6139,0,0,0,8734,3618,5100,19840,19797,28558,45969,78350,48124
"Pos",41066,"[M+H]+",12.692,"PC 18:1_18:2 (a)","PC",1138604017,1437488206,1108783748,93089353,43732028,36233726,41943404,46084013,50703650,960761,369211,782846,134255,53925,384392,864551,192906,99335,1793765159,1751165509,1701302449,1527060551,1502353800,1411100809,1189014499,422000135,995808805,1378756262,1440013794,1421956221,932336584,1097551915,1202022365,978476744,1275383792,1120916191
"Pos",41067,"[M+H]+",12.867,"PC 18:1_18:2 (b)","PC",522889200,135471369,103407967,47305838,34922649,28152573,24478886,23099457,32709774,1991709,416810,1255332,102897,26976,296631,719279,177429,124948,185161714,171589454,165980255,145249955,146688400,137366834,115796803,199328465,484390219,134224635,135834168,131991513,493236476,109925852,119543194,96101257,125647355,109031106
"Pos",41068,"[M+H]+",13.268,"PC 18:1_18:2 (c)","PC",66693051,62003989,44766642,7061804,4295128,3411354,2517462,2107431,2358818,205978,65040,76237,46084,84117,108753,87282,99349,43330,72596855,69055359,73819266,59004488,58812330,52562724,46028082,24487492,62757791,53930150,41495314,52791645,50626800,37989050,48286886,35340429,46877208,38938722
"Pos",40861,"[M+H]+",11.841,"PC 18:1_18:3","PC",99527963,88908559,66404712,11310783,6670433,5372036,4355441,4233259,4809323,51431,23993,69525,26735,63406,53827,58616,59128,66633,118464249,110776055,101251328,91734770,96439278,86406320,74889615,39995906,91808236,84228857,86062026,82583303,84100705,66997752,70750668,58924629,80566379,64616789
"Pos",42725,"[M+H]+",14.346,"PC 18:1_19:1","PC",357818103,312247679,230846454,34545636,17126631,13962133,20839834,26752118,33263518,6088348,1838554,4299246,818323,347298,1912233,3553902,1154299,677907,370063232,364844407,363049220,319934292,314338046,299745800,232592407,128321013,291425321,286874605,290195231,288798949,282512884,224441622,235313906,208783132,257985461,230287628
"Pos",42522,"[M+H]+",13.273,"PC 18:1_19:2 (a)","PC",43035369,37904736,29538087,4319740,1174291,1820711,1821127,2051313,2500519,4779,0,4365,0,0,0,3775,0,0,48009918,43963617,42944305,38623568,40000820,36189059,28832363,15430319,35331074,33635322,34980662,35313516,17518104,27145565,28941474,23906323,32186784,29511444
"Pos",42521,"[M+H]+",13.478,"PC 18:1_19:2 (b)","PC",52107733,49565454,40961862,6182665,2760702,2324172,1225780,1681864,3700818,45648,0,19552,0,0,10754,23532,0,0,57809610,54130012,56721060,52996251,43956710,43129503,37671614,22682212,46913852,48558739,44416573,41739426,45248909,33975034,37012811,34675915,40299381,36380478
"Pos",44066,"[M+H]+",15.042,"PC 18:1_20:1 (a)","PC",984782921,832074232,618649091,97052672,46743422,37830726,58248558,75761964,94993841,18730570,5776545,13297441,2515160,1139336,5790141,11245654,3603542,2195612,1026150470,998169749,987613262,876092216,846029707,815576708,590909437,332121544,748220495,732155690,767096761,779900479,763546715,590627410,607574570,557364609,699394961,619467300
"Pos",44067,"[M+H]+",15.89,"PC 18:1_20:1 (b)","PC",1697375,1474581,2844717,185119,92647,170903,179978,243959,476559,39387,5742,43072,3880,2792,24307,52173,10694,5392,3796178,1207432,5224594,1315354,1069866,1045643,1712629,537368,961813,933497,1247956,1042996,1018123,785113,815421,780845,1854955,2398325
"Pos",43876,"[M+H]+",13.889,"PC 18:1_20:2","PC",245075842,212815068,156908706,21925882,10715998,8578936,10602881,11118618,14521624,317146,67851,178777,28396,3782,100915,314545,36583,15128,263701311,250815754,253654975,219265086,220817419,213833908,157031610,86965918,209102911,190901859,208185127,201266255,198011117,160254742,162961715,137343458,180627230,162850194
"Pos",43704,"[M+H]+",12.979,"PC 18:1_20:3","PC",243960253,217002331,171134480,23014394,11596252,9585460,8123992,7639245,9625390,0,0,19168,0,22392,0,16747,9020,0,263917014,257392345,258772616,259549060,239848245,203576239,183704519,110807138,215935815,222404579,210200006,253238535,244853995,185169080,195570676,166772996,180557458,181271174
"Pos",43328,"[M+H]+",11.63,"PC 18:1_20:5","PC",102649069,94066977,66239466,10033237,5782250,4267134,2829933,1880937,1796086,0,0,0,0,0,0,0,3313,0,117154235,112135209,110175126,97427040,92618080,89395521,75874962,39568481,97275176,90806014,91516107,85146759,87684009,67351862,74763504,55263422,73883811,66601905
"Pos",45430,"[M+H]+",15.775,"PC 18:1_21:1","PC",18045181,6818401,11242394,1807506,638317,361073,1130703,1453246,1599879,284007,24347,121649,0,0,40759,151093,10132,3083,15349221,18347133,18459453,15884548,15229456,15165083,10104406,2552618,10718002,10552730,13599399,13898366,13800605,10521817,10936420,10187902,10452800,10810760
"Pos",46770,"[M+H]+",16.577,"PC 18:1_22:1","PC",59850385,49893983,36928364,6348835,3488113,2670741,4066277,5385000,6381254,820947,238461,393935,38096,9794,137712,870564,89554,37671,60767604,61447380,60264257,53585736,52110146,50064079,33892344,21242864,43326857,43444416,46194289,30517920,45606512,36234902,36020139,23233144,42613024,37847748
"Pos",46601,"[M+H]+",15.333,"PC 18:1_22:2","PC",39547619,34533916,25834458,3370023,1628636,794303,957050,2215596,3184570,62568,11818,45494,4210,0,6283,69381,7010,3351,41915714,41787476,41578312,35889962,19980637,33742209,24153204,14298874,30568423,30647548,31823732,31352858,31427687,24231957,25013826,22461866,29202675,25485377
"Pos",46235,"[M+H]+",13.307,"PC 18:1_22:4","PC",53484487,47550287,35340971,3371809,2905799,2509053,1663467,767301,1520369,0,0,0,0,0,0,4721,0,0,59523911,53308832,56458618,45487791,50795948,45999565,34325930,18483656,45514053,42982991,44755653,41834581,40862196,33164957,34428426,28031058,39605728,33733846
"Pos",46038,"[M+H]+",12.416,"PC 18:1_22:5 (a)","PC",244060754,216125358,168465128,22754240,11774846,9433173,6424021,4787625,5107676,0,0,0,0,0,0,0,5152,0,265702522,250000260,247701596,231640465,222222364,218623710,173898832,105043585,213907578,211724398,216243776,203751211,206989093,166635176,182690668,147876666,194257928,164951541
"Pos",46037,"[M+H]+",12.682,"PC 18:1_22:5 (b)","PC",38085032,25414661,23697517,2699486,1197004,1244438,170660,434893,492228,0,0,3084,0,0,3599,0,0,0,39136812,44123231,10040187,36068304,29698769,33092980,24756119,13217236,31823433,27042722,38194140,32694609,28176917,25240267,26210072,19944934,23816500,24965398
"Pos",45831,"[M+H]+",12.034,"PC 18:1_22:6","PC",237478160,207372389,152916204,19894013,11577139,9397334,5030140,3259073,2933300,0,0,0,0,0,0,4108,0,0,273866115,257016199,253549442,229921596,215659103,207583877,167550288,86732471,214142989,201131329,195912106,194501779,188899087,151263702,159688569,120281169,161941113,139197545
"Pos",49494,"[M+H]+",18.212,"PC 18:1_24:1","PC",22385962,19652382,14713142,1601619,699512,581799,1647370,1100198,1595194,323512,36120,98340,5114,0,38309,137099,26766,9688,9254461,15687570,23207117,20327359,12684239,8573620,13141644,8124363,15035670,16305490,17785379,18420717,16124952,13028598,13438554,13233156,16439152,13409108
"Pos",48691,"[M+H]+",13.424,"PC 18:1_24:5","PC",16297087,15116692,11038251,1415083,577875,384105,492059,289641,187221,6813,0,0,0,0,0,0,0,0,21717930,14401521,17332132,14993305,14531958,13767423,11249982,3509450,14215733,12638975,16771316,14347402,21165102,3700465,9190437,7647381,12466027,10243252
"Pos",51971,"[M+H]+",19.742,"PC 18:1_26:1","PC",9625043,8547654,6414885,994291,371965,156638,214281,793263,1108726,104606,7350,28593,3861,0,17439,24361,4180,4792,9717471,9834728,9931317,9187703,8590014,8407988,4759817,3557916,5837794,6862794,7290932,7642846,7108266,5471966,5104012,1327017,6604776,5749822
"Pos",45629,"[M+H]+",11.184,"PC 18:2_22:6","PC",7821569,10357827,7202692,607136,277626,165026,10982,3952,11886,14844,9770,32872,27542,5352,30542,25804,4121,11489,13894698,12507708,12775020,7106402,11125048,10191854,8795757,4033867,10816948,9810109,9624862,9248027,9766127,7422784,8358872,5632803,7653972,7023037
"Pos",42921,"[M+H]+",15.472,"PC 19:0_18:1 (a)","PC",10449809,3040712,2701690,1247795,317432,612578,242072,670805,1299718,325483,20298,181857,23227,4245,31987,192477,25892,23873,9959509,9497299,11606722,3571639,7689007,9127335,5159909,4302370,6683618,7943969,7236083,7890332,8762168,6522652,5865073,6881897,8621436,4723653
"Pos",42920,"[M+H]+",15.722,"PC 19:0_18:1 (b)","PC",20135360,40599110,22771296,4421069,1090192,1111066,3410044,3475732,4488619,1224015,242949,1039171,24889,47507,355374,320626,78461,59311,39068578,38801436,37189584,33649533,33419822,30257887,13480972,13543149,29407194,27373312,29355585,29440418,28203658,22615535,23436686,19761448,23726882,22363733
"Pos",46414,"[M+H]+",14.285,"PC 20:1_20:3","PC",38047838,31229034,12489911,3263207,1179331,683355,788797,134338,878281,0,0,0,0,0,4503,0,0,0,39935799,37467847,40027887,32623155,33200967,31433654,21964070,12208608,17075116,30253720,16236720,30308123,29232779,21560705,22914158,18776837,26227748,22301452
"Pos",48690,"[M+H]+",13.551,"PC 20:1_22:5","PC",21745042,19091530,17726832,3232773,1242017,836817,200137,211216,238801,0,0,0,0,0,0,0,0,0,21452155,9663668,19889962,22648045,20880006,21028938,6592293,10541773,17169344,6687065,17497738,17360838,21165102,23029694,7677800,14010406,16787594,5974622
"Pos",48487,"[M+H]+",13.173,"PC 20:1_22:6","PC",25506567,21928709,16738111,1707485,867225,703265,401304,203406,107245,0,0,0,0,0,0,0,0,0,26659624,26192700,26734761,22136292,22648924,21307064,16496506,8951035,20747309,20006175,20420644,19900803,18939587,15386883,15753251,12441323,16670991,15014615
"Pos",45407,"[M+H]+",10.575,"PC 20:4_20:5","PC",699972,638800,452425,150170,246103,517029,340744,658713,636476,242416,72059,175711,5273,4404,0,0,4286,0,858464,784639,757271,760871,674774,703639,374381,251384,677397,636634,662473,606570,590494,439827,469069,219586,252376,434606
"Pos",48103,"[M+H]+",11.325,"PC 20:4_22:5","PC",2059809,1823734,2541283,197781,85885,26360,70773,37307,47658,6645,0,4244,0,0,0,0,0,0,2283621,4371069,2258983,2007381,3908096,3686015,1755762,551271,1712146,1848925,1672121,1998584,3522778,1594298,1596531,805543,845605,2602622
"Pos",47904,"[M+H]+",10.998,"PC 20:4_22:6","PC",3216762,2664227,2100596,2844414,2647987,2189496,6368650,10088580,12045902,863795,130911,1197591,63144,58448,55600,12947,24148,38236,3902894,3627245,3656424,3064723,3011649,2922850,2340622,1097951,2838528,2661968,2598929,2348473,2273530,1925090,1823543,1169009,1623265,1485967
"Pos",47712,"[M+H]+",10.309,"PC 20:5_22:6","PC",594937,500112,379950,59804,10509,16248,151817,204659,125639,329463,344114,383134,115644,399019,356821,222491,247920,56230,633997,612983,648020,558143,533166,501800,411308,190429,499298,485469,425459,446038,418746,311776,343183,243839,312582,249441
"Pos",50356,"[M+H]+",11.013,"PC 22:5_22:6","PC",3986316,3255619,2329761,276454,130481,158031,24438,14195,5142,5687,0,9567,0,0,0,0,5220,0,4905004,4207250,4597704,3819262,3896192,3441042,2895548,1340603,3592064,3659985,3299177,3112886,3104276,2443284,2704589,1710676,2492829,2213641
"Pos",50178,"[M+H]+",10.661,"PC 22:6_22:6","PC",753695,694364,527001,70305,46217,45688,0,16831,0,18424,0,0,0,7236,9361,7458,19624,4920,858235,807195,847298,739482,736975,647982,565967,266154,637734,644180,631377,590125,582233,423661,486078,273036,432690,387960
"Pos",49670,"[M+H]+",19.787,"PC 24:0_18:1","PC",11664468,10436447,7885438,1056538,274615,349060,938923,693762,775917,103460,27470,57748,14325,3196,54401,116110,44576,17179,6057803,12247840,6938929,6510066,11106701,5331375,6177645,2404129,7414898,7784852,8673407,8856438,4892527,3501663,6796646,6253714,4637807,7110251
"Neg",39393,"[M-H]-",10.825,"PC 34:2<OOH,COOH>","OxPC",177124,87906,84961,0,0,0,6999,0,5066,3111,0,0,0,0,0,0,137,0,136062,133233,101712,84821,121624,136757,91346,31503,104582,116092,98240,103270,136885,79251,130594,84045,126951,93535
"Neg",41516,"[M+HCOO]-",12.301,"PC 34:4<OH,oxo,OOH>","OxPC",50714,34755,71103,356008,934369,1278231,230880,331307,283177,160547,141168,178093,76297,137656,136199,92882,101051,61560,0,84155,58137,16611,0,27208,0,10315,30061,28777,92841,27172,0,87338,0,51258,43237,110909
"Neg",40857,"[M+HCOO]-",14.871,"PC 36:2<OH>","OxPC",332607,287433,258829,5142,8729,10831,5307,4646,11607,4007,0,0,4543,3067,0,0,0,0,376325,309927,316662,360891,354294,271203,232167,134310,204410,230147,266979,228538,219559,242869,254030,187709,329787,295332
"Neg",43332,"[M+HCOO]-",12.674,"PC 37:5<OH,oxo,OOH> (a)","OxPC",0,0,0,1890007,3955015,5042633,600980,656378,659456,17365,16798,30716,0,0,2929,0,6113,8327,0,0,0,0,0,0,0,0,0,0,0,0,0,0,0,0,0,13817
"Neg",43333,"[M+HCOO]-",12.891,"PC 37:5<OH,oxo,OOH> (b)","OxPC",10058,9842,8479,4039928,7901166,10592467,1510819,1724990,1743934,280699,186457,342756,37416,38465,129012,114228,86034,33483,58434,31432,41212,60312,24002,33021,8229,5378,10314,0,21759,14070,9493,0,8796,15605,36559,9024
"Neg",41917,"[M+HCOO]-",11.721,"PC 37:5<OH,oxo>","OxPC",706536,740857,637880,7194,0,0,0,0,3955,0,0,0,0,0,0,0,0,0,970916,703410,656695,780925,601838,741115,532066,322352,631805,664543,649640,707800,664168,502168,587471,392629,612170,543409
"Pos",29994,"[M+H]+",11.88,"PC O-12:0_16:0","EtherPC",30229279,26679623,18936328,4902629,5442609,5347412,4284277,5765621,7782581,5275148,2586993,3554467,3026117,3027866,3715866,4193612,3131839,2033316,34287196,32137114,31232610,28353430,27325811,26105051,22236185,13024309,26810269,24141303,25165326,24015771,24514295,19360838,21543878,18009436,23487577,20915931
"Pos",32111,"[M+H]+",11.816,"PC O-14:1_16:1 (a)","EtherPC",5846758,1893296,3390320,8467,14549,6164,7258,2815,3953,3306,4750,5590,10027,2794,3626,9302,2967,0,5811231,6014579,5459298,4796002,4548755,4458951,3971630,2311397,5218940,4592607,4316820,4634473,2779624,3244992,2952267,2077375,1786462,2633056
"Pos",32110,"[M+H]+",11.873,"PC O-14:1_16:1 (b)","EtherPC",5846758,1487240,3390320,8467,14549,6164,7258,3641,3953,3093,3064,5590,13896,0,3626,9302,2967,10725,5812013,6014579,3729421,4796002,4548755,4458951,3971630,2311397,5218940,4593592,4316820,4634473,1174015,1726732,2952267,2077375,1138751,2633056
"Pos",34612,"[M+H]+",12.752,"PC O-14:1_18:1","EtherPC",20020245,14766735,12671165,1587114,1230327,496366,749154,529185,620588,10869,3139,14505,17376,16927,4888,32534,8043,2433,15937081,18332163,20632702,17103424,15762604,14245127,14361515,6450869,15686243,17211760,16943827,15548796,16102371,13539110,13698614,10189737,14614809,12089021
"Pos",31195,"[M+H]+",12.447,"PC O-15:0_14:0","EtherPC",17176036,16228345,6392772,3109422,3728523,3761568,875751,2616921,2520698,1508256,460552,1104197,576079,608112,864950,784756,624543,486412,20199009,17839730,18141224,18202459,17131609,16351233,13878405,8010090,16442298,13959089,15173313,14709363,14999800,12741476,7379470,11613420,14829079,13235574
"Pos",32475,"[M+H]+",13.078,"PC O-16:0_14:0","EtherPC",920436615,803597219,632803630,93072543,82510875,75962827,69119844,98362653,102264044,62469003,27674247,46251277,23949404,26836635,39579051,36589084,24446493,20732845,958325564,945185297,933059614,843550601,831259108,778950058,641860271,360809023,765021241,658106030,652355126,672641850,666893674,550051786,563164691,510872254,628072979,564392790
"Pos",32298,"[M+H]+",11.997,"PC O-16:0_14:1","EtherPC",37601555,39266772,28934179,4043073,3330684,2834659,2975270,3044358,3904113,1239942,445250,913257,464167,229433,665921,945769,557595,282529,45642839,44688309,48375456,41967197,38696497,34007737,33745634,16239832,38426504,33117136,35752868,36380961,35911958,24638398,30481074,27590607,34775137,28566336
"Pos",33740,"[M+H]+",13.5,"PC O-16:0_15:0 (a)","EtherPC",29992868,21264746,21355680,1281880,1329097,1128300,870168,3339322,4278886,2430159,853563,1117117,456074,658913,995909,671704,711293,167487,26581871,26094810,21966270,22067289,25556432,24695639,20516045,11113044,20504179,17853118,19743928,22372117,21775040,8758489,21925387,19412076,19852890,18464255
"Pos",33735,"[M+H]+",13.699,"PC O-16:0_15:0 (b)","EtherPC",195064504,182257525,148507854,33585159,29727492,28602004,23625117,30314822,33055745,16279602,7168840,5901531,5279559,6562849,9677269,8929202,5331607,5370153,215659413,214439467,211953495,196352265,188030189,178280071,154730123,99282814,183212064,169362354,166107803,165092145,76170003,141678118,146877115,132159879,158169302,146668696
"Pos",34998,"[M+H]+",14.407,"PC O-16:0_16:0 (a)","EtherPC",4435534533,3902031103,3007972329,468088145,422371980,399701796,360091906,533096553,567522433,316574846,146237851,248700041,118309438,143815380,196460748,175953584,116739700,106736870,4601701156,4542004879,4534220094,3995674705,3905072916,3786268548,2887871054,1785680703,3500709396,3085181300,3073199115,3173127645,3203134665,2590812327,2712641411,2535788865,2998185126,2685488610
"Pos",34997,"[M+H]+",14.482,"PC O-16:0_16:0 (b)","EtherPC",484936507,439850884,3007972329,468088145,422371980,399701796,360091906,533096553,567522433,316574846,146237851,248700041,118309438,143815380,196460748,175953584,116739700,106736870,4601701156,4542004879,4501908678,3998027673,3903599781,3782154088,2881363241,1785680703,3479418453,3065862432,3064332805,3173127645,3203134665,2588906430,2712641411,2536140571,2998185126,2685488610
"Pos",35000,"[M+H]+",15.823,"PC O-16:0_16:0 (c)","EtherPC",3418340,3604157,2939837,1198880,851591,835958,480103,1133702,1033818,511067,166832,257023,72131,215057,280607,193564,146799,149095,5977671,5014507,6771191,1993832,8502111,2831881,4001493,6399737,1671036,3040928,4071048,1606323,1999233,6512957,2372696,2828124,4504462,1926349
"Pos",34799,"[M+H]+",13.191,"PC O-16:0_16:1","EtherPC",3180056450,2778722775,2129706395,294719893,184839667,148842471,185010282,236421377,276414836,74863481,24014931,52267780,15260591,8301016,29882629,40264193,19164599,11768584,3150988371,3180003540,3118056196,2775244679,2769710352,2546030207,2252788728,1268591647,2673619632,2443057833,2462808395,2541532655,2610161614,2052586107,2158097541,2028866789,2484721091,2114273640
"Pos",36277,"[M+H]+",14.924,"PC O-16:0_17:0","EtherPC",75378873,61959980,51683625,8930117,8375861,7027374,5228472,8936623,10013459,5338435,2562211,4216276,1629879,1186881,3410767,2961830,1813213,872225,76879663,73166615,73582656,72376358,68361852,62832200,46179175,26336298,57939002,55041837,60814662,52093906,58495935,44191300,46662864,45933311,56018598,51579698
"Pos",36078,"[M+H]+",13.814,"PC O-16:0_17:1","EtherPC",344410230,303736343,235107099,35033498,21658612,18028446,21102745,26651740,34411834,8656146,1038911,5936756,1636638,681880,3138321,4404136,1661998,1185162,354984279,357736618,350481191,314536953,306416536,303028606,246201327,142670946,299782442,272908027,285157167,289195134,293379768,239742406,244600020,218200495,278056037,241069187
"Pos",37438,"[M+H]+",14.502,"PC O-16:0_18:1 (a)","EtherPC",5904524365,5140906626,3950958667,583492119,353585239,298444235,375364556,497866043,591631695,173943231,57356396,127842998,34463355,20901634,69778838,95554950,40917842,27964857,6030065023,5999806868,5934925109,5355869285,5191672861,4929541644,3995069852,2340022205,4955479846,4515975067,4687932690,4823354604,4857990420,3831942336,3974326633,3841825151,4544635464,4036636808
"Pos",37440,"[M+H]+",14.611,"PC O-16:0_18:1 (b)","EtherPC",429405619,376204732,335689263,588948178,356977186,300838804,375364556,499682442,598069082,175667487,56914476,128942314,34610343,20901634,69778838,95664691,40917842,27964857,589602090,559753855,548900545,5367464842,521884631,484341504,423224448,267921951,442886068,502438346,455858222,488535516,483098503,439173256,405395338,3849766894,490024787,407728535
"Pos",37239,"[M+H]+",13.42,"PC O-16:0_18:2","EtherPC",856251839,740600117,431708575,72768163,49559691,21158530,48030525,19800299,68617860,858661,1151104,4537064,393049,153763,1966148,3564361,943757,376070,881353453,887778474,878663615,791600794,587005212,737023446,460621975,356698663,751535673,689286299,698918427,561153710,741633751,446419712,419656196,568384829,694255047,453386714
"Pos",37039,"[M+H]+",12.455,"PC O-16:0_18:3 (a)","EtherPC",48468252,41025084,32896185,2041139,2741862,2073211,1372686,1221244,1890426,0,0,5379,0,0,0,0,5732,0,46520594,50161600,50747862,45225637,44486238,42353907,34253790,20270401,42291519,38658152,41079589,42445303,41839168,31669386,33724772,32723115,40066981,32286781
"Pos",37040,"[M+H]+",13.153,"PC O-16:0_18:3 (b)","EtherPC",94794688,67643327,55146623,3772167,0,6024,2295871,3153500,0,960896,0,514842,0,0,4116,0,0,0,88508473,143714802,139448382,71575773,115517268,71968781,95668558,35405780,58694722,67531512,64188917,66743826,63585426,79207448,53829705,28668011,31487227,55886125
"Pos",38548,"[M+H]+",14.303,"PC O-16:0_19:2","EtherPC",24851075,22425775,16134890,1869621,989640,825190,876486,922629,1257194,99161,4944,68212,0,0,13951,35528,6813,0,25027173,24626694,23985877,22298848,20598178,21078904,16030217,9201217,22460430,20523738,18242151,21018390,14636958,16386407,17496689,14848644,19120126,16364000
"Pos",39693,"[M+H]+",13.675,"PC O-16:0_20:3","EtherPC",312648888,283202040,231921494,49103244,23759554,19130124,15037678,16731959,17715585,64829,15725,29234,0,0,9988,74662,20084,0,325521504,319695269,323176285,292717097,278687009,275339742,237772236,140694830,288662696,272457322,279801279,287036810,272848530,225370309,240231458,217380471,257802135,225392785
"Pos",39501,"[M+H]+",12.892,"PC O-16:0_20:4 (a)","EtherPC",60201857,51922846,36051360,5870999,3221009,2587248,2090710,1103491,1938975,307629,135075,77791,188764,68689,60335,384737,108193,317121,61941006,59042835,59994002,50124671,51872564,48868269,38041603,21367534,53108645,43451194,51938995,46047831,46902838,38093471,41832813,36365377,47156511,35289973
"Pos",39500,"[M+H]+",13.101,"PC O-16:0_20:4 (b)","EtherPC",870120201,776734947,600275272,72993739,48299591,39135695,21009248,17153366,18607130,19182,4901,41565,8069,10214,21682,53296,37772,9229,941632359,905898968,919567889,812257271,822131395,751176634,623949461,337280853,762688043,724205316,725969302,721278939,725776519,589092889,595704253,507861492,662504808,617138575
"Pos",39496,"[M+H]+",13.446,"PC O-16:0_20:4 (c)","EtherPC",72520988,63509293,53504163,1033173,635693,523202,196192,269249,295736,10580,7100,7889,4109,14785,4207,7025,5264,9779,65642422,80145676,59589115,69382476,53533080,59344750,56511991,26367655,62291051,62439634,55217872,55990637,47506515,40270091,47838071,32352348,36157601,11897402
"Pos",39495,"[M+H]+",13.847,"PC O-16:0_20:4 (d)","EtherPC",23106581,20541450,14950223,207467,250362,169663,94983,33685,44639,44139,6365,4905,0,9062,4830,0,3460,7351,23411254,21523230,23732621,21456612,16719093,19779471,17067333,8952509,20705971,18621502,20229785,16814115,18701921,14744699,12660147,7087796,9382098,9373312
"Pos",39322,"[M+H]+",12.233,"PC O-16:0_20:5","EtherPC",368240571,326998935,251181867,28692892,19511535,15686282,7652787,5838571,5254487,6747,3310,0,8964,4520,8128,21138,28618,4706,393250923,379134635,373600485,340960669,333127702,312571359,275900565,146984395,328826009,301270217,316279977,298204918,304781592,249336464,260253767,215997215,279164999,237643923
"Pos",42928,"[M+H]+",17.696,"PC O-16:0_22:1","EtherPC",26712263,22267553,43120298,3139642,2109388,1584689,5122183,3260616,7880659,2551358,426344,653354,64848,153640,562623,703068,173090,94069,32326041,64653467,29848105,61045359,57199968,54656455,42054571,26184148,48487288,48316940,49365118,53256270,51842635,42487837,41720680,42648684,49644405,22527329
"Pos",42732,"[M+H]+",16.294,"PC O-16:0_22:2 (a)","EtherPC",103237946,88293208,67110175,13851000,6692992,5720226,8104578,7955467,10370283,1362678,89981,555242,121286,8620,154274,150173,66367,61181,108831484,109395711,96733813,115163118,86483718,83477043,80708970,47325856,78812818,79510079,80610857,105249240,103927259,69387635,82834682,66050243,80880071,70676144
"Pos",42733,"[M+H]+",17.365,"PC O-16:0_22:2 (b)","EtherPC",15727355,13888117,10607405,130597,21927,11424,41496,50584,42349,3462,0,2947,3317,4708,20669,3546,0,6271,15895724,15776156,16817189,14359260,14365441,13266325,9960218,6853691,12371850,7242112,11728116,12827096,10785957,9415195,9743309,7139366,3585079,7361375
"Pos",42327,"[M+H]+",14.083,"PC O-16:0_22:4","EtherPC",118908987,56023385,46891453,11000762,6994232,6160638,1859079,1775224,3642059,4453,0,7138,0,0,2864,3177,0,0,82871477,69896652,100620082,56939190,116451610,101777406,42074280,41549343,100305160,100688625,99450607,52106663,47650395,76859821,80865008,67756013,89491783,56344156
"Pos",42123,"[M+H]+",13.117,"PC O-16:0_22:5","EtherPC",1006017176,903661117,675567575,79563942,47750488,38757264,23066749,18188825,19229743,0,4710,5576,0,4368,0,15723,13790,0,1085485258,1034614989,1037723402,909591025,933611290,850902402,699969640,378636701,854951567,823762650,814698219,808396596,808821882,661847211,683774047,577588326,740898558,653157431
"Pos",41942,"[M+H]+",12.671,"PC O-16:0_22:6","EtherPC",618592027,557960338,413153013,44837145,28391201,22936171,10528084,7588424,6597614,0,0,0,3900,9036,3951,10980,8524,3197,683532504,659330616,636946108,600373019,560454138,558087996,447096830,231271231,542811753,517688704,550619510,558553947,507662194,416179837,444957249,366311561,468541557,506605069
"Pos",45439,"[M+H]+",17.786,"PC O-16:0_24:2","EtherPC",11372670,11809149,3916543,841108,395360,272093,427560,894735,630294,79461,19182,39690,0,0,3523,49446,3331,7861,3094253,8389917,12541376,5746015,6786914,6160352,10819594,2709737,2090712,6333965,3615062,6972355,5347941,11879313,6168965,4779628,4535699,4930932
"Pos",45028,"[M+H]+",15.284,"PC O-16:0_24:4","EtherPC",18172521,17616587,12148558,1081238,999973,711119,372411,196222,517347,0,0,0,0,0,0,0,0,0,21447721,12775829,20264003,17525362,18717522,10445607,11298053,3956435,14462055,14400440,16224132,13950191,5225516,6857773,11181176,12210708,14615061,10257626
"Pos",44816,"[M+H]+",14.186,"PC O-16:0_24:5 (a)","EtherPC",74750958,62034022,48743751,6076398,3811660,2948639,1708333,1474719,1771182,3242,0,0,0,4173,3413,2895,0,0,76057959,77701145,75664419,69756254,69957883,60219131,48452804,25122094,58327207,60013604,59314884,62355425,61074101,42149527,45391614,39048870,53096799,45450699
"Pos",44818,"[M+H]+",15.196,"PC O-16:0_24:5 (b)","EtherPC",6197500,4340984,4698363,127784,29524,7872,27620,3793,0,0,0,0,0,3355,0,0,0,0,6343579,6599628,7074776,1862565,2186351,5288419,4040152,2006613,4610865,4671993,4603201,2020114,4587617,1187133,1757291,854632,2443010,2389857
"Pos",32296,"[M+H]+",12.889,"PC O-16:1_14:0","EtherPC",201086811,177683911,134889240,1084372,0,0,72946,11617,26328,0,0,5508,0,0,0,5402,0,0,218026937,208569381,210483637,183476704,190671003,169517364,143575029,82764256,175809642,153926243,160750695,153230196,142729477,117140445,125752079,79946368,101632213,85714051
"Pos",34802,"[M+H]+",14.211,"PC O-16:1_16:0","EtherPC",804430306,709062240,529078715,9570657,704603,805787,815970,463802,1193978,106696,27791,126747,1148692,5957,7509,12837,768435,0,874969818,832122162,828167488,722431421,731008385,686362267,539076113,328685841,650678250,608134011,594261056,599904301,557973800,453263126,472020325,315378231,400059966,344962823
"Pos",34614,"[M+H]+",12.185,"PC O-16:1_16:1 (a)","EtherPC",11884725,12444336,8600669,746941,323132,252792,330666,318087,561323,106536,10091,51882,4123,7888,8750,21936,16525,7358,15494498,6138607,11007403,13461274,11459512,10087193,11967636,5065879,12151256,9399935,11452052,10284746,11775674,9654828,8986563,8348995,12523746,8230201
"Pos",34617,"[M+H]+",12.995,"PC O-16:1_16:1 (b)","EtherPC",437738120,382605477,291868859,3249269,0,17754,109666,13028,134687,17010,0,0,13601,0,0,0,0,0,451261731,448732210,432288381,390804633,399413772,360991332,312875394,177344720,380152040,337529544,346772118,336368011,316063244,256633597,258394880,178111098,221822358,184391769
"Pos",35881,"[M+H]+",13.573,"PC O-16:1_17:1","EtherPC",53123716,53077183,23387215,122557,0,0,0,0,0,0,0,0,0,0,0,0,0,0,37092737,58026109,59594882,51207025,34540953,52641972,44112047,30020190,51650402,49649384,48069850,48498262,45536764,38379112,38826056,28003897,12008879,25979398
"Pos",37241,"[M+H]+",14.287,"PC O-16:1_18:1","EtherPC",992386600,867708711,646633126,6344604,211562,22373,536822,475107,688532,83841,2442,11250,0,0,6672,11868,30377,3238,1023217490,1018964950,1007653449,883247599,868417382,832226833,665342464,382924712,800030205,756107350,749594625,753393488,701233790,561215057,571468575,390509151,484942936,406769136
"Pos",39323,"[M+H]+",12.907,"PC O-16:1_20:4","EtherPC",132180586,118676563,90122494,29774995,13643473,14262127,13333178,13693024,12257532,14398957,13508880,13024074,13059859,13803635,13602540,13437706,12977526,13820315,152160058,141123717,141889421,123400263,129153195,112625048,96305468,50632318,120364676,108795509,112369663,105009043,94715301,81745992,87090028,54849399,66411706,60058520
"Pos",39156,"[M+H]+",12.026,"PC O-16:1_20:5","EtherPC",40021722,35361078,25340739,229278,0,4955,4763,2678,3597,5310,0,2824,3270,4422,7958,5501,4145,0,46239938,42415043,43065564,37983563,35831538,33657310,27230287,14169351,36541452,32186039,31115110,30229690,27155972,21050547,22225934,12179384,16664670,14439493
"Pos",42122,"[M+H]+",13.806,"PC O-16:1_22:4","EtherPC",23124158,23428767,26837677,1060635,183479,352188,72825,125269,61380,6292,0,0,0,4291,0,0,5330,3004,17023607,19813766,33320063,34902881,40843427,35525818,20516178,11882120,35026710,32678402,31953642,18967833,31705414,17874224,15460848,9528829,20998339,21864529
"Pos",41704,"[M+H]+",12.447,"PC O-16:1_22:6","EtherPC",108071626,98211068,78665842,793093,0,17823,23925,17100,0,7467,0,0,0,0,0,5853,4977,3888,119438628,113314473,116652288,104871264,104124981,95242590,82525828,50734917,100936561,90593156,93437682,88641581,79402237,67002067,69241032,42118053,55077796,45682143
"Pos",34420,"[M+H]+",11.965,"PC O-16:2_16:1","EtherPC",4541039,3317650,1678262,45084,7902,12860,3615,4124,4078,0,3081,0,0,0,0,0,0,0,4672807,4890562,2634881,4334552,4229175,3473494,3523725,1923052,4301273,2920075,3547430,3519942,3058892,2711319,2306655,1301642,2539320,1605599
"Pos",45221,"[M+H]+",16.709,"PC O-16:2_24:1","EtherPC",1452622,4529743,1070336,567265,105386,127773,81254,167444,132490,4629,0,0,0,0,0,0,0,0,1959361,1903194,4981476,4562543,3000738,2384216,1425554,2346725,1590072,4250940,1256869,2028778,3267741,3366166,1783729,1689647,2609192,3734043
"Pos",36276,"[M+H]+",15.134,"PC O-17:0_16:0","EtherPC",88660192,77781952,53197037,8822751,7628419,7637457,6463984,9954294,10874551,5585872,2848327,5156297,996017,3104083,1395735,1520032,425803,805733,93221554,95236145,93452830,77578296,74534477,73669453,40290511,36149174,67038978,59960757,56786287,64717863,63315037,53217639,55462407,46800500,59343826,50115629
"Pos",38767,"[M+H]+",15.233,"PC O-17:0_18:1","EtherPC",157753374,135541364,86428911,9166731,4578657,8390833,9060598,12206979,13909248,4087405,361858,1254260,334562,263008,1039215,2027376,334968,205162,141195628,159430476,162928428,123379086,116613805,47137043,53728595,59295566,121171722,62702634,40629256,62336977,65268039,27365528,102031207,97952754,106550238,58445892
"Pos",40873,"[M+H]+",13.729,"PC O-17:0_20:4","EtherPC",21795002,18680931,15945767,0,135400,0,0,0,0,0,0,0,0,0,0,0,0,0,25361275,24413340,15703486,26426862,22756604,20390930,7314517,4370990,11350773,18893621,18359854,14797012,20107158,16734868,16628378,14634689,11007195,16138036
"Pos",43342,"[M+H]+",13.287,"PC O-17:0_22:6","EtherPC",14727593,14216396,10832204,512589,559147,275612,121293,67568,31513,0,0,0,0,0,0,0,8506,0,17877868,16388111,17536671,14695781,14532140,14087024,10105029,6139324,13069913,12915941,12813514,11816109,12792651,8870363,10190296,8648349,10534684,9210678
"Pos",36079,"[M+H]+",14.663,"PC O-17:1_16:0 (a)","EtherPC",19146770,17115235,12313777,163708,279642,119861,91807,105089,88139,57394,14331,46609,5809,4181,20296,33398,7450,7131,19667122,21240843,10413857,18154813,18211654,16086860,7666977,8229387,8890101,15147747,14256538,15562345,13207649,10625382,11653111,6187220,10036924,4342271
"Pos",36076,"[M+H]+",14.902,"PC O-17:1_16:0 (b)","EtherPC",20459140,16073595,14279654,141338,136603,87190,66080,133108,53917,16388,18953,15345,6967,0,24234,8031,14193,3931,21419171,19838585,21682791,17664403,17457921,16708554,8146354,3719640,6452550,15117736,16220709,15002783,12593178,6279920,11137053,8236969,10508964,7520886
"Pos",38550,"[M+H]+",14.792,"PC O-17:1_18:1 (a)","EtherPC",10365808,8167550,6309042,53721,4642,33050,11911,39657,4759,4930,0,0,0,0,0,0,0,0,10075782,11783706,3905474,3632378,8902787,8381579,6615579,3854731,7977685,2693994,7906349,7932500,5604020,4515788,5676501,3775399,4391076,4981357
"Pos",38553,"[M+H]+",14.98,"PC O-17:1_18:1 (b)","EtherPC",42237722,36586484,27468681,46978,6427,0,7456,5806,9298,0,0,0,0,0,0,0,0,0,43871548,43711393,55483388,48068293,36925569,36148685,28187917,16541554,33115243,37877560,32824771,30770959,32614809,24998684,24628839,15338286,19829753,18005850
"Pos",37650,"[M+H]+",15.957,"PC O-18:0_16:0","EtherPC",621328073,526410400,385594204,72049744,65665911,63717792,55050204,78518592,84392537,51066863,23397425,39598840,18639808,23695056,33464832,29755549,18503156,17713127,651688795,653297177,636281465,542790473,527013623,517916595,375039999,240643153,443117074,411497012,407333018,436644109,426517983,348427572,367107167,328038137,414910713,359291264
"Pos",40104,"[M+H]+",16.038,"PC O-18:0_18:1 (a)","EtherPC",645846223,543079789,412803966,70094447,42486530,35962368,44592133,58982205,68236268,8556659,6756785,15717133,3766970,2340463,8373004,12702222,4591128,1764646,659301430,661593178,442914231,575777867,553411014,532499271,402788175,242544800,489910815,460581493,478960377,509827831,510459621,398218178,405003513,395607788,487666652,414034892
"Pos",40105,"[M+H]+",17.282,"PC O-18:0_18:1 (b)","EtherPC",2142837,3754691,1227924,135462,94329,111482,112236,64827,233230,53032,14037,41834,7325,25756,24335,73944,10425,4262,4944737,4520846,4663775,2261192,914943,4863942,2990285,2182453,1914240,4422192,2591679,3321505,1065249,2604723,989646,1573195,3380997,1379674
"Pos",42530,"[M+H]+",15.121,"PC O-18:0_20:3","EtherPC",95742689,93248091,68331885,9111315,5358029,2166832,3526555,3625442,4125165,12016,0,5141,0,0,3928,12888,4860,0,105799249,100904686,102243320,87358034,87330835,80401963,57640182,37995661,83115512,81709494,85182005,76871252,77896532,40328392,68860015,56897495,81093876,63638475
"Pos",42328,"[M+H]+",14.431,"PC O-18:0_20:4 (a)","EtherPC",216527293,188774428,145602660,19766523,12524857,10498181,5415689,2421813,5247820,0,0,0,0,0,0,6811,0,0,226957861,221656317,222098479,196748164,199538601,184086110,139261120,81680745,175248271,174415099,179613189,175310966,173268215,141384955,143766742,127043052,158882692,145832828
"Pos",42331,"[M+H]+",14.849,"PC O-18:0_20:4 (b)","EtherPC",28732584,24039327,12151458,314917,148989,147448,141770,96437,30639,0,0,0,0,0,0,0,0,0,30263882,29665298,27863503,22711276,18125888,23972433,17103687,6804464,21967626,18719297,17927348,19948641,7146771,14434516,14194972,9308473,12056529,3661795
"Pos",42124,"[M+H]+",13.441,"PC O-18:0_20:5","EtherPC",142165881,123329323,103592779,13971633,9311830,6314746,4277980,868744,732287,0,0,0,0,0,0,0,0,0,162438144,148969160,151020976,141623473,137277075,132571835,111473841,59817903,127694625,125996780,119826417,112453089,121433262,103139859,98405089,86236403,115957146,101936238
"Pos",45438,"[M+H]+",17.88,"PC O-18:0_22:2","EtherPC",10617478,11313175,6521918,337780,484384,212737,304043,202610,373582,63318,12981,25665,7021,0,11444,23413,12351,2824,10502448,12109383,12541376,8677489,8984142,10255521,10819594,2021718,1824001,5635619,8411791,1453859,10411033,11879313,6861635,7584071,3309723,2197658
"Pos",45027,"[M+H]+",15.506,"PC O-18:0_22:4","EtherPC",15110082,12118682,9854224,1155042,349186,737190,184343,363096,266388,0,0,0,0,0,0,0,0,0,15681992,14506943,16361583,15093533,15176340,11053833,8540615,1823167,10330640,10061414,8763901,10199755,13747776,9684255,8848188,8587191,9129204,9753505
"Pos",44815,"[M+H]+",14.399,"PC O-18:0_22:5","EtherPC",166157137,151043540,110402698,15736529,9674845,8271332,4604681,3699292,4005170,22611,5405,12983,4806,4727,6195,9052,4071,0,181947744,173276459,175030845,153949577,154349599,143635769,107544968,63273548,137413439,132652847,140072585,134941090,131207890,107964118,112591860,97877809,122730839,46556658
"Pos",44633,"[M+H]+",13.939,"PC O-18:0_22:6","EtherPC",150731382,130769648,101314583,11519605,6751167,5559285,2670045,1761123,1761194,0,0,0,0,0,0,0,0,0,164877674,165291505,160522682,143472092,138113023,134266329,99594051,56930117,129811836,113411735,128528006,121179286,161152941,95867841,100028695,80417571,108570951,114987642
"Pos",47541,"[M+H]+",15.651,"PC O-18:0_24:5","EtherPC",8201281,7143319,5379275,810184,385392,217321,89897,182910,212211,4410,0,2291,0,2679,2777,3064,2726,3568,8200156,7853713,8317588,7616282,7064871,6964009,4322491,2066538,5719320,5633346,6716379,6360533,2465150,4789727,4220399,4377986,4747188,5256670
"Pos",37442,"[M+H]+",15.677,"PC O-18:1_16:0","EtherPC",70647074,67556413,49426069,3105039,438252,370353,718631,1336877,1793095,376759,184405,184299,211062,69462,143572,414937,144057,69649,76884528,76268190,67724573,72217918,63195382,25467865,46701759,35725707,24349211,60159272,58969273,57358039,57375340,41833706,47581116,36879196,37952107,37838030
"Pos",37240,"[M+H]+",13.272,"PC O-18:1_16:1","EtherPC",103530873,90270109,153674889,17985950,4010415,3064150,4782602,14185320,7124126,6880681,1018974,4537064,529813,270759,1966148,3564361,1458712,755984,98005440,96963328,97709186,81326285,200794945,78595673,156657195,35845254,83207478,72030019,71791170,168080809,75881751,156196984,171122306,59158591,75307056,157075898
"Pos",38554,"[M+H]+",13.968,"PC O-18:1_17:1","EtherPC",73553344,61836592,46795735,6201308,2289013,1482209,2479068,4331608,5380870,522455,112983,309434,30281,0,97107,151044,76735,17313,75582198,74087808,71289317,62315967,62501271,59984965,48481655,26844197,57804359,53296181,59771144,58459456,58637392,45171126,47937066,42953314,55836093,46793627
"Pos",39890,"[M+H]+",14.58,"PC O-18:1_18:1 (a)","EtherPC",1044933893,895097607,682534583,99053731,50765029,40409007,59997887,77534204,94043829,15795300,4800370,11489974,2075620,904224,4645009,8649984,3022557,640961,1061575286,1093611625,1046825662,937097448,816677737,862136968,704348670,390342154,844388838,779229221,818790216,864150218,874445869,652654255,682003836,664889136,824487375,707810414
"Pos",39891,"[M+H]+",15.768,"PC O-18:1_18:1 (b)","EtherPC",159193338,137725663,101048496,1647244,102676,89538,199803,290886,114373,39171,3205,8817,0,2807,0,15289,3416,0,162375397,162198479,160218875,142931291,139775163,132746121,99524932,61502747,121459712,111969954,114617567,119437260,110349633,88124633,85821354,62781288,76613919,64057864
"Pos",39692,"[M+H]+",13.465,"PC O-18:1_18:2","EtherPC",110292042,101378599,74505959,2883335,4455257,3616370,4388454,4074276,4980890,15694,0,18929,0,0,0,25483,21753,0,118907735,123571290,110601379,103346993,100256207,98638379,80345548,42741977,89221523,84665343,83316984,82990797,95974212,74101278,64156771,70514699,92435164,79162351
"Pos",41073,"[M+H]+",14.366,"PC O-18:1_19:2","EtherPC",15784056,20794602,9170773,1997677,705539,691321,566507,419616,924906,4186,0,5094,0,0,4660,0,0,0,26511520,14888997,7720370,8514724,21621537,19437758,16596570,5465216,10864369,22893143,12307461,9872712,17257379,9048518,10835240,7826425,18220150,8511117
"Pos",42731,"[M+H]+",16.061,"PC O-18:1_20:1","EtherPC",26083860,23332643,14032182,820183,411122,330189,515442,2213871,2359270,378293,81687,306495,35156,11632,97742,216604,40752,15550,26070536,25671340,26575070,7270306,25683208,21715878,5067413,2974482,21228182,15612361,18987313,6582105,6450324,13037672,5193152,16015761,18984493,16082559
"Pos",42326,"[M+H]+",13.778,"PC O-18:1_20:3","EtherPC",59963901,102694884,44988630,7045647,2063443,2541491,2134848,1427030,3595425,9583,0,0,0,0,0,5951,0,0,114646673,63989708,55353164,98050862,42458272,95850918,77761841,17772351,91618875,85666408,95405377,53807067,58093471,37878492,80311763,68953721,55812695,45455418
"Pos",42125,"[M+H]+",14.179,"PC O-18:1_20:4","EtherPC",58563900,50667669,38505835,724397,193939,22411,52874,38727,64702,4894,112,3974,0,33914,0,3519,8097,0,65556089,62280244,62892439,52832867,53829976,48951393,38508371,21392535,44412511,44812194,47147625,44321583,41450777,30356178,33350438,21181905,27613340,22727075
"Pos",41943,"[M+H]+",12.285,"PC O-18:1_20:5","EtherPC",152335818,138567445,105634310,11458500,5642121,4450387,2831940,1981563,1945743,8866,0,0,0,5310,5597,0,5324,0,158799027,151090479,152084690,135311086,133276694,129680395,113073871,62263206,135590502,125064427,127541111,122507759,121916571,101177745,106255805,88597474,113171974,96584533
"Pos",45222,"[M+H]+",16.359,"PC O-18:1_22:2 (a)","EtherPC",9331986,4041268,2801303,457134,215167,98233,112937,236348,305523,9186,0,0,0,0,0,4939,0,0,5350805,3281855,6018802,4693556,5669678,4630635,2962759,2746723,4185506,4159062,4061194,5056738,2686145,3463331,3181342,4720300,4789145,3786078
"Pos",45223,"[M+H]+",16.425,"PC O-18:1_22:2 (b)","EtherPC",9331986,1501799,2258091,419933,213308,129156,125504,239886,206857,9186,0,0,0,0,0,3401,0,0,5646072,5589525,6018802,2142906,5669678,4630635,1559875,2746723,4628929,4159062,3628833,5056738,2003947,2050777,1395080,4720300,4789145,2821755
"Pos",45224,"[M+H]+",17.428,"PC O-18:1_22:2 (c)","EtherPC",3323575,2725462,1350069,33148,5671,5809,0,3007,6425,0,0,0,0,0,0,0,0,0,1950195,2761816,2744893,3202492,2286207,2785430,1844951,1698837,3853477,2038280,2257595,3036600,3543723,1702317,1809904,2249514,1592340,1435849
"Pos",44634,"[M+H]+",13.161,"PC O-18:1_22:5 (a)","EtherPC",224017630,199691235,150370495,17525555,8869236,6753245,4694674,3674609,3870163,0,0,0,0,0,0,0,0,0,265830195,230627887,234359082,199665957,207647693,189083336,153462048,84781803,192415270,179134656,182575202,177679192,179332355,144337080,151731813,126492110,178790785,157595930
"Pos",44635,"[M+H]+",14.148,"PC O-18:1_22:5 (b)","EtherPC",61997943,53393575,36866447,624991,298173,300551,170466,85192,95985,0,0,0,0,3941,0,0,0,0,68139005,57397297,59731092,49991553,56485864,48739714,37707470,20656462,42765034,48239731,45806389,43174074,12994339,32330286,30125929,18496610,24287955,8627671
"Pos",44417,"[M+H]+",12.735,"PC O-18:1_22:6 (a)","EtherPC",308906485,202568229,157106448,16506025,8365004,6336377,4014166,2699037,2406571,0,0,0,0,0,0,0,0,0,335851171,263326088,249365118,227932849,227628307,200536812,218370126,110141755,271486343,197735570,204656415,200318200,206602965,192223776,212053026,157192427,207355436,180428995
"Pos",44416,"[M+H]+",13.668,"PC O-18:1_22:6 (b)","EtherPC",51026910,46823672,40741364,333302,65947,175452,61399,0,49586,23858,0,0,0,0,0,0,0,0,50500602,54475328,54431468,53440139,50130501,49106269,42041868,29653538,48410164,42314956,46397499,43283082,38834559,35535922,37307618,22454329,26624619,25048935
"Pos",47326,"[M+H]+",14.251,"PC O-18:1_24:5","EtherPC",20443515,11231304,6822165,835066,334225,183754,130779,253677,201577,3169,0,0,3292,0,0,0,0,2774,15602839,16211943,14223632,12282946,11280121,13271249,8354316,2492812,5772936,12245624,10260994,6713685,9883335,6708136,9152510,6425040,9879228,7535583
"Pos",39695,"[M+H]+",14.344,"PC O-18:2_18:1","EtherPC",296624145,303898266,193204587,750061,185738,211163,134870,106927,86208,7966,0,0,0,0,0,0,0,0,311131706,360150711,307382520,300336283,302779954,289801988,227327216,125086979,278902561,256547606,270149274,222359263,215191702,164842273,198961105,108696326,183513902,128269074
"Pos",42532,"[M+H]+",15.754,"PC O-18:2_20:1","EtherPC",17751137,13908200,13209100,983716,110421,469589,143916,63427,107719,3473,0,0,0,0,0,0,0,0,27220739,15646171,19694461,15359844,16132374,5802129,12344440,7339635,7484174,18757319,7554182,19898192,20045334,2430556,6156784,1909169,10486020,3608548
"Pos",41941,"[M+H]+",12.893,"PC O-18:2_20:4","EtherPC",214616434,168174784,135746208,1661099,799905,745075,646137,260518,228318,0,0,4784,6305,0,7264,0,0,0,227349140,215797859,232030266,186960504,210133839,146027508,149852540,85721937,198761327,169847846,180478592,131981215,204080123,124179404,135928712,72516332,98646656,28802813
"Pos",41705,"[M+H]+",12.097,"PC O-18:2_20:5","EtherPC",22489890,20444831,14253882,74864,0,0,0,0,0,2756,3033,0,0,0,0,0,0,0,25575904,23673336,24377301,20871013,19779657,19465661,16615316,8496817,20787436,18164578,17998228,17166702,15924090,12702371,13637900,6804155,10370606,9123494
"Pos",44418,"[M+H]+",12.939,"PC O-18:2_22:5","EtherPC",21871953,63033355,44635995,920827,293065,285358,64942,110812,21659,0,0,0,0,0,0,0,0,0,26537029,65107966,68520765,54842759,60291148,60575313,16645363,8843886,19142261,51028933,55531125,51660384,39635696,14138098,14659319,10721730,12732516,11240195
"Pos",44220,"[M+H]+",12.523,"PC O-18:2_22:6","EtherPC",54444145,47511897,37579119,260768,90775,161108,0,21058,0,0,0,0,0,0,6812,4937,0,9561,58645983,56031464,56850539,51697468,51054796,47187692,39354752,23179341,47607566,43749173,46589970,43738122,38608230,31691021,34356598,19350902,25649640,22058172
"Pos",38977,"[M+H]+",16.477,"PC O-19:0_16:0 (a)","EtherPC",5422507,5117035,1947149,373080,624383,401059,292301,314744,406740,151341,53972,149786,39951,120163,132586,146625,111093,52338,5478871,4284528,6619535,5322301,5664991,4983209,3445988,1023827,2389040,3811121,3191806,4241429,4461030,2814161,2542722,3257660,4108279,3365703
"Pos",38978,"[M+H]+",16.744,"PC O-19:0_16:0 (b)","EtherPC",2026322,4208315,3187272,422593,130630,75528,353673,409656,514257,325274,91329,170652,29962,76438,69997,66755,64755,13770,5515204,2425625,1980170,5000689,1552617,4315937,2523665,2085017,3217975,1551313,4139093,1155157,4280082,3715067,2414407,2774642,1635843,1007046
"Pos",41498,"[M+H]+",16.833,"PC O-19:0_18:1","EtherPC",17028620,8001183,9920769,331763,105481,145565,449649,820295,1072512,104056,49986,168992,7781,0,46933,212721,14215,8886,15880282,9318403,17407556,9202577,7206424,2400185,10021806,1243657,12165050,12605446,7350562,13085993,13704129,7327988,7892498,7219315,11760580,11175280
"Pos",41272,"[M+H]+",15.471,"PC O-19:1_18:1 (a)","EtherPC",9568016,8142517,7166503,1280573,243211,367359,854504,853595,1454156,74415,16233,72564,0,0,6586,67163,3605,3195,12943279,19480296,10651570,9810820,4195998,12660107,2947469,2547807,15442028,18605237,8728854,10231994,10348049,7802289,1665759,15258851,6952542,3942216
"Pos",41278,"[M+H]+",15.781,"PC O-19:1_18:1 (b)","EtherPC",1708221,3519269,1535374,520831,124737,183793,159634,86461,379102,7690,2700,8208,0,0,3262,3779,3460,0,5310772,5475471,4469560,3829964,4245501,3529064,805190,1626146,968443,2931691,1281630,3189292,4090301,2948329,2849083,2776815,4210788,836961
"Pos",40298,"[M+H]+",17.649,"PC O-20:0_16:0","EtherPC",22788206,19774105,14700932,2688728,2751384,1262753,1124540,3086951,1559525,2116750,892825,1490766,258035,951963,663763,714552,321523,421845,9757610,23258512,22511056,20668585,19698739,18763156,6402295,9623342,6631348,16099126,16406974,17343796,6401100,14440241,14759094,6318033,16524530,15080691
"Pos",45029,"[M+H]+",15.971,"PC O-20:0_20:4","EtherPC",5472963,5021185,8027883,988358,399377,547865,115056,140637,297177,15721,4827,3860,4094,0,11090,4618,3195,3110,13314030,12676082,11566625,11013726,11170556,10067266,7987072,1886736,9582629,8851566,9342731,9311962,4447613,7729645,7882079,6231287,7970155,7205400
"Pos",47542,"[M+H]+",15.927,"PC O-20:0_22:5","EtherPC",22606620,19363088,14238178,2303907,1355923,468083,876187,845754,1019985,174802,45305,171853,90214,56293,127104,136494,14624,36657,24568750,24177778,23537918,20282861,20015669,18354524,15537917,9688861,17879012,16925070,17186991,17587029,18449650,14551840,14928850,12692738,16643069,13666296
"Pos",47325,"[M+H]+",15.41,"PC O-20:0_22:6","EtherPC",22473182,14841735,10813719,850052,833360,622494,156865,161578,177161,0,0,3429,0,0,0,0,0,0,24137844,16492016,23715141,20918699,14200079,13101355,14820385,6397109,11725783,13078033,16521960,16903878,11202038,13552660,10346224,10352462,9448593,11809996
"Pos",42734,"[M+H]+",17.449,"PC O-20:1_18:1","EtherPC",15727355,1558700,1163207,130597,14203,5077,12529,50584,42349,8639,0,3194,0,9499,6569,3546,0,6271,15895724,15776156,16816881,14359260,14341737,13266325,9960218,6853691,12169769,6372056,11728116,12704825,10785957,9415195,9742543,7015271,4164991,7275592
"Pos",47327,"[M+H]+",15.606,"PC O-20:1_22:5","EtherPC",1942551,5338239,4265026,89537,38850,40432,52772,8880,31338,0,0,0,0,0,0,0,0,0,2163258,7656108,2143555,2009288,5845948,5433342,1467787,3578031,6129932,3332503,1593301,1540578,1526394,1246127,3557025,873322,3357752,981670
"Pos",43156,"[M+H]+",19.35,"PC O-22:0_16:0","EtherPC",9241366,7899760,2764052,718179,543143,233671,494125,749880,1452095,243172,151505,141308,32231,239269,192427,245200,87397,45271,10184038,9795714,9516005,8486452,8063539,7721393,2481731,4004789,5607001,2955451,2929675,7323989,2847100,5964218,5140911,5364635,6484684,6020049
"Pos",45663,"[M+H]+",19.375,"PC O-22:0_18:1","EtherPC",8935796,13913831,6538243,1127927,762992,204793,452226,1345812,1068154,201823,33519,102961,10689,8997,56308,92785,4367,6339,17266675,11249895,16824599,14678351,14454409,13806237,9654849,3669848,11470908,7491298,4889010,13050150,8185396,10721673,10711842,2073905,12569196,6118405
"Pos",47123,"[M+H]+",13.985,"PC O-24:6_18:1","EtherPC",9619554,6356702,4647332,236496,107512,56115,11454,6709,0,0,0,0,0,0,0,0,0,0,10610049,8104958,9034492,7606011,8379704,7075534,5110109,2101445,5452467,5949366,7315577,5561879,3222166,4470830,4381776,2240821,4756656,4024453
"Neg",38819,"[M+HCOO]-",14.873,"PC O-34:1<OH>","OxEtherPC",64745019,55553668,47527152,10283482,7297896,9282110,9019536,13493607,13781490,7311385,7181188,9634670,4070877,6231174,6379411,5133905,5265631,4242049,67631472,60403661,63867261,59245242,54634154,54640692,36830281,21516055,42669638,38838147,35036641,38289082,38741122,32594058,34814000,28756592,36098316,32513250
"Neg",40233,"[M+HCOO]-",16.389,"PC O-36:1<OH>","OxEtherPC",2065040,1810637,1398126,319949,192598,213834,251765,354941,366652,192025,213763,259924,86132,144412,180105,118998,110525,77216,2112816,1979973,2019639,1876427,1867489,1746245,1100925,676667,1370076,1259654,1217162,1279812,1248163,1073569,1082357,978997,1286565,995344
"Neg",31813,"[M-H]-",13.62,"PE 16:0_16:0","PE",3265944,3073322,2663232,409647,243202,227786,397148,610522,655680,257605,184374,334299,62046,91712,154882,157258,50486,51059,3326083,3135124,3297418,2902822,2986128,2735476,2086938,1335686,1699260,2664613,2454833,2520547,2560358,1945329,1979012,1667932,2380857,1847679
"Neg",31699,"[M-H]-",12.494,"PE 16:0_16:1","PE",35957635,31685253,26148929,3857214,1592070,1965233,2564573,3673864,4046028,732097,384434,925071,120273,56462,247627,448274,112666,128767,37666633,31064651,32328114,30098368,30352247,28917297,24612689,12848380,24586012,27329724,24301292,28546652,27058889,22781289,23337575,19650889,21701825,19821588
"Neg",32596,"[M-H]-",13.102,"PE 16:0_17:1","PE",6610466,5966032,5097724,638675,236055,347463,422645,628285,705510,119449,28107,132362,0,3752,11941,61073,4608,0,6771382,6585358,6111913,5728807,5893351,5646891,4303383,2353812,4871678,5224977,4649574,5366895,4927910,4414024,4456813,3549291,4273096,3561180
"Neg",33587,"[M-H]-",14.959,"PE 16:0_18:0","PE",4228646,3706478,3175835,385429,210342,327375,307303,506379,521802,206617,113337,261071,36986,80382,88215,138012,20695,29306,4356880,3821631,4043110,3649659,3448653,3449918,2033366,1235186,2397694,2811260,2678646,3103343,2733631,2263629,2310397,2035482,2464243,2023645
"Neg",33472,"[M-H]-",13.739,"PE 16:0_18:1 (a)","PE",151207211,137713364,118069683,19910612,7869504,10839835,13442915,19588512,20934570,4252328,2155531,5271350,722979,571596,1604200,2858092,1187421,871514,157048704,150165539,138149995,131806216,124875458,128957098,95192104,56041797,109937937,116262265,109107342,125091969,111038626,96113068,98661997,81826008,97642383,85104652
"Neg",33473,"[M-H]-",15.786,"PE 16:0_18:1 (b)","PE",6601,4680,0,4490,0,11626,0,7475,0,0,0,0,0,0,0,0,0,0,4511,4294,5259,170767,79976,147552,3210,19162,3611,2538,11143,0,3043,0,7124,2405,0,0
"Neg",34827,"[M-H]-",12.263,"PE 16:0_20:4 (a)","PE",435890,1218849,1022653,177072,13016,37430,13062,41651,36800,0,0,0,0,0,0,0,0,0,1534858,572577,1438658,1000674,522791,557151,365276,545663,990707,931179,820179,1094210,947845,876448,711999,463055,888330,599311
"Neg",34824,"[M-H]-",12.46,"PE 16:0_20:4 (b)","PE",49013765,45188875,36173720,5169705,2398867,3188384,1625750,1647786,1707940,0,0,0,0,0,0,0,0,0,52077385,43768316,44322848,41888600,43828901,42025690,32992757,17728273,33798089,38895646,34090413,39495016,35442176,31665635,33195491,25015719,27896848,27314200
"Neg",34695,"[M-H]-",11.645,"PE 16:0_20:5","PE",11044734,9521928,7963107,925904,414631,532596,234245,231062,199452,0,0,0,0,0,0,0,0,0,11362195,9803581,10450534,9063498,9506783,8707774,7004432,3581833,7952326,8133278,7289148,8529104,7750951,6355254,6869879,4613609,5382051,5576667
"Neg",36259,"[M-H]-",12.075,"PE 16:0_22:6","PE",19367397,16445976,13861035,1636865,741494,961623,465202,447074,318887,0,0,0,0,0,0,0,0,0,20719899,17158283,18641363,17368005,16522684,15772785,11451473,6523499,13387405,14988578,13143505,14683600,12635872,11268219,11862584,8625169,9933723,9419642
"Neg",31603,"[M-H]-",11.469,"PE 16:1_16:1","PE",3868257,3617024,2888393,310428,48831,111783,160858,232777,308984,27701,21723,22844,0,0,2700,20282,0,5438,4172790,3384326,3779017,3167024,3208508,3000466,2739762,1392229,2944440,3023795,2610415,2996074,2973745,2372284,2674334,1976214,2152846,2119003
"Neg",33346,"[M-H]-",12.601,"PE 16:1_18:1 (a)","PE",64478916,58903616,48626477,6264055,2224171,2761477,4040628,5075511,5846054,593407,286066,686486,11245,0,157481,434008,58266,59144,70242735,60535946,61959595,56047347,52913790,52063311,45511558,23243991,46549978,50504139,44959154,50805871,48838517,40465921,41029441,33601133,38816061,35145028
"Neg",33347,"[M-H]-",13.737,"PE 16:1_18:1 (b)","PE",13170,18039,0,0,0,0,0,0,0,0,0,0,0,0,0,0,0,0,236338,490952,11965,98793,24097,31436,0,7286,400404,14217,20040,17584,121396,0,53234,0,44716,74263
"Neg",33210,"[M-H]-",11.67,"PE 16:1_18:2","PE",2783864,2287925,1794983,196349,36692,80332,56131,107725,130817,0,0,0,0,0,0,0,0,0,2465556,2257365,2347287,1136623,2189291,1747582,1599381,823778,1823645,2003548,1616995,1971039,1685608,1507376,1758146,1229218,1223170,1388762
"Neg",34697,"[M-H]-",11.448,"PE 16:1_20:4 (a)","PE",4797700,4468164,3445011,336673,108504,159301,88912,111996,102004,0,0,0,0,0,0,0,0,0,4825809,4125077,4386250,3562513,3993374,3568660,3009517,1572163,3414767,3488122,3031538,3497680,3334143,2638160,2966514,1929799,2473125,2193981
"Neg",34696,"[M-H]-",12.061,"PE 16:1_20:4 (b)","PE",22601,20226,7901,22945,0,16037,0,0,0,0,0,0,0,0,0,0,0,0,49906,10443,21039,67466,66669,43232,24752,16359,51050,28641,69897,40326,161115,183712,234318,399593,411244,413385
"Neg",34576,"[M-H]-",10.729,"PE 16:1_20:5","PE",1229662,1075325,876039,91810,7511,20858,0,0,0,0,0,0,0,0,0,0,0,0,1205754,1163832,1154732,1043802,984200,1047196,814802,390162,909077,874902,697894,879630,948212,706237,767422,495314,666289,545129
"Neg",36258,"[M-H]-",11.457,"PE 16:1_22:5","PE",1262454,1160957,973212,64937,10855,9616,4209,0,5222,0,0,0,0,0,0,0,0,0,1380800,1089045,1288255,1036965,1137815,961189,854721,426982,939597,1057669,887664,1054026,1044541,786011,960498,780196,848911,799857
"Neg",36135,"[M-H]-",11.118,"PE 16:1_22:6","PE",2325270,2319309,1688037,147060,21594,39419,9913,0,0,0,0,0,0,0,0,0,0,0,2943245,2155666,1605804,2165246,2036147,2002259,2890577,756375,1632588,1838805,1495045,1913894,2108937,1381257,1442224,959461,1263614,1237439
"Neg",35684,"[M-H]-",13.057,"PE 17:0_20:4","PE",5942784,5105251,4230000,537844,258422,348607,155100,146940,155600,0,0,0,0,0,3532,0,0,0,5752768,5350527,5498555,4926264,5745989,4959975,3612470,1939415,4089343,4766064,3802725,4559367,3882189,3550899,3803244,2661795,3522045,3047448
"Neg",37303,"[M-H]-",13.075,"PE 17:0_22:5","PE",3587408,3187740,1317652,127009,15095,59727,162088,156664,93401,142754,220077,214677,116444,186304,142923,160641,196268,277038,3511600,3600336,1951564,3361025,1246230,3022754,2173018,1220980,2586340,2941904,2578018,2978960,2740386,2516436,1308622,2067431,2414657,2148252
"Neg",34193,"[M-H]-",13.208,"PE 17:1_18:1","PE",9811773,8913998,7533856,901950,297606,408299,552358,754314,880837,64988,16453,100250,0,0,8725,50730,0,0,10591808,9394048,9393401,9015256,8434508,8044878,6157560,3364193,7340517,7650045,7245322,8060242,7880572,6557755,6581782,5770748,7065853,5609200
"Neg",37004,"[M-H]-",11.628,"PE 17:1_22:6","PE",420692,335307,238747,23123,2918,0,0,0,0,0,0,0,0,0,0,0,0,0,444687,382592,332725,337416,283823,202620,153565,81517,253812,277319,205696,259861,235240,221301,271379,141539,172504,174897
"Neg",35196,"[M-H]-",15.09,"PE 18:0_18:1 (a)","PE",139939317,120196713,99991857,13568458,5820913,7888313,9587304,13966298,14986931,3003886,1526352,3880625,536481,408228,1217711,2253993,875694,637351,143254188,131299425,132871508,121128851,113503900,115693558,74674104,45894689,89676820,100069100,96547227,107153478,95538366,81754477,84385501,68766411,84961227,70640219
"Neg",35198,"[M-H]-",15.445,"PE 18:0_18:1 (b)","PE",1432473,1319439,1325473,146250,70406,79766,88737,173264,144253,14605,0,28879,0,0,0,8047,0,0,1425290,1533879,1654200,1400652,1445879,1308633,936301,491423,1324439,974425,1043851,1251040,1191705,1290042,1089133,724381,1087802,788038
"Neg",35197,"[M-H]-",17.248,"PE 18:0_18:1 (c)","PE",3776,3305,2770,5059,0,0,0,0,0,0,0,0,0,0,0,0,0,0,16793,4232,6193,110294,80140,38202,2307,5310,7755,6998,8032,0,3016,0,2686,0,0,4511
"Neg",35074,"[M-H]-",14.194,"PE 18:0_18:2","PE",6523131,1965492,4667451,512568,236146,302332,99066,419819,479443,40400,3370,47521,0,0,0,30853,7500,0,6397949,5753722,5518941,3864958,4311369,4739473,3302212,1620088,3060012,3967921,3568704,5233073,3612675,1336115,2848404,2764853,3836853,3271508
"Neg",36804,"[M-H]-",15.612,"PE 18:0_20:2","PE",3065481,2711211,2156791,241913,95186,124646,161093,209306,246257,4867,3653,3697,0,0,0,0,0,0,3250753,2918224,2843743,2693786,2353326,2578551,1568243,986111,1976797,2213716,2223502,2356845,2113876,1762227,1848352,1490202,1831461,1520445
"Neg",37585,"[M-H]-",13.984,"PE 18:0_20:2<oxo>","OxPE",12429,0,0,2883,0,0,0,0,0,0,0,0,0,0,0,0,0,0,24274,0,6236,427098,185093,222657,193266,177778,190466,596088,542149,550721,454825,351003,487683,470705,493015,558581
"Neg",36678,"[M-H]-",14.276,"PE 18:0_20:3 (a)","PE",15020247,13445987,11402490,1190331,443290,608230,419085,600120,575657,2616,3115,3740,0,0,0,0,3456,0,11635381,13939717,11339641,13147425,12510431,12852943,8811356,5042267,7813133,11248416,10787380,11771421,10596067,9042151,9784546,7518062,9276633,5779585
"Neg",36679,"[M-H]-",14.732,"PE 18:0_20:3 (b)","PE",8217393,7294946,5958874,758301,309975,499856,276987,316065,339425,0,0,0,0,0,0,0,0,0,8846192,7678175,8026410,7483268,6895007,6933454,4634496,2610983,5626292,6298387,5985669,6420749,5829790,5003040,5065693,3928874,4966236,4011241
"Neg",36549,"[M-H]-",13.461,"PE 18:0_20:4 (a)","PE",5813502,4866445,4879969,398175,117838,319507,205407,192340,165134,0,0,0,0,0,0,0,0,0,6106663,4948128,4846155,4512484,4490923,5256207,3050472,2701765,3408451,4380608,4244668,4834874,4412292,3356408,3407372,3124440,3698667,2874017
"Neg",36548,"[M-H]-",13.693,"PE 18:0_20:4 (b)","PE",181200216,168802127,143847136,26263807,11738923,16533047,8760396,8457122,8764555,0,0,5451,0,2850,0,23427,9460,0,193341069,177810543,172847884,165340424,158888850,159863568,114965087,70185738,132644363,145320384,136212468,148406052,131161134,120674798,120670903,94396982,116061816,100776944
"Neg",36553,"[M-H]-",14.307,"PE 18:0_20:4 (c)","PE",345829,187470,132313,4667,2412,2480,0,3638,4332,0,0,0,0,0,0,0,0,0,181841,53602,156497,34401,115877,168205,86705,84498,172499,173805,146121,199485,27896,81876,240525,54725,120524,92045
"Neg",36551,"[M-H]-",15.665,"PE 18:0_20:4 (d)","PE",7208,26811,2233,17660,2045,12177,0,0,0,0,0,0,0,0,0,0,0,0,16351,3652,2475,189717,159021,159621,2680,10441,12009,6743,30768,2285,3290,8259,2517,2968,2956,0
"Neg",36403,"[M-H]-",12.783,"PE 18:0_20:5 (a)","PE",47577373,43376417,35594997,4364376,1943328,2628533,1304030,1132642,1144865,0,0,0,0,0,0,0,0,0,50925794,42492089,46244688,39706184,40215365,38218302,28657785,15545795,30775013,36523031,33259043,36925064,31995405,27530237,28055673,22121490,27203700,23136920
"Neg",36404,"[M-H]-",13.732,"PE 18:0_20:5 (b)","PE",36291,0,10399,0,0,0,0,0,0,0,0,0,0,0,0,0,0,0,107514,410151,10498,68967,14148,38758,0,17922,106676,0,64286,12694,57135,0,23943,11326,32902,11029
"Neg",38361,"[M-H]-",15.778,"PE 18:0_22:3","PE",727674,568140,252372,12324,2401,4342,0,3125,0,0,0,0,0,0,0,0,0,0,685898,637108,675683,548530,224450,540032,315527,153865,382397,422911,487655,458524,437527,344361,369291,255073,321356,285319
"Neg",38245,"[M-H]-",14.637,"PE 18:0_22:4","PE",5576334,4856761,4282146,522345,183277,274805,134308,77947,166698,0,0,0,0,0,0,0,0,0,5888209,5718059,5414963,5117097,4625714,4608379,2999127,1605481,3503373,3857734,3789115,4163566,3577876,3540117,3373018,2776685,3332429,2615581
"Neg",38135,"[M-H]-",13.67,"PE 18:0_22:5","PE",36007206,33786863,28531453,5013239,2227542,2945063,1574168,1544185,1393725,0,0,0,0,0,0,0,0,0,37436923,35854219,35022389,32370147,31001501,31221704,22265184,13762342,25082704,27813002,26017275,29307940,26649778,23525189,23129215,18760003,23292249,19321371
"Neg",38005,"[M-H]-",13.25,"PE 18:0_22:6","PE",74953512,66564393,55228893,6852868,2904946,4059635,1836697,1657266,1470592,0,0,0,0,0,0,3039,0,0,77801986,70597556,71097497,66380795,65174235,62143899,42928497,23651189,49296810,55123332,52610819,57426987,51924971,43502865,44360667,32976204,41524949,34771964
"Neg",35073,"[M-H]-",13.837,"PE 18:1_18:1 (a)","PE",175079383,159659939,131966142,18170927,6203596,8357470,12079455,16434034,18646280,2130498,1111592,2633501,193987,181629,611402,1600989,549151,333246,184096767,163538531,164451183,151788188,143866388,146514173,111030952,61561313,125570090,134030821,120661822,139977611,126150950,114712331,114563002,91790006,105940175,93480776
"Neg",35071,"[M-H]-",14.456,"PE 18:1_18:1 (b)","PE",282927,881057,273429,27276,4926,21308,25381,49389,47686,0,0,0,0,0,0,0,0,0,497641,483705,913044,506991,693040,1021655,273194,305232,1075708,348652,717067,245809,665983,275084,243342,468424,761271,514898
"Neg",35075,"[M-H]-",15.068,"PE 18:1_18:1 (c)","PE",10378,37849,5891,0,0,0,0,0,3685,0,0,0,0,0,0,0,0,0,192638,233216,54662,74198,40388,92063,17856,82459,194899,45517,71744,92758,298767,44678,15509,9669,49922,14693
"Neg",35072,"[M-H]-",15.869,"PE 18:1_18:1 (d)","PE",5054,7738,4127,6178,0,3362,0,0,0,0,0,0,0,0,0,0,0,0,4830,5654,9027,83080,35123,74100,4292,23101,9597,5572,9286,5032,10989,0,23053,0,3343,3846
"Neg",34952,"[M-H]-",12.809,"PE 18:1_18:2 (a)","PE",27062272,24255741,19487202,2191658,810025,1071071,1153837,1293088,1505343,3462,0,0,0,0,0,0,0,3637,36483742,23817144,26141118,22113099,24465614,21001677,22667597,9053916,17947981,20839741,18733708,20368453,18359115,16203341,16503904,12862494,20241870,13483494
"Neg",34953,"[M-H]-",13.003,"PE 18:1_18:2 (b)","PE",8099732,6781322,7199445,509096,318748,512728,334589,415634,284897,5366,0,0,0,0,0,2745,0,0,2405259,7510158,7399895,6276498,5130347,7425986,1704758,2910362,6664739,6445403,5587140,6488838,6064245,5404374,5572943,4470983,1655849,4401409
"Neg",34951,"[M-H]-",13.407,"PE 18:1_18:2 (c)","PE",2398547,2198616,1635345,238680,40027,151374,68495,72857,106207,0,0,0,0,0,0,0,0,0,2634257,2420569,2301100,2125573,2029270,2077611,1477189,852037,905626,1842695,1752641,2055489,1774446,1644514,1599601,1175827,1604491,1200053
"Neg",34954,"[M-H]-",14.075,"PE 18:1_18:2 (d)","PE",0,3578,0,0,2726,3298,13437,60036,35462,36049,9488,45274,0,8438,3479,18352,0,2937,13972,0,4807,139847,85952,133809,54496,54751,181787,364169,402654,478888,512584,424629,560795,495058,486827,462375
"Neg",34825,"[M-H]-",11.929,"PE 18:1_18:3","PE",2753607,2597556,2143515,192419,22670,50752,42372,16135,20951,0,0,0,0,0,0,0,4044,0,2535523,2341798,2543443,2388473,2437086,2113148,1641277,906118,2007697,2046021,1746214,1827007,1785359,1654420,1502397,1147485,1313245,1188070
"Neg",36803,"[M-H]-",15.149,"PE 18:1_20:1","PE",12251511,10547530,8569429,977689,336886,451668,683125,1005588,1072945,129218,12710,62265,2402,0,9151,51513,4214,0,12635047,11363594,11501611,10397421,9733738,9666474,6631322,3944457,7955839,8685733,8208946,9051507,8259868,7008552,7374892,5674391,6983054,5993530
"Neg",36547,"[M-H]-",13.093,"PE 18:1_20:3","PE",6410149,5565081,4541043,645487,179693,249594,115982,252479,244574,0,0,4082,0,0,0,0,0,0,6060754,3049790,6396790,5842583,2972613,5395702,4278657,2409020,5372062,5123686,4709967,5437613,5719627,4126086,3762921,3065649,4587332,3327922
"Neg",36401,"[M-H]-",12.555,"PE 18:1_20:4 (a)","PE",101951851,91870177,75741677,10547637,3859491,5117881,3576272,3288881,3351270,3739,0,0,0,0,0,0,0,6191,109997658,92486505,94781831,89368935,88923329,84799684,68262422,35581415,69764611,80142905,69773913,80510076,75103958,64897241,64287069,50109828,58896524,54110662
"Neg",36407,"[M-H]-",13.226,"PE 18:1_20:4 (b)","PE",95167,50150,114538,7707,3558,5727,4748,0,0,0,0,0,0,0,0,0,0,0,46607,21346,56394,139436,41329,47711,25253,86716,56376,48800,123289,118014,137379,146147,99375,172708,258362,86017
"Neg",36257,"[M-H]-",11.741,"PE 18:1_20:5","PE",22534456,19316308,15885995,1782096,586281,826506,527614,466374,394237,0,0,0,0,0,0,0,0,0,23243546,19181452,20774229,18175294,18451131,17889917,13437534,6927829,15788510,16345977,14207296,16745867,14873689,12555125,13404642,9541587,11045371,10414186
"Neg",38006,"[M-H]-",12.536,"PE 18:1_22:5","PE",18780578,16838178,13938436,1881590,656062,861034,569482,508582,222071,0,0,0,0,0,0,0,0,0,20524861,16503409,18124328,16419138,16724717,15437374,12430436,6659965,12249776,14219715,12802126,14844902,13614680,11378327,11599547,9281832,10880086,9872908
"Neg",37870,"[M-H]-",12.163,"PE 18:1_22:6","PE",39398003,35426114,29186197,3196265,1125433,1404409,800581,606738,565549,0,0,0,0,0,0,0,0,0,41941110,33879599,37987343,33711193,32767396,32077000,23219221,12994181,27923432,30396411,25720776,29679753,27058873,22895821,23774677,16932457,18896862,17754514
"Neg",37757,"[M-H]-",11.312,"PE 18:2_22:6","PE",1692225,1553925,1262186,82746,5136,9182,5178,6561,0,0,0,0,0,0,0,0,0,0,1953171,1498075,1648380,1343219,1431487,1097503,1070977,493336,1165098,1301716,1112665,1233713,1083310,920861,829811,608947,766341,669026
"Neg",36027,"[M-H]-",15.809,"PE 19:0_18:1","PE",1088769,878591,674390,51164,14771,7719,10304,68907,58320,2727,0,0,0,0,5613,2662,7711,0,1062947,1037059,1061278,896498,788824,1017147,278006,288153,642241,646900,734123,788137,671547,527972,592460,539959,552582,463782
"Neg",37429,"[M-H]-",14.341,"PE 19:0_20:4","PE",932194,800915,602963,60628,21394,11407,0,0,0,8139,3226,9724,0,4304,7204,3471,0,0,1044948,899786,900871,380271,710788,757186,565934,306268,561632,712537,731371,757238,723035,588569,211921,385132,536178,431095
"Neg",38246,"[M-H]-",15.055,"PE 20:0_20:4","PE",2086052,1805808,1400032,148763,30029,23843,30120,6814,7693,0,0,0,0,0,0,0,0,0,2001181,1872452,1901885,1724591,1650819,1680310,1059452,678054,1190561,1474394,1408959,1486458,770993,1230086,1161366,994869,1211108,950064
"Neg",39586,"[M-H]-",13.305,"PE 20:1_22:6","PE",2284942,1895203,1651524,166218,35317,53512,44502,9899,15879,0,0,0,0,0,0,0,3624,0,2380838,2034770,2038342,1675758,1841078,1695439,1293249,670583,1309778,1706027,1572235,1655364,1457322,1233645,1234278,903469,1092145,927952
"Neg",39368,"[M-H]-",11.4,"PE 20:4_22:5","PE",501208,343614,544305,33928,0,4364,9012,24979,16517,30313,3633,3477,3708,10617,12487,0,7221,0,558282,495610,536836,379325,476020,204330,298245,90125,411341,443353,346585,308052,385037,255977,301635,183457,309962,200221
"Neg",39256,"[M-H]-",11.04,"PE 20:4_22:6","PE",939541,825848,705987,38407,18751,18811,14702,6616,28916,0,3529,4517,3436,2429,0,8387,10875,3723,1465981,967194,1371102,1076567,890163,1017220,419814,283230,753086,844690,624954,678241,1081728,482700,923701,330976,666475,519333
"Neg",39959,"[M-H]-",16.577,"PE 22:0_20:4","PE",1297958,1218247,939148,91785,16533,8983,3929,12834,9028,0,0,0,0,0,0,0,0,0,1338786,1237867,1273512,1147750,1078713,1117907,628590,380764,714194,907129,977674,1039059,948661,731000,732926,527850,738151,591717
"Neg",39828,"[M-H]-",15.076,"PE 22:1_20:4","PE",2895361,2549058,2107337,142351,63029,54343,22758,39767,12965,0,0,0,0,7491,0,0,0,0,2916212,2572044,2756874,2514846,2404720,2352851,1573775,875533,1863223,2107800,1943648,2284724,1895880,1650876,1719368,1358558,1739548,1405943
"Neg",41636,"[M-H]-",18.233,"PE 24:0_20:4","PE",1168388,979105,758038,59745,24911,13749,4735,2706,8338,0,0,0,0,0,0,0,4025,0,1161348,1071008,1029604,1000366,867015,899830,464860,182480,578300,759834,790017,836172,732673,622304,620396,450837,603808,487036
"Neg",37007,"[M-H]-",14.012,"PE 36:2<2OH>","OxPE",7904,0,0,0,0,0,0,0,0,0,0,0,0,0,0,79,0,0,8522,6399,7621,18354,8685,26828,4596,6079,12398,10327,0,0,11249,7666,5117,4587,8203,15933
"Neg",35541,"[M-H]-",12.931,"PE 36:6<oxo>","OxPE",0,0,0,16270,16060,49281,192223,330040,271914,388373,331668,401104,212089,321038,314576,261523,432883,306028,0,0,0,0,0,0,0,0,0,0,0,0,0,0,0,0,0,0
"Neg",36577,"[M-H]-",13.308,"PE 37:4<oxo>","OxPE",157074,111045,143495,0,0,0,0,0,0,0,0,0,0,0,0,0,0,0,188469,123919,160627,127455,184639,147099,106276,63379,173378,100140,122211,97105,61075,50899,57281,27039,44401,21045
"Neg",38565,"[M-H]-",15.034,"PE 38:2<OOH>","OxPE",350011,309195,282053,21834,0,5262,3550,9164,18580,0,0,0,0,0,0,0,0,124,640195,400865,554931,576948,532580,364023,306493,282407,418592,411261,393788,385616,384370,384667,360420,426569,565318,467965
"Neg",37583,"[M-H]-",13.725,"PE 38:2<oxo>","OxPE",0,0,0,0,0,0,0,0,0,0,0,0,0,0,0,0,0,0,113512,200323,0,104404,0,0,11378,0,68236,0,19656,0,49464,0,28839,0,63295,30474
"Neg",40102,"[M-H]-",12.883,"PE 38:3<2OH,OOH>","OxPE",865243,707654,760788,201442,157707,255236,164435,226111,234683,135037,91968,165243,43976,82517,98549,77649,35379,66764,1152283,887516,941198,878327,842897,879533,657523,372305,766825,613388,540176,561924,635278,567669,619015,484176,684721,603316
"Neg",39991,"[M-H]-",11.827,"PE 38:4<2OH,OOH>","OxPE",700245,676489,663991,60076,38338,95568,39081,32372,91616,2199,0,7597,0,0,0,0,0,145,928792,675991,692590,676329,715124,627078,596751,255076,698600,618927,589753,588670,644815,509731,589539,455763,519822,564912
"Neg",33961,"[M-H]-",13.221,"PE O-16:0_20:4","EtherPE",3042240,2594140,2274311,225423,103120,141105,34309,37813,69252,0,0,0,3286,0,4064,0,0,0,3427257,2775099,2985814,2514665,2682276,2239975,1887848,955027,2183290,2324010,2094063,2246027,2231086,1895222,2088014,1561509,1680361,1517913
"Neg",30847,"[M-H]-",14.314,"PE O-16:1_16:0","EtherPE",1417399,1229662,1143098,0,0,0,0,0,0,0,0,0,0,0,0,0,0,0,1595043,1242181,1346825,1161332,1167752,1139511,857510,553541,971049,1105616,925058,940496,853709,806540,823501,453592,532114,501903
"Neg",30739,"[M-H]-",13.099,"PE O-16:1_16:1","EtherPE",11247450,9797898,8848267,49286,0,0,0,0,0,0,0,0,0,0,0,0,0,0,11292960,11119770,10569071,9605168,9375718,9375411,7726760,4540589,8932235,8447148,7162025,8579249,7287724,6714542,7071951,3976192,4660811,3860632
"Neg",32471,"[M-H]-",14.41,"PE O-16:1_18:1","EtherPE",55795199,49396543,42048117,525650,0,0,0,5026,23171,0,0,0,0,0,0,0,0,0,57212482,51435154,53320950,47290954,45999822,45882551,36932079,22106830,43131397,41632992,36575310,41963704,36039740,32066119,33101411,19495888,23056900,19115848
"Neg",34082,"[M-H]-",14.952,"PE O-16:1_20:2","EtherPE",5073343,4579071,4406238,1520774,905232,1307604,1428260,1519871,1571143,778280,1108091,1182716,643625,731228,788658,754257,1082861,1103193,5140471,4535650,5128601,4662768,4519020,4699323,4088844,3039996,4088154,4428650,3917313,4566507,2153056,3853905,4027493,3448362,3616982,3453636
"Neg",33958,"[M-H]-",13.603,"PE O-16:1_20:3 (a)","EtherPE",3628315,3523251,2649048,19238,0,0,0,0,0,0,0,0,0,0,0,0,0,0,3715033,3508521,1969481,3281138,3209772,3144131,2552480,1644842,2488170,2585063,1455630,2855015,2602979,2459559,2026119,1101249,1573399,857086
"Neg",33960,"[M-H]-",13.772,"PE O-16:1_20:3 (b)","EtherPE",2874359,2596840,2549284,0,0,0,8732,0,5811,3550,4455,0,0,0,2869,0,0,0,3005774,2887670,3333432,2961895,2589940,2816926,2203944,1282718,2348736,2481533,2034518,2146021,2069252,1823157,2049060,1009548,1139401,1049825
"Neg",33959,"[M-H]-",14.036,"PE O-16:1_20:3 (c)","EtherPE",5014327,4290272,3701133,8820,0,3441,0,0,2903,0,0,0,2904,0,2247,1857,0,0,5237809,4429736,4764681,4110068,3962050,4008892,3133629,1890486,3819570,3586764,3064779,3565651,2885131,2633293,2796483,1483970,1654064,1392441
"Neg",33828,"[M-H]-",12.821,"PE O-16:1_20:4 (a)","EtherPE",6110758,5150875,4780717,18189,0,0,0,3953,0,0,0,0,0,0,0,0,0,0,6012566,4846351,5879193,4745604,4804681,4381734,3954964,1820096,4045213,3843321,3400696,4232240,3362482,3006242,3213987,1843209,2012915,1732197
"Neg",33829,"[M-H]-",13.022,"PE O-16:1_20:4 (b)","EtherPE",153706671,134550982,116064953,1585998,0,0,131690,56244,47235,0,0,0,0,0,0,0,0,0,154434161,141030884,143739780,128137854,135274464,125448372,105576157,62153765,121813343,115250107,98644875,111203354,93518010,87115509,89550217,48228061,57578417,49250783
"Neg",33703,"[M-H]-",12.151,"PE O-16:1_20:5","EtherPE",64529574,56057316,46966043,542185,0,0,11613,10169,4795,0,0,0,0,0,0,0,0,0,68516563,55220780,62838478,54316033,53380729,51059320,41618468,23562589,47902420,47000163,39106970,46112927,38723411,34651364,34591550,18639511,20544750,18358222
"Neg",35792,"[M-H]-",16.087,"PE O-16:1_22:2","EtherPE",3676507,3245063,2697813,0,0,0,0,0,0,0,0,0,0,0,0,0,0,0,3936660,3691304,3529185,3089161,2836431,2863627,2293910,1471455,2694253,2639410,2551997,2565916,2336207,1975851,2029247,1170111,1407007,1230150
"Neg",35695,"[M-H]-",15.057,"PE O-16:1_22:3","EtherPE",6774555,5726687,4996504,0,0,0,0,0,0,0,0,0,0,0,0,0,0,0,6956411,6272977,6512969,5892455,5647393,5509465,4170275,2553761,4869202,4859281,4292464,4854923,1803900,2000560,3785774,1054551,1578226,1824729
"Neg",35573,"[M-H]-",13.955,"PE O-16:1_22:4","EtherPE",30318703,26405594,22350382,247255,0,0,0,0,0,0,0,0,0,0,0,0,0,0,32188609,26637049,28555895,24990397,25409365,24374980,19321513,10967188,21226583,22346684,19050746,21233971,17935217,16515250,16342025,8853206,10451440,9017663
"Neg",35447,"[M-H]-",13.015,"PE O-16:1_22:5 (a)","EtherPE",211320199,188025223,162024468,2282825,0,0,168919,121503,80282,0,0,0,0,0,0,0,10048,0,218234460,195228002,199019745,177976403,185409162,173406879,143288738,84529152,165881163,159374829,134796755,152789494,127990297,120092472,122708987,66071068,79517374,68672336
"Neg",35448,"[M-H]-",14.979,"PE O-16:1_22:5 (b)","EtherPE",0,0,7805,0,0,0,0,0,0,0,0,0,0,0,0,0,0,0,0,0,0,108344,37113,21761,0,17778,0,0,14150,0,11212,0,8414,0,0,0
"Neg",35305,"[M-H]-",12.591,"PE O-16:1_22:6 (a)","EtherPE",195670148,176693153,146974037,2065019,0,0,140279,98973,88486,0,0,0,0,0,0,0,3883,0,215348260,183734413,185740238,173544714,173238979,156948788,138544839,76097003,140448967,147267282,126640896,138832100,120708291,106762111,102038465,59257667,69683565,61114315
"Neg",35307,"[M-H]-",14.507,"PE O-16:1_22:6 (b)","EtherPE",6227,0,0,0,0,0,0,0,0,0,0,0,0,0,0,0,0,0,0,9973,13791,28800,25649,18551,6283,19584,7577,0,8395,0,0,0,0,0,0,0
"Neg",34702,"[M-H]-",13.657,"PE O-17:1_20:4","EtherPE",2815438,2705190,2133483,16506,0,0,0,0,0,5225,0,0,0,0,0,0,0,0,3161729,2822040,2825302,2651404,2502002,2443631,2186178,1381398,2286774,2447253,2070037,2242442,1763529,1874719,1705791,888671,1017238,1012309
"Neg",36142,"[M-H]-",13.196,"PE O-17:1_22:6","EtherPE",4682261,4021119,3478366,4710,0,0,0,0,0,0,0,0,0,0,0,0,0,0,4898209,4223732,4531156,4052364,3878273,3735525,2829976,1536572,3134818,3054223,2730338,3111202,2455417,2171807,1964989,1075538,1263211,1013759
"Neg",34337,"[M-H]-",14.468,"PE O-18:0_18:1","EtherPE",1065967,247269,518723,48394,26925,14847,53743,22172,146122,9977,5377,5812,0,4133,3837,10000,3676,0,724521,561176,1042554,418942,624420,651520,366325,257639,363284,198970,202107,420289,466835,285381,459009,662889,467748,337571
"Neg",34197,"[M-H]-",15.82,"PE O-18:1_18:1","EtherPE",20689023,17639724,14663795,100872,0,0,3448,0,5645,0,0,0,0,0,0,0,0,0,21349279,20164859,19985282,18272048,16215321,16480920,11868694,7414507,14749578,14388528,13889828,14853611,12891561,10873164,11122610,6652741,7779428,6470943
"Neg",35911,"[M-H]-",17.331,"PE O-18:1_20:1","EtherPE",3479425,2981424,2518070,4672,0,0,0,0,0,0,0,0,0,0,0,0,0,0,3831635,3416911,3421405,3162983,2729671,2942930,1927574,1287553,2394201,2440000,2408043,2567642,1090310,916709,939214,503787,1340975,1118706
"Neg",35574,"[M-H]-",14.325,"PE O-18:1_20:4","EtherPE",43653072,38076810,32970738,461238,0,0,7957,3712,3428,0,0,0,0,0,0,0,0,0,45930348,40982208,43265852,38591107,37922664,36660222,28747242,16954165,33181461,32281127,29561979,32182225,27529960,24708785,24739079,13351306,16151006,13413303
"Neg",35449,"[M-H]-",13.359,"PE O-18:1_20:5","EtherPE",21738039,18644329,15444092,176243,0,0,0,0,0,0,0,0,0,0,0,0,0,0,21868941,20149768,20055722,17844467,18029987,17236251,14180745,8676742,15811263,15036149,14558810,15712304,13080358,11400154,11674034,6321950,7467681,6164484
"Neg",37319,"[M-H]-",15.331,"PE O-18:1_22:4","EtherPE",5300849,4537320,3808660,9580,0,0,0,0,0,0,0,0,0,0,0,0,0,0,5449086,3563347,5160928,4834459,4621278,4204248,3075086,1830132,3525116,3707601,3528765,3699532,3184224,2734657,2733849,1406028,1783178,1492107
"Neg",37182,"[M-H]-",14.292,"PE O-18:1_22:5 (a)","EtherPE",44445587,38964433,33245538,432367,0,0,11096,0,0,0,3915,0,0,0,0,0,0,0,47160175,41242809,43652206,39667753,38313646,37192494,28630515,16549862,31884052,32818390,29350056,32082077,27299356,23853921,24416995,13129372,15978588,13350560
"Neg",37181,"[M-H]-",14.725,"PE O-18:1_22:5 (b)","EtherPE",767328,676631,475453,0,0,0,0,0,0,0,0,0,0,0,0,0,0,0,467648,831801,685596,629377,606878,318668,485049,215923,542465,559049,459764,417221,186681,196818,154157,104762,170712,144486
"Neg",37015,"[M-H]-",13.836,"PE O-18:1_22:6","EtherPE",50549381,43961744,37917534,498283,0,0,6202,0,5224,0,0,0,0,0,0,2191,0,0,52675411,46448126,48020336,43480475,42778500,42448100,32742094,19110017,35149988,36253106,31489824,36483970,29263299,26937756,26593126,14536442,16724548,14054746
"Neg",32347,"[M-H]-",13.175,"PE O-18:2_16:1","EtherPE",3703680,3397886,2761301,11870,0,0,0,0,0,0,0,0,0,0,0,0,0,0,3231488,3102951,3332299,2823299,2981126,2825227,2211625,1343924,2169115,2676617,916599,2486485,2683268,2224954,2185656,1358165,1542880,1350285
"Neg",34085,"[M-H]-",14.478,"PE O-18:2_18:1","EtherPE",22232290,19477128,16294391,188729,0,0,0,0,0,0,0,0,0,0,0,0,0,0,23458835,20105475,21420465,19001998,18287796,17793587,14445203,8560700,17033934,16384204,14794735,16705709,14241422,12736978,12991563,7838060,9132310,7588084
"Neg",35793,"[M-H]-",15.851,"PE O-18:2_20:1","EtherPE",2618080,2280687,1894588,0,0,0,0,0,0,0,3451,0,0,0,0,2259,0,0,2724045,2450431,2594251,2426120,2052770,2156390,1436639,855392,1911440,1984500,1794642,1996529,1639628,1372422,1487980,914388,1023180,878301
"Neg",35306,"[M-H]-",12.22,"PE O-18:2_20:5","EtherPE",13483314,11960904,9823828,84140,0,0,0,0,0,0,0,0,0,0,0,0,0,0,13854019,11165069,12276886,10588466,10723205,10602353,8458154,5046804,10313295,9672448,7940333,9065892,7959954,6638033,7314327,3697139,4393932,3614678
"Neg",37014,"[M-H]-",13.075,"PE O-18:2_22:5","EtherPE",26762127,23559956,20733778,304745,3796,0,0,0,4319,0,0,0,0,0,0,0,0,0,28414387,25676544,25578951,22511759,22902675,22043033,18257234,10789077,21177209,20612398,17157637,19069006,15333774,14491471,15113939,8191456,9996783,8471404
"Neg",36907,"[M-H]-",12.66,"PE O-18:2_22:6","EtherPE",39424063,35080339,29372463,378612,0,0,4322,0,0,0,0,0,0,0,0,0,0,0,44365661,36395157,38149102,33811652,33825184,31195403,26933086,15263180,28456447,29764852,24588377,27380449,23850914,21349717,20034563,11688247,13688219,12054067
"Neg",35910,"[M-H]-",14.571,"PE O-20:1_18:1","EtherPE",57691,93299,48167,8091,2845,5528,6287,4055,6379,0,0,0,0,0,0,0,0,0,7618,36896,22026,53925,25236,83960,27773,8979,64654,14925,22054,53669,31993,53084,39418,24744,36606,64956
"Neg",37318,"[M-H]-",15.776,"PE O-20:1_20:4","EtherPE",2033477,1665530,1384946,0,0,0,0,0,0,0,0,0,0,0,0,0,0,0,2133290,1820018,1886337,1838847,1651430,1562722,1176874,647508,1329874,1404820,1309524,1390537,1184392,1013314,1001462,510483,630009,537615
"Neg",38736,"[M-H]-",15.224,"PE O-20:1_22:6","EtherPE",1806490,1581091,1352858,0,0,0,0,0,0,0,0,0,0,0,0,0,0,0,1874522,1677786,1695372,1538084,1486938,1451128,1050416,571155,1098386,1175846,1116298,1190607,911740,862792,789191,402888,517492,397642
"Neg",32007,"[M-H]-",11.559,"PG 14:0_16:0","PG",248054,233671,202638,11331,3656,0,0,12009,9437,2792,0,3313,0,0,0,0,0,0,262547,265201,277206,343155,379038,295332,189722,65856,365753,344199,326040,355994,309378,301906,315347,251479,339308,311507
"Neg",33779,"[M-H]-",11.857,"PG 16:0_16:0 (a)","PG",1202087,1162628,1308251,192327,87021,96932,136671,278841,287473,176604,123780,188675,63755,142413,138912,58303,45061,72151,1554574,1389549,1515283,1603487,1935760,1877104,1683005,937195,1755700,1651353,1186301,1851601,178024,883210,176563,46935,52943,56837
"Neg",33778,"[M-H]-",11.95,"PG 16:0_16:0 (b)","PG",377168,1162628,1308251,23892,13137,13599,2460,278841,287473,176604,10368,188675,11684,142413,138912,43746,15854,50567,1554574,1389549,253747,450547,1935760,1872584,1683005,938113,1755700,1651353,367211,1851601,1300671,883479,405097,239020,231898,217951
"Neg",33777,"[M-H]-",12.649,"PG 16:0_16:0 (c)","PG",1942897,1030126,1664133,237377,108048,138947,146625,239168,277908,134172,40478,143511,36611,16583,59497,70849,5937,32531,2247636,2323130,2158798,2916899,2809360,2858512,2116876,1087352,2381661,2845893,2340359,2595786,2786275,2060284,2338615,2063929,2649385,2175466
"Neg",33660,"[M-H]-",11.034,"PG 16:0_16:1 (a)","PG",1272687,1524821,1643494,6467,57733,8064,106442,189391,251666,49765,4607,17111,0,0,0,5550,0,4134,2737457,1560281,2071794,2891039,2439585,2728941,1944818,1159676,2702984,1548473,1124925,1736638,3840545,1138003,2145757,556524,1269530,1524856
"Neg",33658,"[M-H]-",11.161,"PG 16:0_16:1 (b)","PG",102231,206417,65482,6467,0,8064,0,0,0,0,0,4263,0,0,0,3505,0,4134,67598,83950,147989,33902,88440,59746,1074130,23281,76841,137624,108497,104179,3840545,880830,1364444,1394850,1374832,1125692
"Neg",33656,"[M-H]-",11.658,"PG 16:0_16:1 (c)","PG",1642263,1576523,1460643,180003,46859,40399,57086,168595,207346,32757,0,6225,0,0,4437,5849,0,3617,1756072,1769938,1897825,2370914,2381617,2179952,1973146,790096,2310149,2250346,1909589,2286657,2299983,1878245,2049137,1704747,2076237,2055499
"Neg",35391,"[M-H]-",11.959,"PG 16:0_18:1 (a)","PG",11122325,10455385,9398638,1377884,564245,672538,826483,1216436,1459563,330050,206834,456053,32241,26899,120241,102736,56235,31361,12289358,11261136,12592032,13933360,14258446,12942184,12390448,6497331,13614405,11510567,10784203,12539415,6602615,1243435,1315242,470466,475078,515876
"Neg",35392,"[M-H]-",12.196,"PG 16:0_18:1 (b)","PG",6048417,5314631,4382705,15155,7737,3392,0,13463,1947,25725,0,6300,0,0,0,121895,4631,5713,6176006,4915536,5973259,4700375,4771020,4200337,3868663,2006273,4556933,4588473,3564204,4708127,4691967,8891238,16541281,14756607,15820178,14251055
"Neg",35390,"[M-H]-",12.718,"PG 16:0_18:1 (c)","PG",15477159,15717535,13735722,5205853,1478074,1688555,2474917,3983656,4501380,1013884,462165,1262461,76487,117514,452732,825394,275068,219943,35018207,14683504,16528447,16935450,19068133,16552231,13932777,7381482,105442765,18789941,16964261,18327006,36519873,14045445,14586735,37981998,47859092,65972764
"Neg",36217,"[M-H]-",13.213,"PG 16:0_19:1","PG",3104800,2808809,2339413,3525,0,0,4408,31268,80364,3092,0,0,2711,0,0,4808,0,0,3327624,2911436,3001720,3258414,3139314,2916252,2270785,1068050,2461453,2639231,1106138,2555561,2194197,1779363,1378476,1199790,1512142,1239141
"Neg",36750,"[M-H]-",11.654,"PG 16:0_20:4","PG",399022,399979,377976,11377,0,14882,0,0,0,0,0,0,0,0,0,0,0,0,462736,445476,444832,579330,526569,437212,432378,195489,499677,521681,417390,507483,441800,387879,511944,371646,389457,407085
"Neg",38188,"[M-H]-",10.72,"PG 16:0_22:6 (a)","PG",2722213,2446911,2145383,298610,101740,130791,54242,77191,90584,0,0,0,0,0,0,0,0,0,2801221,2761347,2905494,3218522,3152447,2984334,2654882,1360159,2943905,2703400,2274493,2558716,980874,1096768,1302282,140707,219791,138686
"Neg",38189,"[M-H]-",10.848,"PG 16:0_22:6 (b)","PG",233117,220448,180379,9866,123,1786,0,0,12957,0,0,0,0,0,0,0,0,0,210222,221694,274082,227436,214980,155044,204557,99673,218306,250325,275377,290476,2054346,1297204,1540549,1946805,2693855,2154635
"Neg",33548,"[M-H]-",10.314,"PG 16:1_16:1","PG",61145,35575,300397,10284,0,0,0,0,0,0,0,0,0,0,0,0,0,0,62787,38268,56310,69235,22259,42169,44295,7461,62628,36230,10316,291580,497719,388599,467219,372635,405385,233215
"Neg",35261,"[M-H]-",11.072,"PG 16:1_18:1 (a)","PG",7519296,4470017,5859249,561206,137154,200737,385152,519012,651872,84827,22103,120407,5036,0,13139,2222,0,0,11041888,8784075,7170497,10729928,9132156,8935242,12757455,3866451,9295131,4460318,6423472,4196402,2829181,569422,1801295,152404,260859,657295
"Neg",35263,"[M-H]-",11.204,"PG 16:1_18:1 (b)","PG",839051,3153757,605129,51508,6428,23996,31054,51548,52170,18606,6740,10490,5036,0,0,47467,0,0,860847,928819,2418432,723526,765617,725761,12757455,436270,775667,3833403,891246,3011101,6455552,7029118,5312427,6236791,7571528,6179916
"Neg",35262,"[M-H]-",11.749,"PG 16:1_18:1 (c)","PG",1509472,1407624,1291459,47499,8959,0,16440,37516,57099,0,0,11726,0,0,0,0,0,0,1686954,1615385,1768200,1865485,1984744,1731306,1835566,810872,992638,2007317,1729800,1950144,1903638,1768570,1979411,1592600,1743725,1886168
"Neg",38083,"[M-H]-",10,"PG 16:1_22:6 (a)","PG",1055056,1005472,838415,47955,9432,3709,0,4236,4471,0,0,0,0,0,0,0,0,0,1125344,957932,1193996,1315280,1208165,1182155,1075250,589327,1120850,1147700,1048483,999632,121635,105853,122731,27753,53876,41422
"Neg",38082,"[M-H]-",10.115,"PG 16:1_22:6 (b)","PG",83199,85012,61400,34418,4840,13268,0,0,4471,0,0,0,0,0,0,0,0,0,76204,74298,92446,89096,80341,63000,67884,49446,63008,132384,1048483,115881,1218065,880226,1068556,764036,1034942,775283
"Neg",37120,"[M-H]-",13.263,"PG 18:0_18:1 (a)","PG",485993,501462,552712,33338,0,23884,9520,82649,35668,14846,3912,7703,0,0,0,20463,0,0,603232,423418,418926,548578,645921,320953,454080,260226,416993,618798,586989,858944,1129622,941426,956833,5705546,5849868,5840283
"Neg",37117,"[M-H]-",13.852,"PG 18:0_18:1 (b)","PG",30110139,27068680,23361278,889479,198144,241530,378368,506724,739885,135086,22940,6429,5037,3792,16659,62714,0,0,32492443,29338804,30191379,28557433,28372511,28022632,21412449,12171682,23950798,24887819,21848140,24794155,20912700,18927377,19547770,12534384,14908288,13138534
"Neg",38810,"[M-H]-",14.494,"PG 18:0_20:1","PG",0,0,0,4805,0,0,0,0,0,0,0,0,0,0,0,0,0,0,0,0,13659,13933,13646,10633,29753,24085,0,1999118,1430989,1276699,546909,1725632,695785,4528490,4849094,2150380
"Neg",36978,"[M-H]-",12.067,"PG 18:1_18:1 (a)","PG",27742125,25666939,22967719,2806704,952832,1087132,1671806,2392828,3032962,494761,282575,631971,37003,6635,161990,97636,42759,36696,33315417,27280427,30373757,34098780,32490284,30709860,29044197,15972215,28477436,31938407,24539706,30808545,2804399,2440228,2865589,890092,983752,995870
"Neg",36979,"[M-H]-",12.217,"PG 18:1_18:1 (b)","PG",2028463,1874722,1695800,129021,56174,63600,71096,151585,165581,11365,13953,41676,11843,0,18749,265691,15290,22998,2104388,1860294,2151593,1889141,2019300,1657765,1849404,1181182,3982542,3082049,2714015,3406618,32869564,27690964,29941119,27792643,30208029,27276116
"Neg",36980,"[M-H]-",12.802,"PG 18:1_18:1 (c)","PG",1316545,1170666,1085533,53646,6884,15208,25219,119041,73545,2870,0,3707,0,0,0,3931,0,0,1228477,1147751,1449934,1165495,1329859,1061531,1094995,607947,1062624,1091605,1081936,1188353,1042956,947442,896053,732317,822265,740224
"Neg",36869,"[M-H]-",11.352,"PG 18:1_18:2 (a)","PG",3424180,1909051,1788847,250068,14728,10433,45341,156432,108422,2275,0,3844,0,0,0,0,0,0,2874524,1373200,3190903,3856538,3849453,2084827,2072675,1833760,3648637,3686353,2930509,1236116,2335585,3120736,434900,213075,227322,262197
"Neg",36868,"[M-H]-",11.46,"PG 18:1_18:2 (b)","PG",407655,710792,1788847,10432,4898,52280,5470,33354,108422,2275,0,0,0,0,0,0,0,0,2874524,334917,434744,356751,397096,1404996,2072675,236969,412036,3686353,2930509,1896865,3749818,3120736,2397560,2887570,2091432,3298166
"Neg",38671,"[M-H]-",13.11,"PG 18:1_20:1 (a)","PG",982983,978737,965902,105936,8328,12085,32244,49472,76828,6242,3915,0,2270,0,0,0,0,3644,623125,713555,428689,1763171,1129984,1453722,738076,817113,1627775,2477880,1350337,1175970,535849,256642,1094413,583621,1643310,1434447
"Neg",38672,"[M-H]-",13.287,"PG 18:1_20:1 (b)","PG",286818,304400,160699,17337,5548,0,7342,27370,19993,0,4342,0,2270,0,0,2468,0,0,440903,333888,99220,183331,294814,164295,88851,83597,103577,341180,659835,1436335,1350154,676379,730071,3966736,1954766,3230676
"Neg",38674,"[M-H]-",13.358,"PG 18:1_20:1 (c)","PG",104280,87933,78668,17337,3486,0,3757,4702,0,0,0,0,0,0,0,2468,0,0,74435,333888,99220,100388,294814,164295,88851,52464,103577,260726,203233,1436335,856571,575439,1250987,3882617,4076512,4219169
"Neg",38305,"[M-H]-",11.055,"PG 18:1_20:4 (a)","PG",1014459,979721,948192,9681,37803,51012,19980,7101,9748,3551,4193,0,0,0,5364,22948,0,4673,1829492,1344900,1383228,1541321,1249451,1188948,721861,376419,1305527,1215458,620121,913400,1582932,261350,619038,182125,515716,428324
"Neg",38306,"[M-H]-",11.194,"PG 18:1_20:4 (b)","PG",81079,276488,65463,14348,0,0,0,4813,4685,3551,0,0,0,0,0,2600,5446,0,121363,91593,173097,52476,41607,36642,965361,112086,79226,93204,260246,238285,591407,596134,575253,837601,939384,779968
"Neg",40019,"[M-H]-",11.973,"PG 18:1_22:4","PG",62039,11236,47616,0,0,0,0,0,0,0,0,4685,0,8175,0,4154,0,0,30524,39701,102087,68007,176517,17078,36149,27975,74165,15373,93836,118856,287577,155109,394774,359825,975447,1631686
"Neg",39894,"[M-H]-",11.096,"PG 18:1_22:5 (a)","PG",1834086,1120374,1477997,97490,6429,34698,12202,13494,21709,0,0,0,0,0,0,0,0,0,2364151,2178082,1897696,2405406,2163802,2027929,3107882,815387,1893922,1032205,1462470,650085,493800,113252,275413,123985,268633,121545
"Neg",39896,"[M-H]-",11.237,"PG 18:1_22:5 (b)","PG",165126,1120374,128037,3715,6774,0,4252,0,0,0,0,0,0,0,0,0,0,0,449676,171381,624226,149828,149247,115129,145445,87806,160513,1014670,202760,624387,1772293,1549069,1856540,1526211,2112579,1747664
"Neg",39774,"[M-H]-",10.825,"PG 18:1_22:6 (a)","PG",10973201,9168419,8850592,1000212,387729,411944,323934,323137,385494,0,0,0,0,0,0,0,4792,0,11835348,10393822,11168656,12263138,11607846,11734487,10685574,5594740,11411781,10837083,8839254,10235738,6601115,8975281,9560335,402962,582546,554196
"Neg",39775,"[M-H]-",10.98,"PG 18:1_22:6 (b)","PG",433706,1127741,310848,7661,25968,49061,144,3722,5398,0,0,0,0,0,0,0,0,0,783406,556945,1377601,462955,308880,547594,386556,226912,642073,543138,559471,568825,6453988,8975281,2265478,7157634,10443734,8629448
"Neg",42534,"[M-H]-",10.066,"PG 22:5_22:6 (a)","PG",444232,417651,363451,29023,0,0,0,0,0,0,0,0,0,0,0,0,0,0,481567,430480,465231,516740,538802,439613,241193,218244,467897,286338,425349,401108,433682,349848,394239,265894,19216,314898
"Neg",42533,"[M-H]-",10.152,"PG 22:5_22:6 (b)","PG",444232,417651,363451,4880,0,0,0,0,0,0,0,0,0,0,0,0,0,0,481567,430654,465231,6724,8210,263640,196737,218244,467897,205853,425349,401108,433682,349848,394239,265894,388159,314898
"Neg",42428,"[M-H]-",9.839,"PG 22:6_22:6","PG",1464940,1193184,1125764,97139,25934,30423,0,0,4105,0,0,0,0,0,0,0,0,0,1799706,1353861,1564107,1658432,1571797,1442463,1290908,682377,1417119,1349853,1305869,1259479,1305354,1036838,1190935,770138,1061841,927431
"Neg",40283,"[M-H]-",12.083,"PG 38:1<OOH> (a)","OxPG",1132968,1130448,895271,4122,0,0,0,0,0,0,0,0,0,0,0,0,0,0,1213255,1058575,1174322,1097028,1108599,986118,826120,401476,918524,969097,788084,901742,661828,669441,889048,417209,436388,441988
"Neg",40284,"[M-H]-",12.426,"PG 38:1<OOH> (b)","OxPG",4266269,3851834,3036004,11561,0,0,0,0,0,0,0,0,0,0,0,0,0,4107,4272435,3331410,3961009,2961499,3726213,3312520,3178682,1611801,2703990,3439390,2461984,2613348,1884880,1975314,1353738,1290947,1060597,895308
"Neg",39363,"[M-H]-",13.306,"PG 38:1<oxo>","OxPG",1143776,1025991,828771,59978,17265,16413,8947,0,6960,0,0,0,0,0,0,0,0,0,1172972,1098988,1100088,920160,937973,826471,606847,336982,649467,832649,739676,812451,800050,640764,589845,485312,532090,466907
"Neg",39219,"[M-H]-",12.386,"PI 16:0_16:0","PI",297460,235375,152872,286514,6411,19118,0,29338,54217,0,0,25680,0,0,0,0,0,0,159112,551249,381831,809733,254666,628308,559373,360812,917106,1056890,1267839,1397526,1418589,1582012,2451179,1236352,1879232,1764694
"Neg",39084,"[M-H]-",11.408,"PI 16:0_16:1","PI",1055502,1351990,1436989,447604,43077,9565,12142,124004,125241,0,0,8830,0,0,0,2769,0,0,1516452,1970524,2096044,2059541,1432076,1687004,1736054,1140277,2676289,2832915,3519811,3661341,3801487,3968346,5442227,2878251,4295420,4108578
"Neg",39892,"[M-H]-",11.947,"PI 16:0_17:1","PI",127802,198086,190296,39999,0,0,0,0,5669,0,0,0,0,0,0,0,0,0,113497,336496,370777,151602,267331,217501,297481,116629,515684,439604,548658,750862,595652,581345,964352,427704,673608,645923
"Neg",40847,"[M-H]-",13.565,"PI 16:0_18:0","PI",29965,125388,120661,134125,17223,39894,0,11814,15300,0,0,0,0,0,0,0,0,0,41564,282428,442409,502673,219500,470428,454454,269329,417953,614991,1410606,1323088,1364796,1649923,1819755,1012982,1568170,1551140
"Neg",40710,"[M-H]-",11.635,"PI 16:0_18:1 (a)","PI",1124852,1217320,1198313,84453,0,0,0,21670,3383,0,0,0,0,0,0,0,0,0,1370934,1821018,1718458,588849,1337153,1085456,1458560,830499,1980745,1427197,1614137,2276966,1929123,1815262,1938155,1075365,1229467,1189500
"Neg",40711,"[M-H]-",12.487,"PI 16:0_18:1 (b)","PI",11264070,13811220,14321353,4840154,914421,903093,481165,1695267,1745890,204884,47236,261849,2902,0,33368,177616,10715,0,15603525,18437388,19502905,23254545,15054588,21290620,18604472,12129335,24788263,27997591,34443802,37757253,38989350,37696049,56782646,29516206,43579659,42395123
"Neg",41988,"[M-H]-",11.429,"PI 16:0_20:4 (a)","PI",1960186,2333218,2322347,465378,79365,77899,11034,6782,14610,0,0,0,0,0,0,0,0,0,2613135,3170839,3465228,3574205,2796159,3181700,3012302,1973514,4479089,5111802,5859116,5905607,6185643,5867447,9223567,4129882,6421750,6326243
"Neg",41986,"[M-H]-",12.162,"PI 16:0_20:4 (b)","PI",577074,549711,571435,18031,0,5520,0,0,0,0,0,0,0,0,0,0,0,0,691198,586726,685915,536761,628382,655785,192520,200468,441233,439573,392815,573732,372373,385139,472365,237099,233745,267159
"Neg",41877,"[M-H]-",10.728,"PI 16:0_20:5","PI",53450,78156,96594,0,0,0,0,0,0,0,0,0,0,0,0,0,0,0,69762,149289,152278,135657,90220,171928,95214,52770,166626,113074,219329,232972,282605,264787,431423,164204,305371,262063
"Neg",43396,"[M-H]-",12.229,"PI 16:0_22:5","PI",1556188,1372129,1436096,222091,58852,45502,32065,85810,39758,22588,13947,0,0,0,5690,3954,6954,0,1473699,1530060,1282825,1459991,1433087,1547695,1462739,1272591,1995844,1720902,1546084,1592828,1719808,1659072,1865287,773566,1542570,1780111
"Neg",40584,"[M-H]-",11.505,"PI 16:1_18:1","PI",4231040,5284737,5351882,1408555,211333,222224,147317,425136,497670,11253,0,13819,0,0,0,30370,0,0,5713551,6699992,7259580,7721269,5838534,6415363,6793747,4341780,9937813,10986132,11787941,14039988,13726916,12809370,19910826,10537183,15285407,14596888
"Neg",41566,"[M-H]-",13.076,"PI 17:0_18:1","PI",719082,838828,554301,285615,22656,24841,11480,44818,54795,0,0,4436,0,0,3496,3048,3437,0,478304,1295651,1092052,808378,979716,1151207,1053462,755865,1228486,1738943,2261478,2343186,2351842,2549604,3542721,1633695,2756545,2272137
"Neg",42771,"[M-H]-",11.953,"PI 17:0_20:4","PI",230646,312327,311805,21695,4931,6166,0,0,4468,0,0,0,0,0,0,0,0,0,309857,455098,445658,425017,367359,428696,366578,245700,608033,670259,793744,874445,780650,737519,1161441,557896,811369,755380
"Neg",41436,"[M-H]-",12.04,"PI 17:1_18:1","PI",585225,698795,723540,172850,8537,3933,0,6238,28545,0,0,0,0,0,0,0,4214,0,781323,1018306,1024675,1278350,821935,981272,899420,565153,1359536,1475324,1711923,1915142,1814487,1901517,2898759,1402330,2146416,1899132
"Neg",42440,"[M-H]-",14.835,"PI 18:0_18:0","PI",20014,27006,25347,11148,0,0,0,0,0,0,0,0,0,0,2729,2634,0,0,13760,51563,39032,53143,25197,42847,14344,32925,49565,94972,142899,120110,73039,139060,220713,51105,131538,158984
"Neg",42327,"[M-H]-",13.701,"PI 18:0_18:1 (a)","PI",10881368,13710061,14686065,6020624,1295147,1200243,843259,2076712,2319154,161816,7247,301593,13546,3063,77364,203377,5555,25997,13596186,20247609,17859645,21018198,13567941,19351938,15369092,12550126,23954412,25305080,32663392,35977353,34153889,35814900,48618736,27967968,42885830,37609058
"Neg",42328,"[M-H]-",14.03,"PI 18:0_18:1 (b)","PI",543177,594844,567583,158990,11465,14675,12977,39582,48548,0,0,2903,2432,0,0,0,0,0,476195,798756,935348,1043953,625338,888236,715436,595739,1134331,1142222,1614698,1741758,1437265,1532935,2383052,1168648,1960809,1522459
"Neg",43844,"[M-H]-",14.904,"PI 18:0_20:1","PI",1033848,1399102,1568879,346976,34389,23847,10837,63810,101744,0,0,0,0,0,3428,0,0,0,1486159,2155409,2104586,2301758,1666035,2217935,1497410,1372950,2448022,2615199,3986355,3672280,3453521,3490210,5264539,2767875,4116526,3512126
"Neg",43738,"[M-H]-",14.18,"PI 18:0_20:2","PI",2481716,2843836,3125371,665499,115784,32557,96245,216468,214423,2432,0,3395,0,0,2851,1972,0,0,3155099,4198829,4161739,4450056,2951593,4454299,3333536,2548929,5037434,5427951,6562795,7566454,7190272,6915889,9929594,5294724,8064053,6860255
"Neg",43610,"[M-H]-",13.019,"PI 18:0_20:3 (a)","PI",4533930,5396582,5793343,1290837,195808,219345,137051,311910,285483,0,0,0,0,0,0,0,5595,0,5926415,8001819,7858135,8397434,6466913,8257647,6444036,4670714,10253514,10578119,12582087,13643956,8506953,13449541,18538773,10603725,15589787,13659870
"Neg",43612,"[M-H]-",13.42,"PI 18:0_20:3 (b)","PI",1842600,2302691,2459523,580914,46217,55576,17386,37359,43641,0,0,4908,0,0,0,0,0,0,2463270,3416689,3209223,3903919,2629065,3582449,2651983,2141344,4375115,4707602,6081160,6320266,6134320,5978137,8467600,4487502,6948136,5721540
"Neg",43505,"[M-H]-",12.511,"PI 18:0_20:4","PI",16725999,19927286,20296914,5040377,875575,1064652,378160,742008,558755,0,0,0,6435,0,0,0,0,0,24559217,27288209,28739769,31023406,23029184,30009810,26094083,18362550,35176403,41573880,49604929,52404453,52301168,51841766,74309493,35848155,54315815,54862459
"Neg",45117,"[M-H]-",15.229,"PI 18:0_22:2","PI",575524,726694,688883,132688,15147,0,0,8958,44591,1918,3939,0,0,0,0,0,0,4139,686850,1014980,911441,1164485,669784,950906,728029,553748,1071537,1253810,1716660,1667383,1497304,1570937,2043382,1096934,1898079,1585931
"Neg",44923,"[M-H]-",13.344,"PI 18:0_22:4","PI",1066230,1397975,1414022,267702,20136,12029,0,9088,5347,4014,0,0,0,0,0,3615,0,0,1481744,1978591,2059399,2183710,1726946,2208350,1634961,1132506,2561355,2935702,3909718,4038210,3639664,3810834,5040887,2266550,4294548,3640143
"Neg",44819,"[M-H]-",12.496,"PI 18:0_22:5","PI",2245190,2581884,2743005,622256,79027,70286,7223,9042,52704,0,0,0,0,0,0,0,0,0,3052194,3517225,4031951,4219296,3075078,4135503,3341432,2267008,2757415,5498673,6220431,6897877,6949352,6825075,9452896,4814657,7167170,6730984
"Neg",44719,"[M-H]-",12.145,"PI 18:0_22:6","PI",1284202,1385931,1585679,276467,33832,15854,0,23076,0,0,0,0,0,0,3022,3647,0,0,1773366,1995522,2193064,2512562,1813453,2304563,1686999,1158894,2753694,3055385,3247222,3935968,3611579,3540887,4970656,2234158,3605067,3283487
"Neg",42202,"[M-H]-",12.591,"PI 18:1_18:1 (a)","PI",19320705,23475788,23750907,6673192,1171860,1326729,1114175,2281411,2557527,225880,14531,272262,6258,0,60468,197854,0,4960,26293590,32569850,33044785,36097535,25866304,32327428,30280149,19451768,21980408,45248198,53338566,58527395,62122895,57907962,80486841,47201702,69919120,61867744
"Neg",42201,"[M-H]-",12.942,"PI 18:1_18:1 (b)","PI",1683627,2173056,2116333,395029,111292,164435,145299,242839,232167,45576,10116,24889,4126,13631,2906,27085,22360,10202,2373289,2606014,2708068,2760727,2740996,2889556,2547287,1849250,4037553,4346433,4258961,5176871,5224776,5577688,6200349,4051035,5501546,4967315
"Neg",42086,"[M-H]-",11.719,"PI 18:1_18:2 (a)","PI",886560,1052919,1086891,208711,4086,5011,0,10496,26721,0,0,0,0,0,0,0,0,3913,1298974,1367140,1584004,1621147,1262225,1593686,1390813,969182,1922468,2214969,2438653,2786748,3044054,2676562,3830916,2107493,2638750,2764682
"Neg",42085,"[M-H]-",11.895,"PI 18:1_18:2 (b)","PI",922223,1128055,1234355,212585,6931,4355,0,20076,10509,0,0,0,0,0,0,0,0,0,1377593,1584535,1703534,1119887,675639,1729128,1626049,969205,2278928,2333208,3019882,3268532,2418420,3100056,4401790,2359555,3632750,3602561
"Neg",42996,"[M-H]-",13.158,"PI 18:1_19:1 (a)","PI",511166,670145,963838,130016,6659,13120,0,6169,16419,0,0,0,0,0,0,0,0,3271,465256,936922,1214971,1584455,394561,1298090,997666,848812,1207139,1936340,2354079,2668606,1111408,2614841,3501260,1951790,3045919,1898782
"Neg",42995,"[M-H]-",13.548,"PI 18:1_19:1 (b)","PI",92546,221448,253446,222977,45231,29799,125513,147372,211603,19811,10983,9573,0,0,0,0,7493,0,271377,422581,271271,357423,285302,371419,548042,690119,871781,555533,688172,786631,493689,1438079,1796639,945756,965725,1397995
"Neg",43736,"[M-H]-",13.781,"PI 18:1_20:1 (a)","PI",905882,2003552,2541868,438200,117510,18801,42484,213833,208580,0,5118,10393,0,0,0,2986,4054,0,2108588,4099438,4096573,3769920,4703860,3115214,2773451,3913299,4239627,4549869,4772877,7481685,5128118,7508646,10150833,5832220,13946446,6050877
"Neg",43737,"[M-H]-",13.851,"PI 18:1_20:1 (b)","PI",1429726,2829061,2323625,985840,102561,77394,37014,112466,146422,0,0,10393,0,0,0,2986,0,0,2970797,2605153,4096573,3641686,4703860,1282595,740684,3913299,3873161,4329131,6098736,4883587,6099764,7508646,10150833,5832220,13946446,6232038
"Neg",43611,"[M-H]-",12.774,"PI 18:1_20:2","PI",1428823,1528978,1702710,208926,3799,0,4277,78045,75791,0,0,0,0,0,0,0,0,0,1716796,2350430,2217170,2287291,1775340,2412320,2020144,1293116,1800181,3240468,2433797,4116519,2020702,3720936,5476339,3029298,4602025,3890485
"Neg",43506,"[M-H]-",11.981,"PI 18:1_20:3","PI",976703,1136068,1482887,259341,12905,4421,5223,16757,15853,0,4200,0,0,2658,3002,4914,4915,0,1521649,1780498,1965055,2176849,1665778,1914645,1836810,1115758,2603831,3011201,3388960,3516167,3503810,3126833,4375092,2497252,3490559,3929325
"Neg",43395,"[M-H]-",11.518,"PI 18:1_20:4","PI",7527938,9630585,9125395,1879376,265122,281501,94561,220215,199153,0,0,0,0,0,0,0,0,0,11225447,13008440,14151801,13420061,11581559,13298391,11987082,7558808,18470174,18421936,22403250,24020125,24570621,22475392,35206958,16357956,25006543,24789508
"Neg",43303,"[M-H]-",10.822,"PI 18:1_20:5 (a)","PI",216664,236691,287294,5039,0,0,0,0,0,0,0,0,2771,0,0,0,0,0,320501,399702,405040,427373,308720,469988,337026,210658,501585,591776,641908,731695,778828,691799,1108611,507586,732948,640180
"Neg",43304,"[M-H]-",11.127,"PI 18:1_20:5 (b)","PI",468442,487699,454434,4803,0,0,0,0,0,0,0,0,0,0,0,0,0,0,213189,589487,665543,247830,527423,656253,504756,300158,651495,681327,633751,911400,1058404,637024,1002295,451004,959243,528349
"Neg",45016,"[M-H]-",14.037,"PI 18:1_22:2 (a)","PI",634623,759424,753890,138021,4631,7545,6585,18008,15196,0,0,0,0,0,2969,1691,3844,3879,851903,997244,1032470,1130773,718549,1046155,908651,579197,1298416,1390599,1625501,1793331,1759095,1818645,2402638,1304553,2039962,1794181
"Neg",45015,"[M-H]-",14.329,"PI 18:1_22:2 (b)","PI",61162,197801,168130,48834,3101,4311,0,4870,0,0,0,3705,0,2215,0,2846,0,0,376934,498509,551588,581745,471168,500637,169973,304199,591256,737546,823116,889041,804207,844979,1297797,718468,907977,863888
"Neg",44820,"[M-H]-",12.284,"PI 18:1_22:4","PI",168224,252713,350658,10581,0,0,0,0,0,0,0,0,0,0,0,0,0,0,325782,621331,613957,287323,259399,498129,529096,192037,694943,1001457,1149779,1174551,654190,1262277,1620665,815889,693413,832915
"Neg",44720,"[M-H]-",11.518,"PI 18:1_22:5","PI",716679,865096,888158,139270,3237,4130,0,5860,0,0,0,0,0,0,0,0,0,0,1005356,1203219,1341541,1274200,1066723,1200738,1047957,711870,1657948,1826942,2073129,2142928,2248814,2023671,3206698,1503489,2282665,2182194
"Neg",44619,"[M-H]-",11.205,"PI 18:1_22:6","PI",367726,458818,476122,42051,0,0,0,0,0,0,0,0,3711,0,0,0,0,0,530610,678566,795831,577802,571508,662758,760717,346653,840533,1029768,1139333,1264107,1166160,1085589,1626012,704768,1144207,1054052
"Neg",44101,"[M-H]-",12.013,"PI 19:1_20:4","PI",150720,244991,356184,17344,0,0,3966,0,0,3182,0,0,0,0,4984,3680,0,9126,277666,451762,413534,362569,452882,381690,395013,310171,653243,722713,853376,944710,752246,911055,1320893,585279,877054,843812
"Neg",34454,"[M-H]-",11.546,"PS 16:0_16:1","PS",3794233,4377180,4405642,60187,5740,59257,14748,83555,30399,2316,0,4153,0,0,0,0,0,0,4840697,5918059,5652744,2295568,4390615,5463004,5757880,3688387,7787458,6654253,7223020,9198595,8608727,8771079,10516551,5815409,8087362,6339935
"Neg",36139,"[M-H]-",12.657,"PS 16:0_18:1 (a)","PS",25266882,28858857,29614469,1161668,247015,683611,681000,1249226,733747,155284,0,67377,0,0,20244,41158,0,0,31498253,40258245,39635509,37958695,29648551,37183304,36309610,24654209,46632877,45587895,48604615,57368306,56899812,55710450,65709552,37436270,53531149,44012614
"Neg",36137,"[M-H]-",13.409,"PS 16:0_18:1 (b)","PS",247284,823174,507785,9047,0,0,0,3625,0,0,0,0,0,0,0,0,0,0,254096,1072806,927702,888478,261544,489801,378754,185319,366735,950215,729639,709442,489063,393479,951958,705514,965553,904706
"Neg",37533,"[M-H]-",11.546,"PS 16:0_20:4 (a)","PS",691994,708996,715515,0,0,0,0,0,0,0,0,0,0,0,0,0,0,0,732252,961732,1034280,849882,715316,926484,893260,559344,1204322,1113078,1247125,1471264,1317916,1229913,1727028,713178,1046911,895098
"Neg",37532,"[M-H]-",12.641,"PS 16:0_20:4 (b)","PS",1076789,2619016,2640329,188776,29352,56198,165546,231135,200008,3448,0,5227,0,0,0,0,0,0,1648198,2295392,2790009,3060969,2653314,3030400,2574435,1710899,3204685,2234947,3044236,3324544,2155306,3164740,3511778,2128407,3124430,2697049
"Neg",39131,"[M-H]-",11.605,"PS 16:0_22:5 (a)","PS",1613721,1742052,1589401,3539,4592,10206,0,0,0,0,0,0,0,0,0,0,0,0,1120936,1193639,2240839,2111556,1138055,2080984,1433117,1369632,3019736,2593157,2625055,3298113,2100673,2766470,2650901,1694912,2367447,1326184
"Neg",39133,"[M-H]-",12.6,"PS 16:0_22:5 (b)","PS",0,0,0,4946,8261,8357,0,0,0,0,0,0,0,0,0,0,0,0,0,0,15422,92658,0,20290,44397,9350,0,72466,81940,160838,111894,114636,343247,590400,871053,721955
"Neg",39000,"[M-H]-",11.223,"PS 16:0_22:6","PS",497944,586174,626408,0,0,0,0,0,0,0,0,0,0,0,0,0,0,0,696752,764867,847562,730872,562134,722781,821108,388422,984764,931870,884231,1200428,986370,933737,1266493,498278,791698,619500
"Neg",36015,"[M-H]-",11.662,"PS 16:1_18:1","PS",1871832,3841052,1921896,31883,2902,9499,3646,25508,22786,0,0,0,0,0,0,0,0,0,4074092,5127719,5068913,1668349,1897100,4634467,4815216,2767561,6285713,5287428,5984495,7313595,6078388,7141077,8903389,4706208,6156661,5743952
"Neg",37007,"[M-H]-",13.259,"PS 17:0_18:1","PS",1510556,1888681,1886810,44122,4538,16203,25602,27235,9715,2973,0,3695,0,0,0,0,0,0,1971874,2827816,2770044,2857661,2295204,2739606,2452881,1679253,3768607,3034476,4265423,4327055,4583195,4752697,5586846,3053637,4451320,3685308
"Neg",37875,"[M-H]-",13.878,"PS 18:0_18:1 (a)","PS",39557188,44264569,46298773,1545701,365973,1187173,1051932,1673400,992009,150097,3578,377889,2704,3218,79505,213387,30710,14864,50176647,64354870,61939571,59547278,45934085,61471092,52409519,36330766,73723288,75449395,75287609,88122403,82587823,84038200,110852886,54539516,76836083,64459663
"Neg",37879,"[M-H]-",14.46,"PS 18:0_18:1 (b)","PS",794510,845436,1542217,7806,3142,13671,4110,29999,20440,2631,3593,0,0,2931,0,0,0,0,1258064,922778,1158299,1394544,1037378,980156,592596,488877,2237287,783472,983581,986619,855086,2750889,1072790,2128029,1091933,2886716
"Neg",37877,"[M-H]-",14.865,"PS 18:0_18:1 (c)","PS",292689,544723,366716,3389,0,9633,0,8742,4407,5432,0,0,0,0,0,0,0,0,332962,507677,483820,447046,299629,632262,373632,583376,629449,576671,1103948,950772,610508,1394063,488463,647462,1170981,368090
"Neg",39371,"[M-H]-",13.168,"PS 18:0_20:3","PS",3564189,3967161,4070863,39941,5277,6774,12938,5369,5708,0,0,0,0,0,0,0,0,0,4262725,5986911,5682723,5835838,4444884,5788344,5018727,3436228,7123045,6739698,7105059,8265498,8220271,8004221,9875103,4817323,6996140,5770224
"Neg",39885,"[M-H]-",12.96,"PS 18:0_20:3<OH> (a)","OxPS",879211,939695,754896,9295,22264,4587,5487,0,0,0,0,0,0,0,0,0,0,0,1062772,1025388,842960,827839,930670,1023115,679481,462989,974546,795936,766430,774170,993913,820083,821755,496029,620847,558918
"Neg",39888,"[M-H]-",12.985,"PS 18:0_20:3<OH> (b)","OxPS",879211,939141,754896,56668,45710,34938,0,0,0,0,0,0,0,0,0,0,0,0,1062772,1005348,833724,788755,908441,989418,656936,452889,953470,795937,740802,766404,976817,796728,788838,496029,561208,532486
"Neg",39887,"[M-H]-",13.196,"PS 18:0_20:3<OH> (c)","OxPS",59390,37307,30485,32817,25947,30351,9351,0,0,0,0,0,0,0,0,0,0,0,38188,70110,62259,37459,37515,31230,76702,90178,63566,162935,179006,120576,68252,52113,26992,90866,81228,123383
"Neg",39261,"[M-H]-",12.65,"PS 18:0_20:4 (a)","PS",3662918,4060959,4774426,62218,4426,23464,4417,7459,0,0,0,0,0,0,0,0,0,0,4722442,5850606,5535837,5420311,4791091,6129040,5781825,3370326,6362477,6546651,6707092,8385542,7738699,7152655,8305463,4686435,6858006,5434594
"Neg",39260,"[M-H]-",13.858,"PS 18:0_20:4 (b)","PS",7420365,7362990,7169626,898581,297016,438108,619469,860073,896775,76482,21788,135219,2200,0,3300,90020,3441,0,9464770,6876669,8191809,8683028,7563201,8995480,6779082,3975017,8346637,8054528,8161493,9154677,8753623,8630790,9457943,6083990,7970548,7013291
"Neg",39132,"[M-H]-",11.841,"PS 18:0_20:5 (a)","PS",834519,1044224,1041432,0,0,0,0,0,0,0,0,0,0,0,0,0,0,0,1009094,1277619,1438769,1277880,1063338,553651,1270937,707623,1688807,663436,1687251,725449,1158252,1752495,1884673,869522,1356301,1121501
"Neg",39129,"[M-H]-",12.806,"PS 18:0_20:5 (b)","PS",1596512,1578506,1696740,105185,7604,7373,11522,31372,55789,0,0,0,0,0,0,0,0,0,1716684,2169709,1924688,2036629,1616525,1816014,1816286,980735,1052338,1778383,2316912,2180236,2226625,2051809,2246466,1380147,1866376,1447505
"Neg",41004,"[M-H]-",14.523,"PS 18:0_22:3","PS",254626,391014,374437,0,0,0,0,0,0,0,0,0,0,3942,0,0,0,0,412520,195320,595955,298126,381897,393204,154328,89121,207777,567616,707381,852906,466973,875228,1017135,152281,608780,518960
"Neg",40892,"[M-H]-",13.5,"PS 18:0_22:4 (a)","PS",1484968,886886,2103495,11368,7772,8654,8848,12852,0,0,0,0,0,0,0,0,0,0,1530221,2753796,1554318,2044610,1219497,2548836,1968100,1591185,2614174,2891497,4272647,3962017,3670946,1662336,2574404,1100631,3131760,2487112
"Neg",40889,"[M-H]-",15.155,"PS 18:0_22:4 (b)","PS",697862,439568,595321,9475,2536,2850,7395,12961,16068,0,0,4159,0,0,0,0,0,0,767589,773031,682832,718870,613163,623924,399229,258264,577537,661387,526611,680864,583253,497867,717745,410580,274401,466402
"Neg",41248,"[M-H]-",13.15,"PS 18:0_22:4<OH>","OxPS",56802,60307,46445,6716,0,0,0,0,0,0,0,0,0,0,0,0,0,0,95455,129840,106622,112743,129426,130084,85287,44319,96340,40165,33934,50990,41360,59417,105265,32716,26052,11051
"Neg",40763,"[M-H]-",12.632,"PS 18:0_22:5 (a)","PS",19752392,21804035,21816781,170930,32449,202467,107663,147844,48187,8383,0,3903,0,0,8503,4020,0,0,24595465,34862588,36576552,30473044,27801848,29443409,31849946,16597081,38651796,33421059,33989467,37884172,34407314,36347518,43314161,20081109,29706122,26464418
"Neg",40762,"[M-H]-",13.405,"PS 18:0_22:5 (b)","PS",279357,211686,208680,0,0,4850,0,0,0,0,0,0,0,0,0,0,0,0,225938,238750,281888,334652,306894,234818,131752,104313,264362,219186,354911,129157,180504,173151,366798,71306,344118,333414
"Neg",40760,"[M-H]-",14.265,"PS 18:0_22:5 (c)","PS",336460,519204,516636,14263,8708,14073,6244,12977,3634,2066,0,0,0,0,0,0,0,0,625694,494527,516751,503595,536058,513420,387751,225585,434005,469766,403964,685598,542032,652622,767871,354978,371857,178891
"Neg",40630,"[M-H]-",12.273,"PS 18:0_22:6 (a)","PS",9318863,10472113,10944663,222796,96193,105413,51403,41401,0,0,0,0,0,0,0,0,0,0,12080294,15032405,13795606,12681626,12013482,15545061,14840816,8997027,18369464,16649697,18473080,21416770,20424347,19770436,23777997,10973888,14215481,13221733
"Neg",40628,"[M-H]-",13.143,"PS 18:0_22:6 (b)","PS",138155,193807,360004,0,0,0,4991,0,0,0,0,0,0,0,0,0,0,0,281568,377444,304565,266482,149278,212053,299840,217737,299160,210594,506678,283868,132842,720310,400229,127634,290520,175275
"Neg",31486,"[M-H]-",7.28,"PS 18:0_9:0<oxo>","OxPS",9029,1748,11272,0,0,0,0,6918,5157,0,0,0,30,0,177,0,0,0,36566,36133,0,88130,0,0,0,14592,0,10356,0,0,0,0,0,11009,3036,0
"Neg",37764,"[M-H]-",12.773,"PS 18:1_18:1","PS",19805408,23393628,24412712,421268,41027,432398,351131,519895,359451,7747,0,17900,0,0,0,6906,0,0,25252678,27613859,30951951,28075383,20941190,30273297,29681438,19101102,36262993,32054653,39056080,43997038,17703534,42664093,48508567,28507347,37997685,31872343
"Neg",37647,"[M-H]-",11.862,"PS 18:1_18:2 (a)","PS",598916,436925,643689,5304,0,9107,0,0,0,0,0,0,0,0,0,0,0,0,618974,731985,470468,581971,678956,515538,739247,485550,928198,972547,943293,1354753,862077,1099699,1338821,541665,915458,913558
"Neg",37648,"[M-H]-",11.99,"PS 18:1_18:2 (b)","PS",792908,925183,866066,3856,0,9107,0,0,0,0,0,0,0,0,0,0,0,0,1125084,1432051,941468,734693,967461,1078277,892326,211931,1767481,1246180,1370577,1302110,1981736,1564239,1068885,1423244,1743973,1453342
"Neg",37649,"[M-H]-",12.858,"PS 18:1_18:2 (c)","PS",0,0,0,0,0,0,0,0,0,0,0,0,0,6909,8337,0,0,0,28382,0,36679,7453,11057,11983,9428,0,7640,0,0,6833,78530,36409,107926,614611,344095,454325
"Neg",39471,"[M-H]-",13.944,"PS 18:1_20:1","PS",3463546,3236210,3393692,29016,4943,15730,18517,58897,5674,1950,3307,7381,0,0,0,2846,0,0,4230550,5932894,1910135,5355098,4082913,4389111,4831000,3166420,7164589,6294326,6874845,6262805,4377225,6885441,9167783,4580998,6615275,5549681
"Neg",39995,"[M-H]-",13.915,"PS 18:1_20:1<OH>","OxPS",0,0,0,0,174025,289166,8419,0,0,0,0,0,0,0,0,0,0,0,0,0,0,0,0,0,0,0,0,0,0,0,0,0,0,0,0,0
"Neg",41122,"[M-H]-",15.276,"PS 18:1_22:1","PS",2911402,3201036,3251281,3824,2488,3520,7206,8918,3598,0,0,0,0,0,0,0,0,0,3119995,3894795,4391078,4258645,2948098,2052662,3618756,2362853,4817524,4143880,5320977,5831037,5204647,5410404,6388447,3463341,5124482,4303878
"Neg",41440,"[M-H]-",15.649,"PS 18:1_22:1<OH>","OxPS",259073,295586,196530,3030,2280,3522,0,3250,2825,0,0,0,0,0,0,0,0,111,383292,393729,322859,340961,352944,297788,231090,150464,248516,220494,224877,269342,251466,195675,205462,148144,207926,155175
"Neg",41007,"[M-H]-",14.214,"PS 18:1_22:2","PS",66854,185760,163510,0,0,0,0,0,0,0,0,0,0,0,0,0,0,4090,176982,320611,245693,383564,170055,309834,389732,196004,498262,238422,548825,470086,591081,353883,694715,138491,474660,327395
"Neg",40629,"[M-H]-",11.629,"PS 18:1_22:5","PS",2456810,2626447,2649851,46583,17187,7131,0,3926,2970,2722,0,0,0,0,0,4094,0,0,2755543,3193852,3406704,3073342,2805001,2658678,2707641,1770675,4113731,3423882,3352353,3487145,1215014,1221567,1575714,759818,1049561,2416445
"Neg",40513,"[M-H]-",11.299,"PS 18:1_22:6 (a)","PS",1628436,1993132,1845741,31991,41350,115887,0,4614,0,0,0,0,0,0,0,0,0,0,2005304,2551095,2598019,2112882,1938566,2291359,2281445,1411672,2761267,2876654,2723503,3193924,3040324,2959067,3427672,1713056,2283725,1852202
"Neg",40512,"[M-H]-",12.557,"PS 18:1_22:6 (b)","PS",2756885,2659855,2423058,457605,230243,147928,214774,59376,81633,5502,0,15730,3665,7311,4971,4244,7573,5883,3074638,3168335,2494691,3075043,2975855,2674797,2346837,1278536,2251128,2555625,2527048,2224890,2468276,2377489,2329909,1612470,2049602,1952404
"Neg",42717,"[M-H]-",16.725,"PS 18:1_24:1","PS",872988,483140,1158842,0,0,7670,6323,0,0,0,0,3804,0,0,0,0,0,0,1179398,1495340,1438203,1411706,416168,563497,1096795,449594,1555022,1428424,1808640,1797513,1745777,1556473,2007730,688475,1578733,905192
"Neg",42601,"[M-H]-",15.454,"PS 18:1_24:2","PS",193545,312225,127033,0,0,0,0,0,0,0,3553,0,2497,0,2410,0,0,0,230134,170122,222672,133678,279108,259183,309740,113464,488795,460345,401072,336181,524432,229907,584290,144290,358830,245329
"Neg",39590,"[M-H]-",15.229,"PS 20:0_18:1","PS",1872211,843650,2249717,7694,0,11393,8388,21205,2906,0,0,0,0,0,0,0,0,0,2589531,1226690,3276434,1715121,2076465,2096236,2453229,1592701,1517271,3415327,3468528,4311980,4083220,4005806,4218801,1031157,3875777,3057585
"Neg",43774,"[M-H]-",13.862,"PS 20:1_24:5","PS",904295,975477,1236512,435436,43537,20089,9549,33279,39971,0,0,0,0,0,0,4286,0,0,1418519,1556211,2270736,1666713,1013428,1744200,1768242,1016802,1801217,3093271,3330818,6405843,4119629,6170806,3285693,2470093,4941265,3039923
"Neg",41248,"[M-H]-",16.753,"PS 22:0_18:1","PS",1269892,1760199,1961058,0,0,4034,5011,21627,5518,0,4006,0,0,0,0,3295,0,3998,887628,3208880,1200121,2356256,2048954,2359714,1953026,1575354,2842926,2196865,3287387,3525322,3719498,3870840,3955466,1838317,1467520,2497802
"Neg",42842,"[M-H]-",18.379,"PS 24:0_18:1","PS",755107,514556,1355382,3928,0,4375,0,9622,0,0,0,0,0,3395,0,3454,4565,0,1253885,927039,1582250,929526,1333858,1627280,1244698,939590,1662003,1838026,2251463,2373514,2188800,1978870,2378864,655378,830932,1735522
"Neg",37676,"[M-H]-",12.953,"PS 34:2<2oxo>","OxPS",0,0,0,338643,785612,1384960,147823,272313,228734,142070,190675,181337,64652,132861,99515,71370,57038,73108,0,0,0,0,0,0,0,0,0,0,0,0,0,0,0,0,0,0
"Neg",40737,"[M-H]-",12.372,"PS 38:3<2OH>","OxPS",18513000,18075514,18226542,6098705,3005651,3734640,4717326,5628284,6423575,1381376,729643,1525744,321974,148020,633158,436501,433221,295452,22858414,19798291,17981786,19799643,19630127,20664351,18894014,10562903,19122769,17818652,17260930,18033502,21085457,18331109,21680184,16880394,18637933,19744476
"Neg",41344,"[M-H]-",14.234,"PS 40:2<oxo>","OxPS",3207526,2823474,2701846,788687,521131,572295,293512,259398,313065,0,0,0,0,0,0,0,0,0,3382530,3690488,2973348,3080275,3048876,3012137,2650259,1470501,2785487,2709142,2474943,2338458,2616398,2185340,2272820,1495177,1826505,1456517
"Pos",39522,"[M+NH4]+",22.025,"TG 14:0_14:0_16:0","TG",3268683,2964794,2522664,1361573,1527532,1347239,1204147,1782413,1745205,1451449,1165571,1142999,1325215,1455657,1330742,1260711,988508,1175745,3798667,3374601,3604049,3041578,3839125,2885809,2198670,1848598,2199608,2539811,2743811,2891804,2825858,2264946,2395076,2261479,2723025,2327734
"Pos",39345,"[M+NH4]+",21.189,"TG 14:0_14:0_16:1","TG",1598022,1400235,1280794,377478,283042,352110,732420,662632,911055,935231,735478,767119,689576,802632,303560,747827,685631,569219,1660863,1644264,1633299,1245291,2070671,1291061,1331788,799068,1262263,1335662,1291467,1254631,1424652,1232289,1186661,1228409,1404309,946403
"Pos",40894,"[M+NH4]+",22.395,"TG 14:0_15:0_16:0","TG",1094070,1648799,1541064,741351,766352,599304,1120024,835608,747190,831400,636181,1107729,487626,522770,560984,1113792,588908,657938,1556807,1905773,1758554,1729649,1477292,1123669,984572,1559320,1590040,1524259,1560323,1607148,1747392,1316041,998296,1411601,1103674,1431436
"Pos",40700,"[M+NH4]+",21.64,"TG 14:0_15:0_16:1","TG",1068933,896526,763654,355401,477496,292947,398495,226409,333186,227980,403039,164078,162889,368403,355963,225964,367212,261914,613482,534551,558735,476720,1682068,555179,403731,553169,358009,467504,563052,482049,483865,862586,782177,349297,420839,530430
"Pos",42346,"[M+NH4]+",22.758,"TG 14:0_16:0_16:0","TG",27682373,24096744,19581883,8254916,8059204,7724706,7028751,10331145,11028683,9671464,7181684,7635820,5809452,8475508,7474379,6850233,5350147,5415511,31092402,26772189,28276315,26617695,25932023,23942457,15148209,13050937,15660475,18775642,20851647,22304837,21404915,18204995,18923155,18091324,19970387,18435345
"Pos",42149,"[M+NH4]+",22.063,"TG 14:0_16:0_16:1","TG",13572712,12065307,9788777,4395792,4180757,3402541,3425761,4720877,5000380,3285729,2350582,2488247,2088682,2790605,2426764,2369758,2110893,1946424,14722640,12744498,13898905,12125605,14050239,11333937,7947193,7634631,8463129,9425685,10609895,11222476,10446496,9049832,9454942,9019565,10073332,9207679
"Pos",44841,"[M+NH4]+",22.783,"TG 14:0_16:0_18:1","TG",106790508,93755273,74151168,26205624,21748112,19072417,20497127,31553069,33686683,19766697,13679793,15298555,10231539,16355555,13953040,13558406,8938314,10143291,117186455,102488098,108332587,100257240,97521549,92711645,61349060,50658521,60393011,73289421,83883572,87623791,82573578,72993728,73299217,70119221,78292980,71082569
"Pos",46963,"[M+NH4]+",21.89,"TG 14:0_16:0_20:4","TG",422017,336137,295045,43851,51056,101112,53773,30643,45841,80966,66750,29385,41625,57423,44100,29756,46264,47074,365876,387424,232913,224272,294347,281755,208962,207810,301214,236245,269735,260495,297529,165828,309956,243623,190172,89664
"Pos",49500,"[M+NH4]+",21.882,"TG 14:0_16:0_22:5","TG",1143309,872916,814169,137981,92308,179130,58214,107409,119550,6584,13818,9333,3610,8511,13871,11688,4774,4411,1135436,1096133,1020515,501333,942938,842075,656645,539599,754341,830105,900519,750311,797292,871691,667327,711611,785953,759191
"Pos",49325,"[M+NH4]+",21.532,"TG 14:0_16:0_22:6","TG",341561,277501,226365,52076,41008,12784,16789,16099,23565,0,0,0,0,0,0,0,0,0,371852,308225,344780,295589,314181,261934,191188,144376,210234,237506,280678,270624,258141,226724,206107,184709,231086,197817
"Pos",41964,"[M+NH4]+",21.25,"TG 14:0_16:1_16:1 (a)","TG",1361436,1268463,950024,244023,93755,205980,200171,444597,281034,52687,85077,128753,151940,214543,93263,169203,75089,33178,1541611,1380315,1490307,612034,1847080,1214396,333240,845645,651621,986330,1135522,602550,1115422,1057897,931399,1045388,685480,1074644
"Pos",41968,"[M+NH4]+",21.332,"TG 14:0_16:1_16:1 (b)","TG",1361436,1268463,950024,155324,488675,185043,144864,444597,144888,91122,85077,134652,151940,214543,166749,169203,136834,136329,1541611,1380315,1490307,687253,1847080,1214396,576146,162247,383057,986330,1135522,614888,120685,1057897,119089,1045388,449247,1074644
"Pos",44659,"[M+NH4]+",22.099,"TG 14:0_16:1_18:1","TG",23431106,19520775,16456192,6167186,4016729,4547704,4930898,6985960,7554308,3974470,3177143,2281385,1382909,2268476,1727140,1789784,1066498,1128623,24348679,21033483,23592689,20683584,23043095,19023444,13685905,12341469,14728029,16282063,18179538,19788009,18538498,15583826,16167733,15965496,17687762,16096070
"Pos",44441,"[M+NH4]+",21.304,"TG 14:0_16:1_18:2","TG",1107597,366147,722927,136412,90413,43426,76859,180314,170624,80357,29804,33606,24020,11168,44145,25350,12742,14280,971859,823033,925142,511959,885423,646267,526202,398468,606526,383828,591440,724132,600721,310293,549266,641344,658714,398683
"Pos",43737,"[M+NH4]+",23.071,"TG 15:0_16:0_16:0","TG",8765724,7931009,6296444,3280274,3321304,3006273,2850184,4136547,3817038,3785383,2917076,2981046,2685465,3156047,3085944,2838702,2384017,2395290,10179011,8697950,8753684,8181025,9293243,7486344,5513979,5264198,5364782,6215239,7080491,7383892,7249796,6270290,6330839,5905344,6666012,6024991
"Pos",43551,"[M+NH4]+",22.437,"TG 15:0_16:0_16:1","TG",4458579,4193897,3659899,2339482,2174589,2007873,1842017,2311324,2478656,1949314,1670340,1741905,1025236,1827292,1668641,1670302,1525962,1770501,4962140,4773662,4997260,4389761,5747292,4105932,3334926,3381998,3552648,3688486,3900074,4124404,4080452,3437651,3566768,3559291,4001849,3559373
"Pos",46253,"[M+NH4]+",23.102,"TG 15:0_16:0_18:1","TG",24740011,22420281,17437994,6485094,5671962,5172061,5123889,7577897,8036127,5092210,3560003,4077495,2914727,4099966,3693617,3603913,2773557,2975593,28124367,24526704,25746699,23343372,24794989,21771735,14112424,12654054,14793704,17645024,19715159,20667360,19293463,16635107,17076485,16380759,17664819,16903393
"Pos",50754,"[M+NH4]+",22.289,"TG 15:0_16:0_22:5","TG",362025,237922,89885,21230,3689,4056,8950,19946,6732,25014,26200,56501,31572,23557,31525,14314,5603,12423,325479,302916,193944,126256,70362,157709,77758,76172,66080,123770,215402,155497,84769,130426,162518,103819,220791,204364
"Pos",45052,"[M+NH4]+",23.393,"TG 16:0_16:0_16:0","TG",112958149,101073922,81512242,33169386,32621763,31002450,26739580,42453266,43381697,39001667,26202656,29672531,21080782,33633598,29325925,25858920,18225555,20454792,128726751,111549220,118422370,106660110,103133856,105019181,57754436,53668412,62846991,77730013,88923912,92074759,85312972,77728522,77469497,70635744,83695662,77632242
"Pos",46438,"[M+NH4]+",23.675,"TG 16:0_16:0_17:0","TG",9932431,8918119,7295105,3300356,3310349,3244669,2902745,4180533,4229688,3844000,2838548,3134686,2615035,3468396,3214848,2792591,2226130,2448605,11031982,9887191,10427800,9296167,10029111,9139526,5702687,5015444,5962043,6992601,7832932,8136436,7982259,6778929,7073990,6493194,7583820,7089531
"Pos",47764,"[M+NH4]+",23.959,"TG 16:0_16:0_18:0","TG",65937980,56991214,47540590,19834850,19029001,18233638,16387989,24704420,25745162,22262101,15082297,17413430,12688357,20262009,17495721,14971508,10958315,12173782,73686111,65812861,69701732,60649472,60774641,61473803,33055787,30801069,34404824,44185327,52870302,53125368,48382649,42648686,44621417,40982991,47053179,43964624
"Pos",47560,"[M+NH4]+",23.412,"TG 16:0_16:0_18:1","TG",348845108,315958932,254577283,86775830,70053088,63550272,65171432,101582326,114190299,63097292,41460375,48215292,29366362,51139650,42565237,40744404,25589720,29288016,390199508,340880071,365884919,326525184,319091064,317907209,188693889,168007883,195534041,236462294,275645324,287388432,261193592,239522627,238379073,223438411,255564179,236462898
"Pos",49681,"[M+NH4]+",22.64,"TG 16:0_16:0_20:4","TG",2054021,1651807,1277733,626293,333920,418313,212659,236100,261624,74692,66489,78270,57148,80394,65243,77475,35238,39866,1960479,1732226,2179214,1353783,1876689,1472512,1129741,644170,1271424,1292311,1516274,1465791,1566282,1396166,1448768,1178371,1531902,1338447
"Pos",49501,"[M+NH4]+",22.066,"TG 16:0_16:0_20:5","TG",551628,563046,423569,70594,96096,36696,37545,47427,51604,8315,0,0,8105,0,0,0,0,4471,664879,523767,678262,551225,649458,519374,382554,275112,343751,459627,463781,555653,429207,352654,445006,355440,519812,373142
"Pos",51817,"[M+NH4]+",22.321,"TG 16:0_16:0_22:6","TG",2632172,2267158,1810969,671332,533073,549661,298717,396031,462897,10568,7357,47252,10280,28334,10259,27541,33655,6735,2985016,2475731,2599373,2394303,2491668,2249615,1488706,1211828,1522721,1926218,2181706,2147191,2053330,1851429,1861432,1547608,1912147,1756016
"Pos",54082,"[M+NH4]+",25.044,"TG 16:0_16:0_23:0","TG",705368,701018,609608,531774,544476,478722,520278,575851,557773,513978,482488,488764,503758,554727,445830,501482,495682,272760,767896,698411,691116,642757,887808,690153,548416,631077,597291,614825,587260,688098,608628,591222,563653,610024,642477,578697
"Pos",55236,"[M+NH4]+",25.21,"TG 16:0_16:0_24:0","TG",3046921,2729634,2367229,1375234,1338757,1258207,1105256,1599971,1591144,1415986,1146371,1256425,1038697,1330783,1193893,1138330,963969,989977,3347048,2926219,3195599,2883110,3227623,2695755,1889398,1772452,1796400,2263283,2450993,2629630,2442025,2170594,2161560,2035896,2244935,2074079
"Pos",56279,"[M+NH4]+",25.353,"TG 16:0_16:0_25:0","TG",770164,711019,672700,539924,611901,514026,476360,611680,619448,525224,502798,508876,462438,477742,492354,485104,463249,572595,840420,762655,730481,724172,880235,701765,611460,631460,593765,615740,692703,656169,694677,633423,618708,630520,661989,334855
"Pos",62620,"[M+NH4]+",25.954,"TG 16:0_16:0_32:1","TG",479899,405507,343836,152189,91248,95568,113443,159303,189941,115209,47385,79838,45063,98675,56139,61496,67350,65111,461024,428810,443533,427661,488754,426372,257020,242723,260371,303262,348295,341367,349503,305578,278624,319202,357691,281921
"Pos",44658,"[M+NH4]+",22.288,"TG 16:0_16:1_16:1","TG",735347,703534,618846,398501,1150063,389315,365261,438608,400714,359471,309570,1160729,888092,1080462,773809,1163027,970128,872051,896914,848604,831137,792748,1049441,708821,647419,612928,656614,694597,734409,752358,742156,624397,697184,662050,751204,641217
"Pos",46067,"[M+NH4]+",22.471,"TG 16:0_16:1_17:1","TG",5422694,4781942,3871526,1774692,910848,1346578,1338834,1676794,1882761,815886,503816,679813,573841,530240,544095,370855,399336,414927,5570614,4878442,5226845,4990421,5770499,4809796,3351981,3105920,3541329,3837780,4404389,4419611,4482936,3742245,3958128,3860959,4109767,3713139
"Pos",47352,"[M+NH4]+",22.817,"TG 16:0_16:1_18:1","TG",148653896,126797774,100720198,32677378,23442776,20984851,25929848,39391874,43562743,19770802,12890668,14996785,9131687,14514848,12559783,12933932,7913320,9110173,160686131,136208905,147867102,137394159,132977347,126900485,86544626,71984288,86886566,102957920,117991274,124895562,117779132,101433312,103625488,101688833,110784606,99823441
"Pos",46962,"[M+NH4]+",21.519,"TG 16:0_16:1_18:3","TG",810570,609079,689447,110332,95358,59779,144974,123524,146754,55993,34672,27654,25845,30628,26633,28014,18350,22473,918651,778409,822794,581314,750513,718762,504735,463276,399279,667810,584113,670042,665011,587593,628326,573911,645987,545055
"Pos",51818,"[M+NH4]+",21.9,"TG 16:0_16:1_22:5","TG",1692049,1369885,751155,338470,275103,165899,157312,207021,258577,25819,115913,51062,30206,50161,20148,33729,83747,57236,1980384,1657272,1426172,1383453,1559030,1358676,1106057,906407,1298475,1307102,1443016,1236148,1402263,1185637,1298157,1028074,1300610,1195438
"Pos",51635,"[M+NH4]+",21.569,"TG 16:0_16:1_22:6","TG",1083845,891849,768989,220673,155221,90593,30415,43874,95095,0,0,0,0,0,0,0,0,0,1171239,960262,1007516,912933,1009809,879468,638508,529846,690902,889862,941230,895371,849242,749179,740642,712222,801959,721577
"Pos",48918,"[M+NH4]+",23.696,"TG 16:0_17:0_18:1","TG",26116323,22995533,18531066,6593500,5276029,4848446,4999663,7339147,8190821,4984146,3219813,3934276,2660882,3914323,3553433,3298355,2254602,2519966,24722920,24869614,27444272,24194698,25281139,22830234,13829166,10339957,14271978,13844391,18754294,21262468,20379696,17246024,18106986,16738276,19038626,17549307
"Pos",53234,"[M+NH4]+",22.952,"TG 16:0_17:0_22:5","TG",247681,234848,108240,32883,10496,6785,5354,15154,16806,4682,0,0,0,0,0,0,0,0,269121,317464,168858,191837,267029,248383,82610,68809,140528,112505,191988,222269,123232,125357,207742,166093,85838,127901
"Pos",48712,"[M+NH4]+",23.119,"TG 16:0_17:1_18:1","TG",27908488,24412828,18752957,6298025,4405424,3928373,5044127,6935052,8166520,3671057,2302567,2907032,1793235,2889818,2377661,2448683,1682035,1817892,31356820,26175248,28403265,26064816,26740753,24034364,15603637,13960671,16139407,19546880,22618468,23620754,22146967,18916195,19532394,18466463,20721915,19067484
"Pos",53062,"[M+NH4]+",22.286,"TG 16:0_17:1_22:5","TG",361996,353919,256024,31948,0,6701,0,7878,6117,0,0,0,0,0,0,0,0,0,410450,342275,344806,375201,373216,310161,185334,134245,248866,267068,191361,303123,248640,235063,202119,189220,267610,217259
"Pos",50410,"[M+NH4]+",24.442,"TG 16:0_18:0_18:0","TG",15626958,14081317,11037511,5343955,5053330,4807120,4283701,6308255,6711121,5653869,3919704,4582878,3520856,4987251,4535166,3907366,3204226,3396328,17696721,15939140,17277153,14435981,14450212,14153530,7949880,7600725,8341988,10292143,12012134,12530590,11566497,10144250,10476160,9287853,11123164,10152788
"Pos",50217,"[M+NH4]+",23.971,"TG 16:0_18:0_18:1","TG",143389495,124829427,102554031,37259277,29749030,27556465,28233992,43081029,48315609,26623701,17231436,20411247,12836645,22017373,18177375,17437698,11270738,12942975,157103398,139456320,151761500,132932266,132342783,130225103,74470285,68030183,76675910,96053120,114501060,115343973,106107131,92650534,94677575,89091279,101002016,93866645
"Pos",51454,"[M+NH4]+",24.203,"TG 16:0_18:0_19:1","TG",8414180,7393338,5890071,2261619,1927376,1720614,1769202,2608301,2954842,1812289,1138891,1466040,880529,1410953,1248177,1166042,847952,920162,9133354,8081904,8711016,7733038,7688583,7317941,4358844,3926693,4606613,5534815,6627387,6554174,6110911,5380915,5502191,5110087,5855165,5476735
"Pos",52878,"[M+NH4]+",24.854,"TG 16:0_18:0_20:0","TG",3638336,3306492,2785778,1571760,1556924,1509288,1336780,1790586,1818638,1626003,1312807,1480649,1369166,1509742,1467810,1341895,1214646,1242470,4133318,3574798,3787020,3214568,3454815,3286082,2157715,1960298,2154539,2492145,2806400,2954512,2758204,2571439,2433286,2402562,2632450,2388993
"Pos",52670,"[M+NH4]+",24.451,"TG 16:0_18:0_20:1","TG",27314129,24644057,19285472,7699104,5919782,5393766,5638332,8192278,9582022,5430765,3404062,4332684,2647281,4340123,3834813,3745688,2417175,2631810,29887349,27353611,29493045,24621649,24993709,24111089,13906956,12782992,14421704,17567373,21081821,21132429,19852775,16941923,17783357,16266065,18565235,17380083
"Pos",55038,"[M+NH4]+",24.854,"TG 16:0_18:0_22:1","TG",9831129,8734777,6982851,2613037,2320599,2033596,2084171,3074267,3259313,2049483,1460361,1705132,1189379,1657919,1476193,1501420,1035854,1145962,10167187,9141511,10014695,8951951,9015198,8679049,4921293,4558638,5000655,6178956,7209718,7474901,7039802,6097583,6038508,5803823,6466567,6095600
"Pos",54388,"[M+NH4]+",23.23,"TG 16:0_18:0_22:5","TG",3921278,3471721,2427738,766857,277386,515636,209681,393929,643731,106387,20138,32243,8427,35630,13898,51029,41757,11575,4370767,3431711,3185129,4128785,3334898,3215139,2001603,1156073,1991914,3134630,1585185,3115150,2823595,2657523,2785452,2077391,2946831,3159637
"Pos",54224,"[M+NH4]+",23.008,"TG 16:0_18:0_22:6","TG",1916098,1703443,1356087,393109,365647,278059,168292,218308,271447,0,0,4055,0,0,0,0,0,0,2474049,1953271,1937447,1795938,1778567,1691997,1078880,924474,1013501,1351191,1445026,1564195,1512257,1357880,1311029,1191961,1423454,1155853
"Pos",57329,"[M+NH4]+",25.498,"TG 16:0_18:0_24:0","TG",2112343,1958529,1663507,928558,874196,829071,821329,1088919,1009518,949884,783195,805526,653902,942759,828659,782041,617499,659265,2296165,2033375,2104384,1935975,2136658,1881273,1208100,1130328,1219104,1491683,1701726,1590475,1516449,1430837,1469887,1356221,1526385,1387793
"Pos",59366,"[M+NH4]+",25.741,"TG 16:0_18:0_26:0","TG",638291,614634,499570,289083,317218,282119,294386,346283,339876,295984,225881,268451,224017,306581,275664,238655,230833,221343,711550,594480,658681,620554,659471,564086,392146,385826,341734,425722,492350,552090,507153,461088,430038,443305,463870,394250
"Pos",50031,"[M+NH4]+",23.43,"TG 16:0_18:1_18:1","TG",361036628,311775062,257542014,82729992,57322108,50677140,64120238,96942121,112270151,48105902,29669620,37156972,20383262,35109577,29512937,30604095,18399255,21142482,398496058,338780046,371531233,335228191,325629364,321778393,203549068,180007100,210874117,247302335,288794886,302784519,277914611,250907734,247104839,239274958,270202296,247831563
"Pos",49851,"[M+NH4]+",22.855,"TG 16:0_18:1_18:2","TG",87498774,72940034,60398843,19765721,13435863,12077816,16150037,22299075,24851372,10355219,7554809,8604273,5572337,7885949,7118931,7800998,5526552,5876665,95602174,79149090,86703716,80576861,79399786,76360441,52053106,44092333,51836776,61712303,72037861,73680492,70666559,60655049,61611921,60651605,65523244,59730510
"Pos",51252,"[M+NH4]+",23.708,"TG 16:0_18:1_19:1","TG",24694157,21271219,17193259,5507768,3666708,3296604,4242959,6186981,6970599,3079861,1891329,2457185,1396004,2178488,1911857,2015843,1239916,1434770,27363087,23120767,25825184,23111330,23832385,21313874,13347302,11392051,13375014,17153817,19875679,20234067,19730789,16654194,17364052,16331137,18013688,16864444
"Pos",52472,"[M+NH4]+",23.982,"TG 16:0_18:1_20:1","TG",111274231,92721883,78357441,26428669,17999055,16021657,20529479,30392820,35470173,14684341,9099539,11501542,6660153,10719293,8962451,9729507,5821715,6646714,120359190,103385779,114892143,102647813,100638206,99562228,60066214,54014616,60633324,75175978,90541702,90799859,84150781,73754828,73242364,71526261,78263871,73322658
"Pos",51982,"[M+NH4]+",22.617,"TG 16:0_18:1_20:4","TG",6468456,5774410,4863651,1816781,1273758,1274201,913254,761813,801271,157623,73241,315116,95031,45481,61444,84072,160214,83167,7276273,6250340,7039915,6174438,6513637,5856986,4006961,3455873,4240357,4995920,5804623,5483684,5547252,4700238,4800014,4007167,5229820,4838318
"Pos",51816,"[M+NH4]+",22.09,"TG 16:0_18:1_20:5","TG",1053229,1090344,756258,140755,68814,123077,76807,67881,125172,50947,16735,38563,12336,18459,22991,29848,46033,10683,1041985,940247,1267526,1108301,1205199,915592,632278,562449,630856,822547,871304,1017529,835852,744482,769007,570976,840516,714382
"Pos",53406,"[M+NH4]+",23.339,"TG 16:0_18:1_21:3","TG",1574371,1331811,631459,155270,80215,28645,65114,69147,135713,0,0,8794,8644,19262,7413,7402,5239,12784,679802,1667798,261782,833926,1538447,323193,582232,413968,261859,384400,1254316,1530242,671709,290992,1196622,1032411,1087608,580838
"Pos",54389,"[M+NH4]+",23.081,"TG 16:0_18:1_22:4","TG",2950651,4304251,2106554,663403,805566,350877,528118,916967,758717,106387,24224,38299,19245,57303,76867,16326,25890,46677,4865443,2592664,3439680,4431704,5286797,3041967,2983533,2434444,2088100,3451730,3303138,2845703,2069809,3602595,3415967,1973643,1173220,1616479
"Pos",54226,"[M+NH4]+",22.624,"TG 16:0_18:1_22:5","TG",7768198,6391292,5348178,1640490,1068248,1041692,808885,1074901,1341746,28566,27137,42616,5757,4646,19507,11989,4292,8484,9150768,7410369,8070746,7307512,7662931,6755006,4312124,3719544,4617919,5632153,6528530,6451481,6297825,5482667,5536073,4916103,5707192,5102665
"Pos",54064,"[M+NH4]+",22.345,"TG 16:0_18:1_22:6","TG",5170360,4369677,3510258,1124907,778942,687603,450908,591560,763413,0,0,0,0,0,0,0,0,0,5834989,4632372,5267746,4546820,4858146,4419684,2906609,2401244,3001742,3774287,4281231,4354928,3950812,3515324,3652999,3219794,3759427,3462658
"Pos",57017,"[M+NH4]+",24.855,"TG 16:0_18:1_24:1","TG",12268618,10880041,8736149,2846186,2105235,1784385,2218573,3285604,3831675,1728316,1063315,1322671,787737,1202739,1061180,1193310,392343,844081,12781145,11001087,12282507,10891924,10949022,10326388,6434660,5595258,6116342,7720525,9069613,9259254,8626113,7632789,7427951,7461893,8044791,7509094
"Pos",58070,"[M+NH4]+",25.031,"TG 16:0_18:1_25:1","TG",1348150,1169804,1001400,413951,248055,270442,310974,459851,524642,241459,119600,121468,133331,170176,171024,131878,51816,112011,1466925,1236933,1383982,1186048,1377575,1164544,754382,714078,806183,933899,1048632,1080765,999674,963880,919509,910600,982251,885969
"Pos",59077,"[M+NH4]+",25.199,"TG 16:0_18:1_26:1","TG",7734520,6933586,5504185,1971774,1352481,1199541,1500289,2202852,2554442,1142027,756295,919939,513800,814328,726813,815041,439249,544035,8296879,6983704,7898205,7229138,7459684,6575648,4170037,3629180,3907136,5082998,5955461,6267598,5564216,4978480,4996706,4703383,5151852,4677777
"Pos",62547,"[M+NH4]+",25.729,"TG 16:0_18:1_30:1","TG",1295173,1154820,932341,329194,243573,183891,251367,380277,415215,213841,127518,157150,62869,140478,128758,111839,82887,65378,1260945,1156078,1208125,1118467,1155101,1036044,647701,646025,648053,831912,965120,1017951,897515,844394,788175,846297,847598,774020
"Pos",63819,"[M+NH4]+",25.948,"TG 16:0_18:1_32:1","TG",676753,600648,455222,172834,77032,104058,140124,216084,237057,107984,61433,69564,25685,46574,33861,76567,9044,20469,730636,668179,650047,633602,633491,550707,397479,364777,326857,426933,497387,522128,484967,424993,451882,457119,463467,398685
"Pos",49502,"[M+NH4]+",21.622,"TG 16:0_18:2_18:3","TG",657080,610340,494411,280444,204513,213118,252721,283165,276071,240025,131542,206549,168550,207107,188191,184778,215876,190166,705746,527448,384662,580751,612058,608227,462149,422572,485206,494114,355517,541476,519907,519126,585636,442128,498271,485769
"Pos",60019,"[M+NH4]+",25.346,"TG 16:0_19:1_26:1","TG",770242,715458,590129,242962,156271,173842,169786,276966,288368,73309,77116,40262,62909,69841,83036,115654,34446,38682,799785,734290,749292,734081,771926,694558,409141,405493,407007,513194,585410,597267,588301,484105,473533,472434,581276,519177
"Pos",60911,"[M+NH4]+",25.484,"TG 16:0_20:1_26:1","TG",3087242,2822015,2178589,754486,535117,501023,621049,897378,1035581,462403,291343,413570,143248,331907,263490,304008,206964,202969,3214087,2778660,3055588,2830875,2860637,2558145,1672961,1427953,1567483,2004308,2399905,2371845,2127890,1890877,1945919,1905120,2035853,1867727
"Pos",55693,"[M+NH4]+",23.824,"TG 16:0_20:2_21:2","TG",461434,277696,526647,78758,18758,20361,46910,39890,50875,8357,4541,4130,7037,8961,2720,4122,4381,0,510446,604775,860449,221034,699741,472375,428022,318393,466055,480271,616772,678976,651821,200629,552774,367442,399826,145202
"Pos",55965,"[M+NH4]+",21.73,"TG 16:0_20:4_22:5","TG",206695,106662,72334,7982,0,3969,0,8218,16970,5874,0,3359,3096,5195,0,0,0,3349,238514,222888,107541,248172,183277,184814,53294,61275,107739,128120,119933,127451,127170,109692,110277,102339,102926,115831
"Pos",58060,"[M+NH4]+",22.319,"TG 16:0_22:4_22:5","TG",43559,5826,9504,15311,70262,95204,0,3777,3443,0,0,0,0,0,0,0,0,0,56299,11855,12053,16692,14507,21175,14720,3707,15662,5613,15685,19704,15462,12696,11346,9335,29310,58218
"Pos",57911,"[M+NH4]+",21.999,"TG 16:0_22:4_22:6","TG",101,4400,10610,0,0,0,0,0,0,0,0,0,0,4304,0,0,0,3789,12633,6655,11588,4313,9369,5333,0,0,0,8121,6945,8704,3962,5137,3798,3637,5756,4250
"Pos",57743,"[M+NH4]+",21.382,"TG 16:0_22:5_22:6","TG",100763,58106,46809,0,0,0,0,0,0,0,0,6951,0,0,0,0,0,0,97038,57448,102105,44208,42239,18540,22585,17215,31509,51813,89364,41170,361076,315818,384862,783084,966714,851380
"Pos",57172,"[M+NH4]+",25.213,"TG 16:0_24:0_18:1","TG",7923502,7100084,5836956,2323239,1932383,1740552,1756100,2627732,2959697,1785725,1249237,1487923,957322,1512453,1281342,1298195,929427,1012187,8634520,7457489,8327394,7402332,7882008,6830454,4232232,3775407,4082401,5369333,6272507,6397781,5709322,5098375,5134702,4970492,5370952,4930726
"Pos",58218,"[M+NH4]+",25.36,"TG 16:0_25:0_18:1","TG",1011928,945077,805126,412335,385190,342519,364964,468261,471434,335598,281434,312911,242641,282340,276067,306053,256124,279139,1064980,967401,1052869,977745,1118708,846631,632054,608243,651596,711617,818039,784558,762706,724104,727313,685006,709447,640800
"Pos",59220,"[M+NH4]+",25.498,"TG 16:0_26:0_18:1","TG",4009437,3644275,2841464,1234768,999551,912253,915869,1354101,1462398,907993,603293,761524,443122,741053,639314,690842,436920,480684,4213414,3763035,4107677,3660338,3767706,3459108,2146035,1909637,2065863,2625878,3086632,3044728,2808808,2495691,2608613,2472328,2822651,2481527
"Pos",44440,"[M+NH4]+",21.412,"TG 16:1_16:1_16:1","TG",459800,191339,259721,133275,130374,333714,100733,180314,115789,80357,13613,37468,66512,96391,37523,46094,124583,96880,518070,572793,356020,487649,436692,581858,347503,132270,117343,185723,198790,473689,489746,174599,412979,96511,331614,194915
"Pos",47146,"[M+NH4]+",22.143,"TG 16:1_16:1_18:1","TG",17486560,15200809,12659170,4073886,2287067,2417643,3122658,4459155,5032181,1403257,889553,1691734,643721,1139541,579551,769933,470227,316456,19749793,16288995,17455108,15547754,17385344,14560103,11192305,8737449,10974602,12859440,13919487,14520574,13834761,11991895,11736317,12325484,13023228,11777641
"Pos",49322,"[M+NH4]+",21.057,"TG 16:1_16:1_20:4","TG",38410,40471,22856,3263,4438,4160,0,3682,3615,0,3401,5536,0,4129,3390,0,0,0,49110,77623,86237,92042,44575,23096,28717,9788,66436,55067,25415,31231,44709,18745,59903,55139,35185,47816
"Pos",48519,"[M+NH4]+",22.512,"TG 16:1_17:1_18:1","TG",3992596,3033001,2642374,738234,487763,252731,759248,793307,765110,97199,189727,101263,94945,200276,170307,184738,44248,96846,3885433,3572508,3873981,3335624,3992091,3420723,1921442,2116525,2278332,2831521,3184628,3100478,2929909,2506245,2345870,2620237,2964622,2491141
"Pos",49682,"[M+NH4]+",22.277,"TG 16:1_18:1_18:2","TG",8689294,7640111,6854271,3204030,2505952,2448856,2767415,3291118,3288955,2232130,2020984,2247716,1921180,2253593,2113512,2284989,1898975,1930760,9530122,8196135,8548779,7778107,8058769,7701044,5911345,5069366,5823843,6618831,7405347,7539279,7247771,6574146,6546793,5963698,6950354,6497187
"Pos",51634,"[M+NH4]+",21.325,"TG 16:1_18:1_20:5","TG",69201,89099,25350,10705,0,0,4634,0,5894,0,0,0,5840,0,0,5103,0,0,205725,115957,63137,94158,166893,30135,33129,89055,23647,21233,58402,77037,51093,75506,65981,68528,113020,49754
"Pos",54065,"[M+NH4]+",21.949,"TG 16:1_18:1_22:5","TG",892392,203305,570006,80482,105706,48001,50173,57801,67523,0,3734,0,0,0,0,0,7271,4111,1032070,365647,863072,403231,815273,769109,368096,674668,614828,695306,836206,641646,946473,361387,405872,596879,610375,730542
"Pos",53897,"[M+NH4]+",21.61,"TG 16:1_18:1_22:6","TG",994013,768228,650406,184738,56470,35312,12172,17670,33265,0,0,0,0,0,0,0,0,0,1062034,862462,909696,542290,825272,794665,559969,471212,578536,705902,751671,737880,758185,658033,631032,562031,658246,585943
"Pos",51072,"[M+NH4]+",23.144,"TG 17:1_18:1_18:1","TG",12199019,10307552,8414170,2502931,1429401,1406755,2022515,2726333,3245672,1044626,697773,875199,491075,644681,535224,571422,324490,393323,14191054,11075853,12364113,11491913,11753102,10686312,6956562,6037205,7168303,8530900,10092073,10766797,9863822,8376031,8720088,8353827,8891521,8433642
"Pos",50920,"[M+NH4]+",22.641,"TG 17:1_18:1_18:2","TG",1145089,853502,423513,83614,76413,24351,65532,153366,151902,47997,23012,5151,9779,17707,9485,19087,5357,14786,1067880,623968,1140328,978841,984293,578802,533499,326156,667550,222794,922803,435896,265746,384208,335138,538467,806075,535309
"Pos",55396,"[M+NH4]+",22.95,"TG 17:1_18:1_22:4","TG",379851,260481,225784,55263,5514,14475,12074,5900,30873,0,0,0,0,0,0,0,0,0,642577,434339,395678,234469,267472,286501,208126,62242,227893,324777,287570,282101,212368,327121,144605,154579,379268,197723
"Pos",55221,"[M+NH4]+",22.306,"TG 17:1_18:1_22:5","TG",51963,75885,60468,3165,0,0,0,0,0,0,0,0,0,0,0,0,0,0,179921,84927,162236,155127,134525,80135,32162,24230,35217,44723,87852,81313,114723,43574,60926,39310,42245,82231
"Pos",57923,"[M+NH4]+",24.662,"TG 17:1_18:1_24:1","TG",776020,666399,547371,122954,91123,97590,130355,208821,194952,45846,23786,49270,8656,20766,11935,26814,4506,3779,893324,697394,805767,756490,745034,711132,453888,378676,401050,508927,595210,577255,597467,509648,540810,509018,561859,522114
"Pos",53739,"[M+NH4]+",24.213,"TG 18:0_18:1_19:1","TG",6362570,5356943,4554407,1581522,1064123,955189,1202189,1771208,2010896,898067,575140,693570,353311,659266,543803,555557,299511,360516,6862655,5989280,6540736,6003835,6115000,5649350,3526475,3138260,3515624,4353795,5153465,4953445,4821383,4245400,4308002,4000392,4559120,4131095
"Pos",54870,"[M+NH4]+",24.454,"TG 18:0_18:1_20:1","TG",22711086,19500039,15443925,5428498,3812315,3389670,4253851,6008572,7163186,3229583,1904999,2459116,1415218,2247157,1969836,1971532,1259228,1437998,24431572,21468248,23343350,20109656,20621089,19178667,11942060,10840893,11962825,14454184,17697597,17643748,16614334,14447799,14257614,13907512,15326451,14250219
"Pos",56569,"[M+NH4]+",23.699,"TG 18:0_18:1_22:4","TG",1940396,2237974,1887372,446069,260691,200607,86350,133577,202177,0,0,13860,4250,0,0,3471,0,0,3091049,2634889,2996540,1676913,2616721,2427655,948427,740803,1504107,1061951,2235610,2247366,2204421,932312,1866720,1639441,1935653,997687
"Pos",56424,"[M+NH4]+",23.234,"TG 18:0_18:1_22:5","TG",5607496,4833328,3370788,938325,680008,440678,320978,560976,827849,7834,0,3696,4501,3739,0,0,0,0,6714363,5653092,4658598,5296697,4655920,4463792,3112829,2374848,2763719,3776697,4024545,4987629,3640261,4041936,4168915,2952059,3649655,3147200
"Pos",56270,"[M+NH4]+",23.024,"TG 18:0_18:1_22:6","TG",2327280,2059756,1546486,408415,243913,210284,179096,198668,301692,0,0,0,0,0,0,0,0,0,2830056,2074332,2144795,2128748,2105507,1992498,1233735,995032,1346358,1547740,2008843,1936998,1825107,1459331,1410530,1225856,1595757,1335266
"Pos",61047,"[M+NH4]+",25.737,"TG 18:0_26:0_18:1","TG",1263781,1123899,938159,386448,311720,284086,302416,405242,443982,276952,195248,236807,164389,258030,213362,205019,78001,163314,1259236,1132957,1248386,1123177,1150857,1030206,622058,631233,648082,795832,941763,939188,873396,820910,745534,797663,827765,787633
"Pos",52320,"[M+NH4]+",23.454,"TG 18:1_18:1_18:1","TG",132804419,113782770,94637144,31244267,20164385,17966699,26419345,36082158,42063704,17319065,11801076,14793029,9089123,13220733,11698566,12713394,9099866,9252865,144449296,121703498,136507438,122343179,120630853,118394542,78109348,68842595,81168068,93318896,106680186,112060983,105302188,94710076,93555343,89820186,100431709,92794680
"Pos",52149,"[M+NH4]+",22.945,"TG 18:1_18:1_18:2","TG",24773521,21387310,18687387,8021341,5886534,5485676,7129931,8134591,9218942,5457665,4659735,5054348,4252822,5017539,4695671,4929800,4410674,4376770,27829814,24152214,25488781,24455647,24838664,22738632,16102687,14273033,16829456,18956026,22854435,21505974,20548143,19509244,19794472,17960532,20049840,18005029
"Pos",53557,"[M+NH4]+",23.723,"TG 18:1_18:1_19:1","TG",8843406,7400699,6000785,1815781,1016042,919480,1376800,1957000,2227080,720283,401641,612578,255130,461539,366404,429373,215471,248816,9729764,7806685,8822163,7929132,8222340,7459311,4654756,3887484,4679104,6053472,7092582,7153957,6914623,5935741,6120964,5756234,6210405,5816463
"Pos",53405,"[M+NH4]+",23.235,"TG 18:1_18:1_19:2","TG",1574371,1331811,149288,126220,62877,23614,110012,122284,114738,25528,12253,11951,4003,9130,3605,7402,8738,12784,631967,1667798,1558411,767469,1538447,1208720,312220,472050,541940,480847,1254316,1530242,734695,903694,1196622,1032411,1087608,622072
"Pos",54707,"[M+NH4]+",23.988,"TG 18:1_18:1_20:1","TG",35162962,28631854,24101082,7662057,4712425,4142391,6013744,8497598,10042562,3528745,2072478,2611728,1399463,2280360,1945606,2349899,1342880,1508803,37513469,31295845,35046795,31661472,30871195,30432418,18877167,17335255,19482057,23835976,28718920,28968680,26732353,23060670,23552754,23111885,24917529,23488247
"Pos",54550,"[M+NH4]+",23.526,"TG 18:1_18:1_20:2","TG",9701287,8289250,6748763,2258281,1428227,1268320,1017052,1181668,2556618,715005,362677,321299,175068,245404,330303,454310,219109,128969,10859708,8996744,10150681,9434261,4017129,3833419,5678584,2973529,5849562,7106865,8042778,7934095,2732445,6952609,7001291,2919216,7335755,3502619
"Pos",56272,"[M+NH4]+",22.645,"TG 18:1_18:1_22:5","TG",3258516,2731007,2322231,706444,311331,160862,337987,353287,570748,0,0,0,0,0,0,0,0,0,3936282,3111837,3601506,3165199,3240027,2807259,1897381,1491751,1977459,2512763,2953401,2750906,2534139,2315653,2379049,2230046,2476719,2310603
"Pos",56097,"[M+NH4]+",22.369,"TG 18:1_18:1_22:6","TG",2593339,2138711,1773590,500601,363202,327085,190954,293348,387828,0,0,0,0,0,0,0,0,0,2978398,2313609,2683846,2384367,2441848,2281782,1478199,1234154,1457679,1926020,2240489,2206168,2008264,1792540,1868991,1638935,1931332,1722680
"Pos",58938,"[M+NH4]+",24.855,"TG 18:1_18:1_24:1","TG",5782983,5034633,3939802,1201884,743961,621143,916413,1349011,1633962,539356,342342,435207,197405,336003,240420,344352,203014,220894,6162598,4987656,5758054,5130865,5060834,4941404,3059476,2654802,2960914,3817445,4425820,4438124,4255163,3603653,3541835,3499583,3935600,3491272
"Pos",58789,"[M+NH4]+",24.493,"TG 18:1_18:1_24:2","TG",1570873,1368897,1063467,345257,141892,105525,213982,325976,385626,43286,11267,37349,15829,21135,29128,35978,4273,8249,1726810,1496953,1617959,1367721,1496063,1337872,795921,726494,854517,1065583,1279569,1286515,1204200,1041019,1002213,949344,1069536,1065380
"Pos",59897,"[M+NH4]+",25.026,"TG 18:1_18:1_25:1","TG",520064,415539,354010,120723,47584,50075,66217,119987,160753,48369,11791,8783,3214,2913,0,34095,3359,7382,575193,482966,488817,471140,471875,424058,272700,282405,274427,367153,406127,446898,354927,348444,357082,311457,388634,321618
"Pos",60800,"[M+NH4]+",25.191,"TG 18:1_18:1_26:1","TG",2742406,2401921,2023248,602145,390055,347214,518173,727767,885705,279358,150068,193268,106877,150150,151242,169855,90118,73264,3010413,2505889,2797302,2575711,2665472,2381737,1489246,1325839,1454512,1854403,2274679,2292546,2018587,1855218,1831617,1754376,1852242,1700120
"Pos",60683,"[M+NH4]+",24.871,"TG 18:1_18:1_26:2","TG",914542,807489,589393,163895,69870,49969,110082,171785,194586,29795,5456,8246,3592,4072,4117,9875,0,8000,968419,805830,895896,859991,856766,803728,497642,432695,477244,614517,716024,688489,638640,632898,600314,569184,587450,574780
"Pos",63734,"[M+NH4]+",25.726,"TG 18:1_18:1_30:1","TG",581665,562725,429542,118451,71514,65310,102989,156498,199123,56837,18506,24876,4006,15000,6077,35628,6574,3493,594633,551358,553508,493449,549040,460279,354641,286275,301793,387739,482047,474941,428674,421260,376309,392674,424638,347410
"Pos",64763,"[M+NH4]+",25.939,"TG 18:1_18:1_32:1","TG",391045,342795,244000,29126,37761,17345,40590,99981,108178,30952,8957,14797,0,20777,7665,0,0,7864,354601,291505,366465,334481,342468,309488,192349,168733,185554,217157,256798,310662,263233,227710,222438,238408,276182,211779
"Pos",51981,"[M+NH4]+",22.318,"TG 18:1_18:2_18:2","TG",5089041,4720494,4527708,3078240,2674278,2604274,3070537,3248248,3229908,2998832,2770823,2901432,2765882,3061467,2919723,2941645,2929412,2917906,5399822,5026274,5252174,4947747,5071598,4697605,4218272,3797878,4043569,4665468,4712070,4675551,4527768,4489038,4367531,4292267,4654633,4322747
"Pos",56098,"[M+NH4]+",22.038,"TG 18:1_18:2_22:5","TG",48316,58464,73897,6278,14588,18729,0,5138,4267,0,0,0,0,0,0,0,0,0,81860,73203,87982,160218,85244,67573,33169,27609,87002,71903,56901,88541,136374,72252,118620,106447,147116,107491
"Pos",55844,"[M+NH4]+",24.226,"TG 18:1_19:1_20:1","TG",2041573,1705858,1433254,434475,270073,215740,363878,500539,582955,163261,75514,134333,33824,34243,68645,118235,13814,46994,2337596,1898571,2122152,1883634,1951460,1751153,1151092,983819,1184885,1400315,1751609,1682086,1536162,1420580,1459247,1383074,1498199,1408536
"Pos",57323,"[M+NH4]+",22.967,"TG 18:1_19:1_22:5","TG",131013,19475,31344,0,0,0,0,0,0,0,0,0,0,0,0,0,0,0,149844,24569,106089,111750,61600,110515,29160,41591,66316,17756,35677,44188,39731,20315,63417,44192,63837,17982
"Pos",56858,"[M+NH4]+",24.463,"TG 18:1_20:1_20:1","TG",9218296,7773906,6282312,2039846,1212043,1072245,1552879,2276159,2697690,914607,498222,686049,344331,546898,501352,547722,303148,341235,9993212,8419892,9385100,8190403,8211958,7793960,5018198,4405473,4976142,5922976,7150910,7248181,6839133,5837371,5972454,5877833,6341254,5870580
"Pos",56719,"[M+NH4]+",24.063,"TG 18:1_20:1_20:2","TG",3565486,2844242,2448509,734569,315649,289616,270354,739605,880955,149544,49960,114771,40704,112559,24545,70365,47590,49175,3982381,3189954,3532424,3238068,3339475,3104564,1874482,1742989,1904917,2439007,2828783,2995591,2789282,2399987,2414460,2356401,2616268,2505339
"Pos",58644,"[M+NH4]+",24.144,"TG 18:1_20:1_22:3","TG",452173,556792,262407,52001,17262,5481,8701,27725,71572,0,0,0,0,0,0,0,0,0,794829,618092,774022,371533,675414,527221,214134,71595,173361,141282,591469,507012,318383,411735,435860,375175,450551,236393
"Pos",58483,"[M+NH4]+",23.736,"TG 18:1_20:1_22:4","TG",1316563,1104076,844598,236728,64630,40329,61997,22725,219202,0,0,0,0,0,0,0,0,0,1433981,996526,1409097,680457,1297284,1169273,349543,174919,411237,824923,573308,782452,1029456,409944,699862,744623,566435,430124
"Pos",58351,"[M+NH4]+",23.236,"TG 18:1_20:1_22:5","TG",1047446,1234994,540424,179681,71446,91631,102645,159958,76355,0,0,0,0,0,0,0,0,0,1914479,1157877,1368685,1582713,933766,667597,705508,506835,520793,928211,1148838,1253269,1056540,946982,905567,559860,546412,478121
"Pos",58211,"[M+NH4]+",23.028,"TG 18:1_20:1_22:6","TG",617855,612191,479086,47570,43140,18104,9123,18191,7820,0,0,0,0,0,0,0,0,0,799839,613506,699281,619491,618444,614346,303412,146323,337327,462558,230002,459885,305519,411015,315287,411982,461595,331173
"Pos",62440,"[M+NH4]+",25.475,"TG 18:1_20:1_26:1","TG",1039145,928000,714554,240040,122217,81048,192406,257231,286376,79811,8829,82374,4234,70055,37529,47621,15287,19359,1054019,920828,1006709,904499,924873,829170,564012,486278,553137,738603,870217,763798,709798,627085,704756,630545,682185,620154
"Pos",58210,"[M+NH4]+",22.765,"TG 18:1_20:2_22:5","TG",162081,54689,65343,7143,0,9329,0,7338,0,0,0,0,0,0,0,0,0,0,74090,20307,63386,44744,107213,52700,17417,35986,11230,45498,39332,76025,71194,120785,28912,10750,44229,16121
"Pos",58061,"[M+NH4]+",22.184,"TG 18:1_20:3_22:5","TG",0,6903,9504,5484,36150,30782,0,0,0,0,0,0,0,0,0,0,0,0,5955,33914,12117,6058,8026,39727,0,0,0,7990,16016,19704,5484,0,9731,6646,4666,5010
"Pos",57912,"[M+NH4]+",21.723,"TG 18:1_20:4_22:5","TG",73528,22452,38747,0,0,4784,0,3379,0,0,0,0,0,0,0,0,0,0,56412,70264,33850,7294,23756,32997,41059,8024,22258,31906,21222,26834,37532,14115,20079,14938,25380,49564
"Pos",60400,"[M+NH4]+",24.209,"TG 18:1_22:1_22:4","TG",141537,69985,67191,11239,5316,9668,0,3322,0,0,0,0,0,0,0,0,0,0,209521,83708,43292,74246,163033,81588,38091,48564,41019,30400,93271,70856,79114,103664,80561,41778,98591,93614
"Pos",60273,"[M+NH4]+",23.779,"TG 18:1_22:1_22:5","TG",345043,172497,243530,23760,4893,4229,0,4208,8004,0,0,0,0,0,0,0,0,0,160076,324912,219040,277672,124600,207359,80989,106172,91658,224420,186542,189966,87471,113244,185266,175062,103498,197592
"Pos",60015,"[M+NH4]+",22.882,"TG 18:1_22:4_22:4","TG",0,0,0,0,0,6399,0,3872,0,0,0,0,0,0,0,0,3515,0,0,8239,0,0,12544,7344,0,0,0,0,6148,0,0,0,0,0,7685,0
"Pos",59889,"[M+NH4]+",22.333,"TG 18:1_22:4_22:5","TG",9946,4457,5248,0,4433,10900,0,0,0,0,0,0,0,0,0,0,0,3443,14600,4065,12063,18367,10950,5328,3413,4064,3724,10697,12613,0,5227,20325,8542,26949,54977,69810
"Pos",59743,"[M+NH4]+",22.043,"TG 18:1_22:4_22:6","TG",0,0,0,0,0,0,0,0,0,0,0,0,0,0,0,0,0,0,0,10820,0,5098,0,0,5085,0,4398,6654,6535,0,28918,9211,3878,3275,280301,10256
"Pos",59742,"[M+NH4]+",21.735,"TG 18:1_22:5_22:5","TG",10115,0,5824,0,0,0,0,0,0,0,0,0,0,0,0,0,0,0,4943,9561,8600,4694,3354,10038,0,0,4906,3622,8590,10430,9252,7482,4812,11799,29317,18812
"Pos",59594,"[M+NH4]+",21.411,"TG 18:1_22:5_22:6","TG",38836,16005,5237,0,0,0,0,0,0,0,0,0,8076,0,0,0,0,0,10687,22891,26110,25574,15630,10322,6984,8809,12526,29680,31334,28162,191870,97502,178265,395173,510649,429541
"Pos",60541,"[M+NH4]+",24.577,"TG 18:1_24:1_20:3","TG",244447,216892,90605,4623,4995,5592,3441,13152,7911,0,0,0,0,0,0,0,0,3732,207298,257238,203937,169697,222299,128647,28922,121581,90819,152791,53614,188279,184548,76647,124747,71537,123717,87726
"Pos",51815,"[M+NH4]+",21.622,"TG 18:2_18:2_18:2","TG",1984938,1731181,1710927,1475190,1279997,1244101,1555822,1474697,1496305,1579323,1472285,1504791,1464627,1578506,1481887,1584388,1434686,1463176,1960721,1796468,1910834,1702857,1807565,1865411,1644124,1713848,1619241,1746552,1802848,1761898,1802375,1761960,1657408,1682376,1815881,1709304
"Pos",18807,"[M+NH4]+",10.768,"TG 8:0_8:0_10:0","TG",111264,151387,108028,53953,33549,31229,72395,61884,31662,20297,63802,47606,174352,546355,23846,31099,22377,136685,225927,421381,29442,81831,92038,91389,489399,572317,34890,80298,60406,165208,99445,115166,62814,60385,123021,50660
"Pos",16801,"[M+NH4]+",9.496,"TG 8:0_8:0_8:0 (a)","TG",24117,142323,270929,126166,48967,1491681,209575,332904,209950,57912,34345,99019,498681,250491,93804,73593,116761,351783,182080,99262,130305,8810,21917,947690,133807,381934,10143,91199,30582,33804,131393,28832,149059,14835,197031,37109
"Pos",16802,"[M+NH4]+",9.891,"TG 8:0_8:0_8:0 (b)","TG",52517,118209,63307,18679,14785,25920,26251,32718,30754,18906,12324,6016,68254,327666,15451,39464,0,41055,119508,285748,22283,34223,31879,35041,234089,335126,25588,35498,23004,99495,26332,34248,19931,8459,50186,7671
