"Polarity","Alignment.ID","Adduct.type","Average.Rt.min.","Metabolite.curated","Ontology","H2O2_0h_1","H2O2_0h_2","H2O2_0h_3","H2O2_1min_1","H2O2_1min_2","H2O2_1min_3","H2O2_20min_1","H2O2_20min_2","H2O2_20min_3","H2O2_4h_1","H2O2_4h_2","H2O2_4h_3","H2O2_24h_1","H2O2_24h_2","H2O2_24h_3","H2O2_72h_1","H2O2_72h_2","H2O2_72h_3"
"Neg",61180,"[M-H]-",23.249,"CL 14:0_16:0_16:0_18:1","CL",88753,346016,292705,226982,164564,167701,84462,106582,85840,185595,440049,429084,390463,358832,374781,170574,467845,326072
"Neg",61102,"[M-H]-",22.147,"CL 14:0_16:1_16:1_18:1","CL",580242,632699,558791,584147,436290,327692,365696,251379,475987,691743,472573,801871,525218,660147,681050,672669,858682,744498
"Neg",61146,"[M-H]-",22.722,"CL 14:0_18:1_16:0_16:1","CL",375742,318052,448753,452848,320663,420900,273695,219166,392533,469842,359262,429798,662303,234873,610211,575983,685048,508950
"Neg",62045,"[M-H]-",23.48,"CL 15:0_18:1_16:0_18:1","CL",220118,334983,149262,268873,122888,299238,152594,95830,203668,270636,453698,429408,253369,231598,340283,266931,401959,358030
"Neg",61787,"[M-H]-",23.729,"CL 16:0_16:0_16:0_18:1","CL",505773,794733,701852,643228,484635,633218,323313,322521,434082,652104,1027446,907263,766480,716531,728223,645058,882837,726747
"Neg",61750,"[M-H]-",23.246,"CL 16:0_16:1_16:0_18:1","CL",1639218,2299340,1963287,1983623,1321517,2030220,1159387,1116687,1421192,1897608,2885371,2891316,2536500,2118085,2414322,2021628,2785694,2329467
"Neg",61702,"[M-H]-",22.73,"CL 16:0_16:1_16:1_18:1 (a)","CL",1922934,2579506,2314503,2308467,1595779,2169728,1417343,1221990,1778473,2866762,3123281,3261819,3306715,2415399,2979675,2583836,3254514,2639323
"Neg",61701,"[M-H]-",22.989,"CL 16:0_16:1_16:1_18:1 (b)","CL",217785,269527,328416,231967,191474,176962,175199,62958,145365,106359,373678,317232,129597,304655,114959,214157,168611,210858
"Neg",62002,"[M-H]-",23.002,"CL 16:0_17:1_16:1_18:1","CL",557102,729917,665607,703090,457274,647368,348934,161189,524261,675189,936283,809148,817268,730757,705726,691303,862676,690927
"Neg",62336,"[M-H]-",23.712,"CL 16:0_18:1_16:0_18:1 (a)","CL",5002224,6857758,5656873,5903906,3964798,5680287,3079556,3225710,4184788,5693164,8516620,8234611,6730250,6377593,6693320,5654480,7694115,6344829
"Neg",62339,"[M-H]-",24.508,"CL 16:0_18:1_16:0_18:1 (b)","CL",41185,40486,259960,36849,20727,26080,9280,14959,19478,27905,63366,29885,26747,54495,26686,45530,33534,26179
"Neg",62338,"[M-H]-",24.871,"CL 16:0_18:1_16:0_18:1 (c)","CL",4237,4511,20046,8657,11020,5216,12600,0,0,74251,30550,24621,2724,15163,18352,5193,15884,60288
"Neg",62296,"[M-H]-",23.243,"CL 16:0_18:1_16:1_18:1","CL",5194545,7290138,5810910,6114853,4488886,5807319,3633097,3395849,4671398,6279686,8663274,8508475,7579731,6730638,7129041,6309257,8303428,6743359
"Neg",62654,"[M-H]-",23.924,"CL 16:0_18:1_17:0_18:1","CL",155317,351160,287822,175714,253195,340401,33463,53874,142952,276129,508633,436829,387507,312120,369232,312931,473047,344891
"Neg",62606,"[M-H]-",23.476,"CL 16:0_18:1_17:1_18:1","CL",614576,787928,659435,745615,515686,693355,383219,307433,493057,749230,1035222,973305,872470,751034,875052,713547,989730,710777
"Neg",62989,"[M-H]-",24.146,"CL 16:0_18:1_18:0_18:1","CL",434928,555870,520923,527391,235778,520403,141808,247912,285042,484570,781403,746628,553199,582154,606356,490254,687367,539711
"Neg",62943,"[M-H]-",23.716,"CL 16:0_18:1_18:1_18:1 (a)","CL",3038189,4179720,3555502,3659005,2543637,3491072,1880065,1996846,2368038,3563540,4968690,4819072,4340712,3894455,4016403,3613759,4636036,4020371
"Neg",62941,"[M-H]-",23.989,"CL 16:0_18:1_18:1_18:1 (b)","CL",117007,120029,99352,117691,97990,89674,91334,72122,159916,96167,453214,161165,119613,109712,117329,250482,137680,112601
"Neg",62942,"[M-H]-",24.871,"CL 16:0_18:1_18:1_18:1 (c)","CL",16901,5601,0,9818,0,4641,11017,0,0,50461,3818,3939,3089,4271,0,6701,20201,35042
"Neg",62893,"[M-H]-",23.67,"CL 16:0_18:2_18:1_18:1","CL",153050,208945,332359,546196,171409,422685,376153,114800,123979,325580,251268,847644,260926,688481,182918,263258,942261,785397
"Neg",61053,"[M-H]-",21.514,"CL 16:1_16:1_16:1_16:1","CL",289904,204591,286499,273254,169910,245173,172319,127806,269314,396621,433082,305543,252328,373655,335746,353883,480596,321426
"Neg",61655,"[M-H]-",22.166,"CL 16:1_16:1_16:1_18:1","CL",2800232,3070725,2947493,3035120,2195725,2920547,2041816,1498525,2476602,3378257,3915739,4000778,2163611,3313984,3280910,3358436,4208004,3675765
"Neg",61619,"[M-H]-",21.588,"CL 16:1_16:1_16:1_18:2","CL",346958,558638,562620,579398,345727,554403,197175,161305,439943,603349,658880,674617,658472,610627,673470,566239,702668,537045
"Neg",61957,"[M-H]-",22.471,"CL 16:1_17:1_17:1_17:1","CL",592140,675707,683675,664943,539017,620946,323676,276865,534397,863358,979392,1020141,850569,731981,570629,719617,892134,639933
"Neg",62244,"[M-H]-",22.737,"CL 16:1_18:1_16:1_18:1 (a)","CL",7511154,8615950,8431940,7824628,6455649,7662823,5784628,4328480,7289107,10838911,12849196,11420795,10155488,8571912,10429263,9202513,12178121,9254891
"Neg",62245,"[M-H]-",22.986,"CL 16:1_18:1_16:1_18:1 (b)","CL",1143164,1440719,1358941,1154989,290606,918967,243944,576871,370796,410163,627007,1112973,1241497,899862,426149,691864,467032,977536
"Neg",62243,"[M-H]-",23.724,"CL 16:1_18:1_16:1_18:1 (c)","CL",41176,39463,113065,69683,55348,76486,19943,22944,27306,42987,64901,172028,45095,108033,157957,52897,120296,83834
"Neg",62207,"[M-H]-",22.226,"CL 16:1_18:1_16:1_18:2 (a)","CL",3763237,4034766,3909620,3823255,3076635,3869263,2612274,1837602,3129905,4583221,4961419,5405957,4933773,4285391,3963168,4306514,5217991,4604901
"Neg",62206,"[M-H]-",23.248,"CL 16:1_18:1_16:1_18:2 (b)","CL",205027,150718,152208,152622,102625,143564,67237,77485,76261,221331,207758,315944,296510,169025,329109,219253,377255,280999
"Neg",62736,"[M-H]-",22.094,"CL 16:1_18:1_16:1_20:4","CL",548299,941821,421559,707937,607800,847925,322024,295101,402367,173586,668457,675829,814772,1011456,945241,883198,602870,1068558
"Neg",62561,"[M-H]-",23.01,"CL 16:1_18:1_17:1_18:1","CL",1819739,2240479,1890120,1936893,1413202,1788435,1058914,983349,1468019,1938676,2782329,2478557,2369032,1932343,2060778,1931990,2426390,2030548
"Neg",62509,"[M-H]-",22.522,"CL 16:1_18:1_17:1_18:2","CL",647857,685320,719695,684661,488055,659991,413782,235021,545829,746932,946146,945684,806261,732968,926387,753068,917425,730651
"Neg",62890,"[M-H]-",23.261,"CL 16:1_18:1_18:1_18:1","CL",8527838,11446954,9054356,9747656,6950356,9340469,5395377,5093702,7128644,10091906,13831009,12867958,11598297,10173277,10912000,9692447,12546539,10372184
"Neg",62845,"[M-H]-",22.785,"CL 16:1_18:1_18:1_18:2 (a)","CL",7472790,10655355,10079634,9454456,6774906,9337743,5872736,5013869,7937973,10978961,14602139,11405461,11687313,9470780,10605620,9553006,12230126,9066157
"Neg",62844,"[M-H]-",23.159,"CL 16:1_18:1_18:1_18:2 (b)","CL",700659,900858,874346,590182,435851,672302,191036,420850,190257,833337,352236,701967,856757,930236,979720,661694,762711,847906
"Neg",62846,"[M-H]-",23.709,"CL 16:1_18:1_18:1_18:2 (c)","CL",712643,946865,836596,866941,440021,866489,449640,445842,567749,857644,1303583,1109835,1090486,782905,933364,920433,1226780,984761
"Neg",62795,"[M-H]-",22.701,"CL 16:1_18:1_18:2_18:2 (a)","CL",744154,965665,474265,505773,492155,738628,378149,198057,419500,1216856,1424346,1264026,1260795,695834,952819,828096,783087,1040877
"Neg",62796,"[M-H]-",23.24,"CL 16:1_18:1_18:2_18:2 (b)","CL",737265,889982,713231,855437,514608,748030,430053,329620,336178,747409,1092581,1027458,806848,861775,943286,775433,506484,811167
"Neg",63372,"[M-H]-",22.141,"CL 16:1_18:1_18:2_20:4","CL",1078995,1084293,1079955,1027196,921564,1113220,704712,525909,591365,1264901,1394306,1478389,828262,1147780,1046262,1165151,1409454,984348
"Neg",62173,"[M-H]-",21.681,"CL 16:1_18:2_16:1_18:2 (a)","CL",481321,259826,564131,542221,335437,580162,330793,268092,238411,685786,781838,754961,744888,597066,677066,518250,757725,664024
"Neg",62172,"[M-H]-",22.726,"CL 16:1_18:2_16:1_18:2 (b)","CL",143097,242190,147183,168860,91027,140189,79249,80568,139057,160172,157254,342290,330346,168501,141247,276084,343400,272676
"Neg",62692,"[M-H]-",21.521,"CL 16:1_18:2_16:1_20:4","CL",232394,202377,133228,170101,86792,289506,83119,60754,204019,178538,287919,400528,231267,279655,138779,258190,431139,268473
"Neg",62797,"[M-H]-",22.304,"CL 16:1_18:2_18:1_18:2","CL",2473272,2884445,2496925,2612011,2207774,2558376,1635673,617231,1246644,2996889,3516983,3738284,2998294,2935865,2416653,2702112,3545280,2948629
"Neg",62735,"[M-H]-",21.779,"CL 16:1_18:2_18:2_18:2","CL",354017,370835,211150,289800,159609,330151,124309,20852,301925,384509,432301,437850,258597,368020,253442,355533,280643,411864
"Neg",63420,"[M-H]-",23.649,"CL 16:1_20:4_18:1_18:1","CL",21151,30030,9560,0,19471,8797,9797,12595,14892,23866,36485,24952,31467,31618,39382,5800,43449,50409
"Neg",63371,"[M-H]-",22.784,"CL 16:1_20:4_18:1_18:2","CL",727028,1116983,1034595,1136350,288498,1146450,644978,490823,872304,1312618,1501548,1447199,1386214,1159389,1296668,1069239,1391120,1204621
"Neg",63228,"[M-H]-",23.49,"CL 17:1_18:1_18:1_18:1","CL",766259,908938,785960,790865,583699,441471,405619,378522,516550,775292,1261055,1075039,978978,788183,928495,810671,1036496,962128
"Neg",63175,"[M-H]-",23.046,"CL 17:1_18:1_18:1_18:2","CL",1187947,1364227,1290547,1260605,821430,1093852,642748,610592,876567,1148807,1798623,1651639,1397466,1322132,1217181,1297610,1509096,1246192
"Neg",63115,"[M-H]-",22.595,"CL 17:1_18:2_18:1_18:2","CL",263517,317339,343943,102533,194964,153483,105999,106820,135083,174439,299842,439470,257747,279086,233043,185284,327083,124254
"Neg",63641,"[M-H]-",24.145,"CL 18:0_18:1_18:1_18:1","CL",92678,163465,132927,230558,168686,210343,88875,76835,35451,105538,281664,205612,221782,265519,254628,176726,316307,246072
"Neg",63586,"[M-H]-",23.727,"CL 18:1_18:1_18:1_18:1 (a)","CL",2008285,2666974,2080432,2259514,1590309,2155830,1196878,1098682,1492060,2249727,3342702,3071693,2617669,2303168,2529051,2369828,2913234,2452417
"Neg",63585,"[M-H]-",24.871,"CL 18:1_18:1_18:1_18:1 (b)","CL",7898,0,3949,0,0,0,10069,0,0,28213,3403,3757,3478,4151,0,5946,6078,7661
"Neg",63532,"[M-H]-",23.296,"CL 18:1_18:1_18:1_18:2","CL",4156137,4921717,4072564,4533447,3376001,4413588,2529549,2222773,3244487,4760796,6540237,5934783,5398917,4841150,4892524,4460961,5575571,4885410
"Neg",64204,"[M-H]-",23.378,"CL 18:1_18:1_18:1_20:3","CL",161282,365584,298295,323523,136742,329280,53392,49243,182240,354738,486523,292521,422037,212611,379174,325126,463676,203361
"Neg",64097,"[M-H]-",22.72,"CL 18:1_18:1_18:2_20:4","CL",322746,427515,420314,562152,299292,377321,102708,85480,256024,418482,308383,861444,835749,592051,406590,411181,488743,486915
"Neg",63478,"[M-H]-",22.849,"CL 18:1_18:2_18:1_18:2 (a)","CL",4079598,4792380,3074598,2846550,3059829,4187273,2355015,1344805,2133356,4725363,5985771,5545037,4748194,3986733,4381933,3733903,4946049,4413973
"Neg",63477,"[M-H]-",23.009,"CL 18:1_18:2_18:1_18:2 (b)","CL",462139,530622,1548129,1326984,342139,406067,246041,748767,350101,436598,696140,589994,464935,424859,446481,406565,508278,428883
"Neg",63474,"[M-H]-",23.221,"CL 18:1_18:2_18:1_18:2 (c)","CL",225015,845300,202680,730908,540423,716611,172456,99724,240979,601688,1121208,1070543,961357,135574,973986,212485,703069,792124
"Neg",63479,"[M-H]-",23.711,"CL 18:1_18:2_18:1_18:2 (d)","CL",324795,614282,376578,482737,223091,279281,270702,133965,227445,467561,677807,684811,373896,610112,544934,483612,709645,330854
"Neg",64153,"[M-H]-",22.968,"CL 18:1_18:2_18:1_20:3 (a)","CL",605061,803045,563354,647586,504338,585962,185201,257934,419090,638503,994598,758413,710788,607591,734266,354462,880340,659338
"Neg",64152,"[M-H]-",23.72,"CL 18:1_18:2_18:1_20:3 (b)","CL",137496,174129,240410,128361,188871,239830,73071,8325,31591,264787,385939,379368,206963,286035,305303,145898,368140,358236
"Neg",64095,"[M-H]-",23.292,"CL 18:1_18:2_18:1_20:4","CL",513846,631365,529856,497392,357162,254973,237066,240287,287140,510863,494850,746525,628333,604774,387566,496528,737020,587229
"Neg",63418,"[M-H]-",22.387,"CL 18:1_18:2_18:2_18:2 (a)","CL",994551,999513,1140620,1084153,723922,1043082,657132,434047,775354,1135017,1325772,1366494,922721,601382,416012,949007,1291562,1018030
"Neg",63419,"[M-H]-",22.512,"CL 18:1_18:2_18:2_18:2 (b)","CL",104316,46736,168436,97374,40264,127455,47076,71852,117792,93661,146964,152330,343736,417532,417795,45144,96096,136346
"Neg",63417,"[M-H]-",22.692,"CL 18:1_18:2_18:2_18:2 (c)","CL",755425,760034,731008,506764,994241,468341,424757,239092,319147,526657,894090,1835947,1019010,916068,886366,735721,956246,348028
"Neg",63416,"[M-H]-",23.257,"CL 18:1_18:2_18:2_18:2 (d)","CL",1080008,1307433,1166004,1285937,901864,1143155,513911,590978,386078,1339204,1707773,1676750,1597792,1310729,1468658,1218994,1635047,1323816
"Neg",64047,"[M-H]-",22.214,"CL 18:1_18:2_18:2_20:4 (a)","CL",343927,349331,400979,613823,195221,420566,193357,103067,186433,436820,493762,354445,427421,382349,433056,395852,563250,200776
"Neg",64045,"[M-H]-",22.85,"CL 18:1_18:2_18:2_20:4 (b)","CL",421249,498495,379903,314134,312278,454149,226718,181166,166196,242796,600844,488033,373646,316645,159761,384472,189260,486880
"Pos",21835,"[M+NH4]+",13.992,"DG 14:0_16:0","DG",5204302,4280421,6706833,4048812,6249270,4665078,4676853,2207738,5281849,5893149,7049174,4953729,4829972,5471100,2979822,3561181,5587768,4327989
"Pos",23818,"[M+NH4]+",15.303,"DG 16:0_16:0","DG",58573069,53802502,60724227,49584160,49673065,50131957,33760190,23396976,24027607,49754824,53330189,51995927,59128481,50419857,49581292,51340443,67349863,31762827
"Pos",23689,"[M+NH4]+",14.079,"DG 16:0_16:1","DG",49845266,45163156,46658023,41217779,24246692,40953637,32292665,12929044,37674022,36683404,39369272,23818998,41829265,15896161,33398284,34649155,25034005,35612862
"Pos",24764,"[M+NH4]+",14.768,"DG 16:0_17:1","DG",4353320,5935380,6146749,5639471,2376029,5094874,2079291,2646139,4709305,2643531,5189537,2493195,5584120,4041145,4195370,4207795,2718493,4709870
"Pos",26055,"[M+NH4]+",16.833,"DG 16:0_18:0","DG",26972320,27171435,27226946,24217456,23140319,23422715,14434988,10240577,16350000,21877752,23543749,24838724,25985416,10081241,12402431,11014652,29587274,25996994
"Pos",25882,"[M+NH4]+",15.449,"DG 16:0_18:1","DG",236671686,221219411,234559917,210356607,205376378,200614436,130909582,88278211,162378439,167860460,175271038,176712594,190708014,148889730,150926654,155489309,192828779,163500291
"Pos",26988,"[M+NH4]+",16.174,"DG 16:0_19:1","DG",7863247,8901825,3940529,8337058,7335555,7003698,4085035,2765589,5025968,5283510,6665871,6573891,5744006,5513824,5684005,5807387,6102739,2774780
"Pos",28240,"[M+NH4]+",18.444,"DG 16:0_20:0","DG",973077,2327233,1184015,1209882,2147847,1100571,1664897,1277335,753639,882095,2141588,2128684,2245711,2027300,1046159,1858624,2422242,2256178
"Pos",29647,"[M+NH4]+",13.962,"DG 16:0_22:5","DG",8450754,7039022,7438995,12019868,11079272,10548609,4323196,3239849,6133869,6060828,5773625,3681678,6174070,2242582,5567131,5664923,7836302,6341406
"Pos",33024,"[M+NH4]+",21.124,"DG 16:0_24:0","DG",1390608,1275531,1276883,1207407,1185771,1109902,701585,538174,694281,974214,1247056,1129829,1149641,1019867,1054036,989349,1344597,1130102
"Pos",32844,"[M+NH4]+",19.932,"DG 16:0_24:1","DG",3931293,3784780,3888649,3690584,3619552,3341552,1707077,1345844,1925273,2619833,3082356,2890223,3074993,2613041,2620428,1861648,3457315,3185654
"Pos",35564,"[M+NH4]+",22.073,"DG 16:0_26:0","DG",995147,917057,1034803,593786,916571,528100,353553,277671,494168,713288,878428,437485,866835,551221,787876,795455,934297,812691
"Pos",35374,"[M+NH4]+",21.075,"DG 16:0_26:1","DG",3130770,2896248,1964731,2831029,2662702,2488873,1272790,522922,730017,1572965,2586702,2510622,2693013,2118493,2186265,1463931,3040385,2779252
"Pos",25721,"[M+NH4]+",14.183,"DG 16:1_18:1","DG",47951065,43930012,46046003,43225722,43385688,39982056,32919322,21931740,37594365,37715325,36985488,38666082,19763476,19570785,33686187,35432715,42706699,35028704
"Pos",28238,"[M+NH4]+",18.497,"DG 18:0_18:0","DG",1667440,2327233,1269372,1084499,2137220,1128330,1664897,1277335,922224,1129050,2141588,2128684,2245711,2027300,980772,1858624,2422242,2256178
"Pos",28101,"[M+NH4]+",16.969,"DG 18:0_18:1","DG",61795275,60109425,61407564,66803868,60201410,61087130,25955152,19177472,31515129,36180590,38170887,40336969,41550528,19861082,34216964,37022343,47152098,41542319
"Pos",30373,"[M+NH4]+",18.526,"DG 18:0_20:1","DG",6572624,6249037,6485650,6944424,6518597,6585581,2261616,1736593,1316464,3086617,3506437,3806873,3711451,3069441,2946153,3140594,4114876,3593972
"Pos",30207,"[M+NH4]+",17.559,"DG 18:0_20:2","DG",1248466,1668072,1211688,3682007,1275669,3314944,127515,71336,345958,371853,97742,198034,338594,244558,440499,276891,266364,228614
"Pos",30011,"[M+NH4]+",16.044,"DG 18:0_20:3","DG",6804193,2999218,3185379,8692394,7861618,8083983,1533024,1335119,2012894,1250725,2090683,1017131,2659208,2186795,2199568,1633415,3464455,1799150
"Pos",29821,"[M+NH4]+",15.263,"DG 18:0_20:4 (a)","DG",18610875,15316543,16418525,28614988,24865067,26139946,2824034,3842281,2779023,5844347,2571811,3209868,6308369,5347267,4257544,6525394,9022676,7843783
"Pos",29820,"[M+NH4]+",15.383,"DG 18:0_20:4 (b)","DG",2861372,2088290,2962179,4327147,3935468,4482746,1746999,583086,1357751,5844347,2761207,2460206,1004270,799163,1585060,976477,1347981,1177044
"Pos",32125,"[M+NH4]+",15.297,"DG 18:0_22:5 (a)","DG",4387258,3578627,3724556,5819101,5102378,2409223,1507154,618600,1851401,3444550,3737732,3636844,4445448,3753218,4432164,2922843,8132586,7250280
"Pos",32122,"[M+NH4]+",15.354,"DG 18:0_22:5 (b)","DG",2384079,3578627,3724556,5819101,5102378,2994206,1507154,626662,1851401,3444550,3737732,3636844,4445448,3753218,4432164,5999006,8132586,7250280
"Pos",27948,"[M+NH4]+",15.558,"DG 18:1_18:1","DG",109144357,102250046,106078051,105830699,102839980,101187909,61372745,40907771,74112555,73923004,76440204,78734221,83535120,63926533,65280947,70446321,84226025,73380119
"Pos",27768,"[M+NH4]+",14.391,"DG 18:1_18:2 (a)","DG",6388206,3644417,3324328,3632635,3290911,4495811,4050266,4078602,4729530,3186173,3417676,5023313,6405012,5508408,2624228,5783701,4919203,5277975
"Pos",27770,"[M+NH4]+",14.486,"DG 18:1_18:2 (b)","DG",3535711,1561530,2271578,3453797,4836372,2087824,2186562,650442,1649867,1689251,2592987,2190294,3204765,2067819,2378705,2280832,2503244,2863590
"Pos",29014,"[M+NH4]+",16.285,"DG 18:1_19:1","DG",3950068,3602588,3788117,4002594,3913225,3731856,1900479,1290532,2300406,2373850,2527628,2528712,2573325,2113294,2064963,2204495,2664432,2426306
"Pos",30208,"[M+NH4]+",17.049,"DG 18:1_20:1","DG",18926278,8643008,18360398,20286137,18449011,18953335,8151254,5966727,10226832,10554045,10853117,11707650,11528089,9179611,9168666,9983482,12309591,10659822
"Pos",30014,"[M+NH4]+",15.756,"DG 18:1_20:2","DG",2737488,1631541,2598867,2024438,1903547,2249101,568687,762654,1395014,780644,1286478,1016084,1675961,1323914,1406898,939959,1610735,1407844
"Pos",32664,"[M+NH4]+",18.647,"DG 18:1_22:1","DG",1754635,3193855,3298425,1803354,3311762,3452771,1362914,665243,900130,1929472,2105318,2148753,2319906,1201827,1878403,2335952,2756972,2489363
"Pos",31945,"[M+NH4]+",14.032,"DG 18:1_22:5","DG",1249058,1657032,1741187,1986271,2244739,1647163,1091616,892200,1443287,716127,1831452,1608392,2160102,1650291,1802612,1744462,2639975,2295390
"Pos",35198,"[M+NH4]+",20.02,"DG 18:1_24:1","DG",2393137,2185219,2362023,2191103,2151254,2070394,1102353,811560,1226291,1564312,1796902,1726995,1800911,1434923,1476144,1730491,2046622,1810182
"Pos",37831,"[M+NH4]+",21.13,"DG 18:1_26:1","DG",1189640,1067821,1124714,1072344,1083095,901281,452383,383429,503574,680198,845621,782117,812529,659683,364566,655122,803540,674780
"Pos",27603,"[M+NH4]+",13.322,"DG 18:2_18:2","DG",44147863,46688590,50254326,33675934,41782063,27529278,39524115,28623587,44937871,38646997,34441194,30623815,39004138,38306036,39481061,37931506,46201671,41481173
"Neg",4114,"[M-H]-",7.176,"FA 16:0 (a)","FA",76319,30257,54739,23630,38665,65280,28547,13885,32436,26153,31148,36113,80750,66330,42370,41399,23949,34497
"Neg",4116,"[M-H]-",8.023,"FA 16:0 (b)","FA",251331,224248,205330,238195,175778,234503,417480,251802,517024,647577,669238,669090,747070,671846,762895,786844,1050572,909232
"Neg",4029,"[M-H]-",7.733,"FA 16:1","FA",0,2826,0,2881,0,0,0,1763,0,0,2368,0,3618,0,3242,30840,51828,50654
"Neg",5616,"[M-H]-",9.226,"FA 18:0","FA",197864,194537,166864,205711,203365,202385,220988,164258,253808,269820,277941,249709,342002,286477,333374,373031,480100,430086
"Neg",5531,"[M-H]-",8.273,"FA 18:1 (a)","FA",169862,227220,194010,153979,134483,136675,361979,171168,385608,447210,557877,476075,968801,839569,905864,1617035,2091544,1717570
"Neg",5534,"[M-H]-",8.96,"FA 18:1 (b)","FA",4056,16176,9991,5842,2871,9203,10361,9081,21963,12057,4217,2325,6551,8398,8055,34502,48150,44085
"Pos",15343,"[M+H]+",1.128,"LPC 14:0 (a)","LPC",0,0,0,0,0,0,0,0,0,0,2916,0,0,0,0,0,0,0
"Pos",15345,"[M+H]+",1.501,"LPC 14:0 (b)","LPC",1953523,2436429,1703613,1642605,1466664,1380574,2182238,1430787,2142944,4861011,4549410,5547743,7897865,6664061,7156495,7728834,10405875,8943509
"Pos",15344,"[M+H]+",1.648,"LPC 14:0 (c)","LPC",6612787,10258069,5340175,6607337,4933286,4325442,12775083,9500438,15351832,39141728,40336447,43529948,61771047,57790210,62231802,70454152,95530677,82575481
"Pos",17396,"[M+H]+",2.505,"LPC 16:0 (a)","LPC",23615317,28891569,20815473,21304004,18088782,16618379,32201545,21355208,35472975,71010973,65981047,77091670,118282089,108406682,119054360,145456150,178578913,163213121
"Pos",17395,"[M+H]+",2.806,"LPC 16:0 (b)","LPC",120686186,155037952,102233268,107641004,90989834,86800335,236335561,147356304,281822548,588577028,616698397,623447366,942147938,867620659,971298558,1252922340,1732049101,1458984252
"Pos",17242,"[M+H]+",1.691,"LPC 16:1 (a)","LPC",11754240,13709707,11234135,9741015,8517123,8156374,7900865,5157176,8324616,10843178,9538592,11830556,17326641,15596339,16442314,19916010,25480133,24568841
"Pos",17241,"[M+H]+",1.858,"LPC 16:1 (b)","LPC",25697955,41945439,19134869,23715227,16697508,14223689,20788015,15033469,21791441,47177677,44475012,51029084,102343100,97639256,103617368,173378614,220312729,190765262
"Neg",23957,"[M+HCOO]-",0.922,"LPC 16:1<OH> (a)","OxLPC",0,0,0,0,0,0,0,0,0,0,0,0,26117,21279,41975,150697,156821,208126
"Neg",23956,"[M+HCOO]-",1.117,"LPC 16:1<OH> (b)","OxLPC",0,0,0,0,0,0,0,0,0,0,0,0,0,1733,1249,21965,2220,5850
"Pos",18390,"[M+H]+",3.437,"LPC 17:0 (a)","LPC",1274986,1711227,1144693,1167903,983085,875798,2123286,1378272,2541954,4993258,4865340,5143994,7903439,7326690,8090706,10490337,14213630,12052278
"Pos",18389,"[M+H]+",3.778,"LPC 17:0 (b)","LPC",1418829,1724742,1283855,1303235,1221071,1091183,2975287,1701902,3519629,6403913,6581994,6534116,9263864,8659500,9548170,11363386,15462245,13356773
"Pos",18232,"[M+H]+",2.417,"LPC 17:1","LPC",3056864,4824125,2388206,2726598,1986940,1749600,2547412,1783416,2854688,6164954,5878109,6264292,12658009,11684220,12468733,20638035,26454272,23120373
"Pos",19395,"[M+H]+",4.552,"LPC 18:0","LPC",3413173,4215947,2886838,3112713,2737722,2560307,5190316,3298116,5650968,10454206,9411461,11183386,16668851,14310020,16312642,17835853,23444729,21181131
"Pos",19245,"[M+H]+",2.853,"LPC 18:1 (a)","LPC",55302781,60376054,50967152,45065753,38846333,37717960,38466084,23493740,43010539,62797324,59340367,66661643,110129358,96312996,107689284,148972179,189842154,169672033
"Pos",19242,"[M+H]+",3.179,"LPC 18:1 (b)","LPC",126760185,194528165,97835729,115624946,88051310,76353313,117013944,77860487,134225373,261178472,251630984,268035512,569947152,498687725,545065408,918306314,1230279773,1033182312
"Neg",25730,"[M+HCOO]-",1.128,"LPC 18:1<OH>","OxLPC",0,0,0,0,0,0,2439,3159,3411,23975,30337,18000,99439,86235,73773,276478,262287,318562
"Neg",25564,"[M+HCOO]-",1.11,"LPC 18:1<oxo>","OxLPC",0,0,0,0,0,0,0,0,0,0,0,3387,0,0,0,26255,31948,49557
"Pos",19056,"[M+H]+",2.169,"LPC 18:2","LPC",6379842,9756699,4535370,5575387,4237592,3667002,2672352,2761880,2603688,5619424,4685178,8720402,21099351,19872061,21051224,38169389,49523664,43501763
"Pos",20231,"[M+H]+",4.26,"LPC 19:1","LPC",1316831,1700836,1111135,718980,999558,921184,1646286,1048203,2055861,3756122,3859314,3936741,7496381,6579734,7210413,10777057,14283622,12171202
"Pos",20931,"[M+H]+",2.615,"LPC 20:3","LPC",2170555,2789782,1748366,1988333,1443261,1367702,1151326,863972,1282489,2383869,2224519,2650019,6365689,6175730,6824147,12358410,15871195,14618671
"Pos",20814,"[M+H]+",1.923,"LPC 20:4 (a)","LPC",1694323,1776148,1587770,1248669,1299857,1159729,1023597,748583,1263362,1842438,1772466,1867995,3922713,3532955,3805638,6357315,8095285,7916220
"Pos",20813,"[M+H]+",2.09,"LPC 20:4 (b)","LPC",3154759,4514444,2359818,3042724,2275732,1910668,1812377,1585075,1762965,4292102,4045357,4990538,14322709,14140462,15530828,29117440,37524891,33540820
"Pos",20691,"[M+H]+",1.557,"LPC 20:5","LPC",945997,1512330,718997,908222,610884,560423,566312,440051,572539,1902762,1741291,2234831,5798272,5659730,6017341,10241928,13286516,12035437
"Pos",22815,"[M+H]+",3.23,"LPC 22:4","LPC",339273,405164,151816,184826,227671,195803,229902,94325,86387,681050,588076,594426,2064589,2145516,1973834,4838602,6240990,5553481
"Pos",22692,"[M+H]+",2.311,"LPC 22:5","LPC",2725408,3705216,2251264,2612374,1919413,1716048,1615857,1320197,1710536,4020506,3666264,4348877,12608653,12502476,13293701,25305963,32380780,29137566
"Pos",22557,"[M+H]+",1.962,"LPC 22:6","LPC",3088243,4024806,2477768,2820401,2255643,2037351,2156366,1715894,2324690,5163655,4862612,5935776,14003142,14072026,15076042,25701446,32933174,29410274
"Pos",18238,"[M+H]+",3.925,"LPC O-18:1","EtherLPC",14455283,15843573,13888522,12525269,12950857,12330228,24410416,15664929,28799079,41997726,42486469,42815614,60776833,52768049,60686523,66141116,86981913,73063346
"Neg",15096,"[M-H]-",2.079,"LPE 15:0","LPE",33859,122690,22713,31335,11920,15734,25866,47262,34911,19662,43380,28879,28461,39477,23428,39338,31210,57438
"Neg",15995,"[M-H]-",2.457,"LPE 16:0 (a)","LPE",108876,440430,54894,135076,37933,56362,93137,187641,193414,224277,428777,279751,680558,587516,705792,934138,1203844,1460534
"Neg",15994,"[M-H]-",2.744,"LPE 16:0 (b)","LPE",1016939,2342653,660619,1029107,677650,659155,866762,1426280,2049930,2042547,3647298,2090995,2829468,4619547,2742556,7748653,8732447,10432824
"Neg",15885,"[M-H]-",1.818,"LPE 16:1 (a)","LPE",132569,771592,108222,313785,156403,95301,117300,201259,242395,332410,723690,427769,1861746,1567055,1809723,3129947,2133233,4541872
"Neg",15884,"[M-H]-",2.404,"LPE 16:1 (b)","LPE",0,3045,0,0,0,0,0,0,0,15143,19097,10513,76345,74653,92770,196421,245884,304088
"Neg",16943,"[M-H]-",3.671,"LPE 17:0","LPE",75977,131019,35145,67268,45590,24217,53560,66932,110000,127099,242360,134762,196595,347023,386246,583442,637935,871884
"Neg",16797,"[M-H]-",2.358,"LPE 17:1","LPE",27462,84509,7399,19491,3879,9341,15320,31302,22315,46411,110860,69202,239030,202486,209008,392015,483132,579546
"Neg",18076,"[M-H]-",4.428,"LPE 18:0","LPE",264509,501707,60730,206966,70605,114836,161311,140536,309250,400015,642673,207366,1512485,1302471,1509048,2110171,2513184,3365470
"Neg",17891,"[M-H]-",2.81,"LPE 18:1 (a)","LPE",1077856,2021320,718470,1135374,755638,676620,650167,1230674,1551215,1372359,2583060,1517091,2756382,2370083,2317733,3557278,2471531,5027794
"Neg",17892,"[M-H]-",3.122,"LPE 18:1 (b)","LPE",2222527,4714976,1352170,2859711,1483196,1412330,1686055,2886106,3587948,4180158,6843180,4305087,14817343,11675144,12806427,11474839,25214974,29903417
"Neg",17730,"[M-H]-",2.123,"LPE 18:2","LPE",112684,350453,55159,107471,45732,30973,41615,101441,68520,160035,227793,190862,648459,644260,678054,1382007,1574108,2012721
"Neg",19749,"[M-H]-",2.575,"LPE 20:3 (a)","LPE",46294,64184,12349,26658,14208,11151,11945,75189,22606,68060,82978,80586,549527,665962,454423,720167,825395,1120408
"Neg",19747,"[M-H]-",2.686,"LPE 20:3 (b)","LPE",34229,111960,16005,51841,41812,28618,30598,45140,31088,94896,148551,186902,549527,158931,352939,774716,864625,887155
"Neg",19748,"[M-H]-",2.966,"LPE 20:3 (c)","LPE",13192,23577,7639,24007,4398,1462,3501,36256,21164,84166,77356,94701,392879,333629,399143,741129,784736,915735
"Neg",21587,"[M-H]-",1.124,"LPE 20:3<oxo>","OxLPE",0,0,0,5527,0,0,2301,0,0,9993,20858,28713,66622,62859,62676,284402,269108,343442
"Neg",19643,"[M-H]-",1.9,"LPE 20:4 (a)","LPE",1108199,1452500,734084,898362,704777,730119,780127,1022918,1786402,1610051,3185353,1764252,3103543,1103299,1271837,1697589,1958100,2668243
"Neg",19644,"[M-H]-",2.055,"LPE 20:4 (b)","LPE",836693,3748098,356168,1131995,727280,461057,640833,1497532,1405524,2625012,5412320,3066464,12299441,13793686,14950871,25726173,27712022,36699558
"Neg",19509,"[M-H]-",1.129,"LPE 20:5 (a)","LPE",255745,374825,113111,248375,218760,160834,192485,337445,390368,619838,1089846,733083,2068721,2054804,1859756,3450366,4000069,4018935
"Neg",19510,"[M-H]-",1.521,"LPE 20:5 (b)","LPE",154423,349791,70481,206121,112456,91157,125170,273731,457173,644376,1409131,1005338,2983885,2536739,3009769,5415630,5100275,7067645
"Neg",21512,"[M-H]-",3.176,"LPE 22:4","LPE",62967,119413,16912,111248,24647,21123,67145,154054,60877,362118,669012,400341,2001143,1538081,1591697,3030473,3600152,4450442
"Neg",21357,"[M-H]-",2.078,"LPE 22:5 (a)","LPE",562744,855643,369000,396820,528029,370294,449165,1115745,1233910,1555015,3403772,1668984,2555652,2164593,2372052,3393258,4053687,4598331
"Neg",21353,"[M-H]-",2.262,"LPE 22:5 (b)","LPE",382422,1581874,243201,808031,409685,367465,574525,1486970,1100843,2751021,5571078,3317126,13448167,12096492,11587521,21760692,23054434,32448034
"Neg",21358,"[M-H]-",2.703,"LPE 22:5 (c)","LPE",3768,9927,1720,11957,1442,847,4721,8006,4907,66900,113630,25234,160878,82026,205926,383988,524838,549104
"Neg",23235,"[M-H]-",1.122,"LPE 22:5<OH>","OxLPE",0,0,0,0,2407,0,0,4217,3730,21117,14440,17633,66111,57077,66057,257729,259853,308323
"Neg",21185,"[M-H]-",1.808,"LPE 22:6 (a)","LPE",633946,1501814,363101,205484,447583,157303,515888,1795895,472790,653692,1301038,733388,1518395,1283115,1281936,2079252,2301958,2875484
"Neg",21184,"[M-H]-",1.93,"LPE 22:6 (b)","LPE",768310,1523688,292863,1404954,491520,914250,762955,1367326,2953495,5229472,10344114,5920840,18297897,15713614,17897552,27809122,31032499,40793483
"Neg",23155,"[M-H]-",3.676,"LPE 24:5","LPE",0,6836,1484,2520,0,0,5973,27489,0,64849,107196,78962,188090,272718,311565,597740,620477,827200
"Pos",13278,"[M+H]+",3.307,"LPE P-16:0","EtherLPE",20027000,31211517,15734134,20133535,15622213,13410183,13854249,9417584,14527450,22107955,20606335,24236953,30534844,28364162,33273871,20451373,25554983,23108251
"Pos",14267,"[M+H]+",4.503,"LPE P-17:0","EtherLPE",633328,936633,622864,704247,548654,601783,433798,370783,598444,721533,666729,710563,875738,845738,930727,609288,821984,752520
"Pos",15221,"[M+H]+",6.161,"LPE P-18:0","EtherLPE",7647083,11108274,6536581,7571776,6218538,5673706,5446903,3574841,5926298,7467374,7463844,8258732,10102967,8836439,10336646,6277903,7788600,7140088
"Pos",15066,"[M+H]+",3.724,"LPE P-18:1","EtherLPE",4157565,6409171,3226542,3966727,3172466,2867229,2849811,1969616,3080907,4780745,4322135,4953284,6568716,6066278,7053098,4274222,5286573,4803554
"Pos",17251,"[M+H]+",8.651,"LPE P-20:0","EtherLPE",7192840,7364474,7155221,6343273,6313908,5683947,5721192,3350061,6363934,6005341,6222590,5985719,6140998,5235183,5529571,4005234,4980404,4357407
"Pos",18244,"[M+H]+",9.268,"LPE P-21:0","EtherLPE",335608,316040,309490,307291,274943,261659,236915,161210,296579,251635,260651,273657,280606,269608,271695,172406,252234,193757
"Pos",19252,"[M+H]+",9.849,"LPE P-22:0","EtherLPE",762650,822585,777147,713769,630505,620598,568912,373828,669442,646343,670522,618767,612699,533068,545455,388658,442901,374570
"Pos",31006,"[M+H]+",10.281,"PC 12:0_16:1","PC",3123103,3170936,3032928,2777852,2736595,2710407,2520277,1352480,2943857,2492377,2390979,2710004,2452901,1928657,2276176,1878733,2314487,2095551
"Pos",31191,"[M+H]+",11.163,"PC 14:0_14:0","PC",180280086,167898603,172922676,153278581,152029955,137350883,122017853,58113115,142411102,121535575,115186875,117926687,116800343,93836996,102058128,82436045,107511196,93777566
"Pos",33724,"[M+H]+",12.288,"PC 14:0_16:0","PC",2176506641,2068890676,2073522917,1887479359,1844391017,1760907304,1457769974,860852279,1704937802,1454197646,1460445835,1398674482,1375684827,1200499730,1270538644,1074332146,1323924149,1176333652
"Pos",33553,"[M+H]+",11.287,"PC 14:0_16:1","PC",423875032,402673708,398522487,358450196,362757981,337238612,317569782,159499667,361298953,329738339,330076712,332716876,331693755,268908884,288778753,242846186,309148396,265542353
"Pos",35704,"[M+H]+",10.729,"PC 14:0_18:3","PC",1422177,1418324,1380635,1285066,1267678,1266387,1118686,3894558,8221080,1028691,1125878,1197238,1046683,941333,1164525,865290,6486752,5646031
"Pos",38158,"[M+H]+",11.249,"PC 14:0_20:4","PC",12124322,11682700,11616716,10272677,10401452,9688792,8330585,4323045,10638613,9451492,9372321,8948215,9114321,7261125,8100528,5695067,7894578,7030918
"Pos",37948,"[M+H]+",10.551,"PC 14:0_20:5","PC",3931174,3561190,3699686,3207762,3154106,3061300,2883754,1473989,3244399,2963730,2883028,2831397,2940476,2167821,2507370,1853285,2483812,2357539
"Pos",40471,"[M+H]+",10.964,"PC 14:0_22:6","PC",13951052,12702296,13386989,11733003,11754542,10308067,9396001,4472607,10627862,10573662,10467728,9651029,10396687,7715677,8520324,6391811,8617656,7324705
"Pos",34980,"[M+H]+",12.683,"PC 15:0_16:0 (a)","PC",90635909,87271297,84657812,73032500,78203261,71116965,60913601,31446804,73379022,71240833,72575266,71416590,69659334,54768055,63085028,47122528,64570345,56675181
"Pos",34979,"[M+H]+",12.894,"PC 15:0_16:0 (b)","PC",299018669,283834159,281722163,253873662,247992793,228624326,181681273,105511254,230265942,193228115,199061515,191884477,190272599,156230161,171028796,141033155,175706711,158723378
"Pos",34790,"[M+H]+",11.838,"PC 15:0_16:1","PC",152273352,145694894,137818744,126388625,124682034,116250216,103786659,55327364,124364859,117633106,115014154,114900341,114181354,91130414,100793586,83697604,106870765,92820007
"Pos",36259,"[M+H]+",13.501,"PC 16:0_16:0 (a)","PC",4244648175,4074332314,4010021246,3745934366,3588953737,3435040228,2694071517,1727597256,3086709243,2665250001,2556820999,2586148188,2621567857,2180399452,2326178076,1982079370,2364858224,2247040724
"Pos",36269,"[M+H]+",14.453,"PC 16:0_16:0 (b)","PC",2192095,3800489,5470359,2601499,3062358,5775987,3404456,3103569,11307656,6684006,2693848,2595546,2441872,3377445,3094712,2411084,1952154,2084501
"Pos",36063,"[M+H]+",12.382,"PC 16:0_16:1 (a)","PC",9962860605,9666950646,9641297003,8878634869,8671868949,8347249282,7367451548,4344547300,8607813846,8196331948,8368206581,8153252155,8222145220,6849490033,7167626011,6352602823,7762790589,6762929605
"Pos",36073,"[M+H]+",13.648,"PC 16:0_16:1 (b)","PC",5238851,8198183,5134107,9162124,2254151,4988836,5836602,2971592,3224341,3809936,5656288,5892225,4859234,2551869,2463709,6705817,4798448,3577406
"Neg",38015,"[M+HCOO]-",9.546,"PC 16:0_16:1<OH> (a)","OxPC",63536,56969,34607,67676,42183,19915,9960,13508,50035,50645,8224,55611,45457,38030,25301,55213,55420,74052
"Neg",38013,"[M+HCOO]-",9.972,"PC 16:0_16:1<OH> (b)","OxPC",5161,16389,27732,6528,0,28058,5018,0,5566,17881,15961,22896,30525,20459,26408,37196,20840,40735
"Neg",38014,"[M+HCOO]-",10.188,"PC 16:0_16:1<OH> (c)","OxPC",15113,3032,10343,8340,11258,28659,19292,14338,8504,232299,226910,278057,379492,294163,374536,743707,910513,728275
"Neg",38016,"[M+HCOO]-",10.532,"PC 16:0_16:1<OH> (d)","OxPC",0,0,0,5413,3594,0,0,0,5240,12276,8361,18126,4922,6907,5336,11829,17614,20573
"Neg",38012,"[M+HCOO]-",11.055,"PC 16:0_16:1<OH> (e)","OxPC",11569,0,23987,12220,0,0,158809,0,4838,9611,0,4205,15515,0,12122,19984,10229,25429
"Neg",38011,"[M+HCOO]-",12.406,"PC 16:0_16:1<OH> (f)","OxPC",839407,890546,932299,832451,662142,863864,720367,367899,660665,733558,647983,850877,918215,905388,1091263,672366,734668,630181
"Neg",38918,"[M+HCOO]-",9.534,"PC 16:0_16:1<OOH>","OxPC",0,4648,3416,7207,0,3775,12417,2475,11582,223627,157217,236149,330040,269117,333483,618282,693772,654788
"Neg",37901,"[M+HCOO]-",9.448,"PC 16:0_16:1<oxo> (a)","OxPC",0,0,6142,4579,0,0,0,0,0,5424,4068,12078,10373,12333,12980,59967,51863,40650
"Neg",37903,"[M+HCOO]-",9.578,"PC 16:0_16:1<oxo> (b)","OxPC",4198,0,0,4579,4090,0,0,0,0,4164,4429,0,7689,5486,9218,24347,20567,24094
"Neg",37902,"[M+HCOO]-",9.785,"PC 16:0_16:1<oxo> (c)","OxPC",0,0,0,0,0,0,0,0,0,0,0,0,0,0,4864,4350,4422,0
"Pos",37645,"[M+H]+",13.94,"PC 16:0_17:0 (a)","PC",170102670,160962670,159710611,139683453,136599247,133262573,104487001,58761864,129181444,118558878,122433870,121589495,120832368,99978348,102611346,89073809,107932778,97486706
"Pos",37643,"[M+H]+",14.192,"PC 16:0_17:0 (b)","PC",79914799,75640674,72885320,64592787,67777725,62895995,41581884,26801496,53292395,47236558,49005749,46916545,37941230,36136789,42546669,30003681,44204180,37353183
"Pos",37430,"[M+H]+",12.998,"PC 16:0_17:1","PC",1427823316,1392854660,1373692727,1238030669,1221714975,1122404738,953198246,502799437,1174051862,1098647201,1113087063,1106925863,1105642406,892438723,930275003,797660060,1018532189,878868973
"Pos",38958,"[M+H]+",14.895,"PC 16:0_18:0","PC",653465528,642219422,631172230,565509184,536167091,526839430,339679421,213369762,413027777,360066008,366069861,372464345,365090703,293817223,319516043,256808858,333237687,299126489
"Pos",38747,"[M+H]+",13.586,"PC 16:0_18:1 (a)","PC",24093177318,23334188453,23081941247,21753841545,20938041301,20004782715,17621867637,10939241689,20235565844,19657479404,19572328049,19647054693,19562094850,16156344941,17193436777,15141553838,18125433674,16649548657
"Pos",38762,"[M+H]+",14.988,"PC 16:0_18:1 (b)","PC",19062320,25820027,8165695,14516056,7368984,11955173,5727363,9557311,5550106,23420436,32883233,15014581,35814799,11203926,35374059,9637573,9009649,23955031
"Pos",38759,"[M+H]+",16.525,"PC 16:0_18:1 (c)","PC",1273646,2082881,3038018,2625978,3923265,1813106,1165156,681795,1300704,2301334,658308,2508284,2094651,1184482,2495870,1017769,2295159,1388559
"Pos",38746,"[M+H]+",19.932,"PC 16:0_18:1 (d)","PC",405920,613025,403065,215848,505649,397908,278049,366529,325798,332118,399733,319684,329536,123054,175154,387306,557591,453003
"Neg",39507,"[M+HCOO]-",10.056,"PC 16:0_18:1<OH> (a)","OxPC",169119,153119,187547,187645,75993,122046,98170,53207,150630,126121,134070,180266,246919,91100,145340,89126,82201,159864
"Neg",39504,"[M+HCOO]-",10.848,"PC 16:0_18:1<OH> (b)","OxPC",6518,4576,0,0,11173,13849,12956,12251,27785,45521,69447,86743,195773,148716,157110,259970,348527,294746
"Neg",39503,"[M+HCOO]-",11.09,"PC 16:0_18:1<OH> (c)","OxPC",118199,117184,150629,165833,168278,144100,207849,68830,171189,523468,457788,650757,924677,769582,1001899,1348111,1732290,1681425
"Neg",40332,"[M+HCOO]-",9.999,"PC 16:0_18:1<OOH> (a)","OxPC",0,0,0,12050,5085,4970,6590,3081,8463,101100,84293,113300,167841,126333,175690,331949,443022,334200
"Neg",40333,"[M+HCOO]-",10.247,"PC 16:0_18:1<OOH> (b)","OxPC",4941,3663,7406,8837,4837,16856,19493,6911,22706,160313,183985,236684,352403,344715,285322,557288,852247,550228
"Neg",40331,"[M+HCOO]-",10.373,"PC 16:0_18:1<OOH> (c)","OxPC",0,3663,7406,33745,13030,8868,36975,22079,26573,268906,247823,357085,510135,341769,454875,865350,998122,1031908
"Neg",39403,"[M+HCOO]-",10.09,"PC 16:0_18:1<oxo> (a)","OxPC",13467,22615,3324,11802,17969,13272,6203,5378,3562,76272,52575,70720,102685,96501,110078,209521,191196,172464
"Neg",39402,"[M+HCOO]-",10.237,"PC 16:0_18:1<oxo> (b)","OxPC",15289,4244,6930,16314,21349,25893,58516,17674,55508,225008,227309,287488,534003,389481,419468,778152,1002484,812390
"Neg",39405,"[M+HCOO]-",10.424,"PC 16:0_18:1<oxo> (c)","OxPC",21781,7040,9425,32520,24296,21122,16004,6036,41425,62855,79090,87725,166789,156752,204130,230046,209454,228276
"Neg",39401,"[M+HCOO]-",10.657,"PC 16:0_18:1<oxo> (d)","OxPC",0,0,0,0,0,0,0,0,4637,3853,11867,4856,36447,27765,17755,17675,25298,122444
"Neg",39407,"[M+HCOO]-",10.959,"PC 16:0_18:1<oxo> (e)","OxPC",0,0,0,0,5924,0,0,0,0,3839,0,0,10653,0,0,0,8449,0
"Pos",38338,"[M+H]+",12.07,"PC 16:0_18:3","PC",35431350,36190050,37800015,28666642,27602839,29465778,25197095,13062549,29918689,29903478,29873355,30594503,29995666,24510029,26478815,21211465,26991572,22922430
"Neg",40104,"[M+HCOO]-",9.214,"PC 16:0_18:3<2OH>","OxPC",0,0,0,0,0,0,0,0,0,0,4108,10405,0,0,9240,26041,21728,13927
"Pos",40098,"[M+H]+",14.278,"PC 16:0_19:1","PC",605989100,570077371,560067055,503626330,617812704,480540184,371147489,201642449,473558673,445251531,449832183,440916813,449989795,345369532,372167029,301601492,502413363,372172887
"Neg",42220,"[M+HCOO]-",12.841,"PC 16:0_19:4<OH,oxo,OOH>","OxPC",0,0,0,0,0,33142,0,0,0,0,0,0,10314,9374,11946,0,0,0
"Pos",41726,"[M+H]+",16.427,"PC 16:0_20:0","PC",17999592,17738848,17054515,15623168,15109944,14024441,9111057,6102457,10935260,10325501,10227943,10454523,10444252,8711557,9090555,7132671,9542542,8459439
"Pos",40862,"[M+H]+",12.148,"PC 16:0_20:4 (a)","PC",50957806,54315356,62302151,19052640,43902824,19266722,15017381,8030586,51285118,17653786,17844137,48538609,17979953,31713244,15707618,11863451,16013585,28783289
"Pos",40860,"[M+H]+",12.333,"PC 16:0_20:4 (b)","PC",524948087,495741504,493986205,496784522,442876789,467467092,398501881,227082853,427247190,475163177,477369633,408262818,446650456,337457042,401461509,308564816,405107152,332108884
"Pos",40654,"[M+H]+",11.55,"PC 16:0_20:5 (a)","PC",166617016,157007973,157255042,136391735,134877788,127468541,109729708,58744869,142146147,131681808,132429586,123022621,127066698,97883934,110679286,78619027,109531219,95172075
"Pos",40648,"[M+H]+",12.502,"PC 16:0_20:5 (b)","PC",308255514,292599646,280575162,286840288,297871055,287452856,293398657,246730009,277471501,275404748,263944927,263726581,266995333,254665901,245210378,192561841,274279538,266385462
"Pos",43703,"[M+H]+",13.184,"PC 16:0_22:4","PC",69582801,54160705,21885235,22356839,81073077,85824119,33244448,10178150,80282009,13693555,31818101,20838486,20500148,16600062,42743331,14341196,74569709,39465069
"Pos",43519,"[M+H]+",12.368,"PC 16:0_22:5","PC",775659964,716105345,726826769,668458996,651369354,624439427,519568167,302947388,616128223,606355460,628133785,584297296,583108398,491221951,518554693,414647745,535598397,477408042
"Pos",43329,"[M+H]+",11.967,"PC 16:0_22:6 (a)","PC",315963998,295741616,288832455,261037418,255215903,237975420,194073982,103218361,246803002,233817421,229545166,219882581,217697421,173962189,186418729,135279743,187395418,161266258
"Pos",43325,"[M+H]+",12.717,"PC 16:0_22:6 (b)","PC",67899519,73541832,67072697,66896896,63902499,61423377,110129371,49923237,58595236,57280405,60450247,44452847,53939831,51769551,54657886,54595796,62070984,100999253
"Pos",46951,"[M+H]+",18.074,"PC 16:0_24:1 (a)","PC",16955593,1755460,6230161,1650579,5713219,1505641,2681506,645752,1072227,1082613,5787187,1110708,7771646,4171153,3591071,3046470,3258660,3895650
"Pos",46953,"[M+H]+",18.147,"PC 16:0_24:1 (b)","PC",17191902,17286239,6610623,15273357,5713219,7770609,2681506,3830119,10839030,5277673,5787187,11598569,7771646,4171153,3591071,3404662,4392105,9065694
"Neg",30770,"[M-H]-",4.455,"PC 16:0_9:0<COOH> (a)","OxPC",3002,0,0,0,0,0,1922,3318,0,0,0,0,2946,0,0,0,1764,0
"Neg",30767,"[M-H]-",11.376,"PC 16:0_9:0<COOH> (b)","OxPC",0,0,5870,0,0,0,0,0,0,0,0,9420,0,0,0,0,0,0
"Neg",32409,"[M+HCOO]-",6.195,"PC 16:0_9:0<oxo> (a)","OxPC",64639,65090,28150,46006,30373,37412,46930,66162,87908,49422,43917,26525,30652,21623,54336,30211,43083,37126
"Neg",32408,"[M+HCOO]-",6.392,"PC 16:0_9:0<oxo> (b)","OxPC",98643,84184,57192,74381,57400,28116,67880,170594,164725,79479,101891,67927,95260,52820,74346,85290,105825,91862
"Pos",35869,"[M+H]+",11.392,"PC 16:1_16:1 (a)","PC",466539663,445234699,438474841,393138472,394627519,370722499,347003930,180762521,410042669,369133259,368226905,374687537,379335813,303522881,325612021,278711267,346108775,297516907
"Pos",35871,"[M+H]+",12.002,"PC 16:1_16:1 (b)","PC",38905750,36653673,36634142,32356926,31712651,30729455,27308812,13970896,32152593,30555821,29145634,27843452,29850840,24098783,26079143,19390843,27880006,22356639
"Pos",37228,"[M+H]+",11.948,"PC 16:1_17:1","PC",141792880,130817354,132705196,112651567,114971564,101203583,92343884,45228153,112418977,103164957,100130252,106338947,102129895,86344070,89252276,75371613,101249476,80954931
"Pos",38535,"[M+H]+",12.485,"PC 16:1_18:1 (a)","PC",7037966897,6834322098,6845340356,6174399562,6100323669,5776708734,5076614227,2869574455,6113207265,5713474212,5850471639,5899358960,5816485982,4723511016,5078875426,4386929699,5496313040,4728256458
"Pos",38544,"[M+H]+",13.486,"PC 16:1_18:1 (b)","PC",21844887,23206398,30793712,26738890,24948632,26879786,23339856,21090577,24858577,28938493,22271932,24161100,21931405,21727521,19904037,21875430,21249884,17668042
"Neg",40207,"[M+HCOO]-",9.57,"PC 16:1_18:1<OOH> (a)","OxPC",4908,4360,3861,19859,29011,11142,16114,9342,35297,110654,68475,99992,95535,89357,109782,204637,243828,191035
"Neg",40215,"[M+HCOO]-",9.752,"PC 16:1_18:1<OOH> (b)","OxPC",0,4120,8745,4159,10983,0,17318,3486,13008,146260,159049,230019,157230,172817,222940,421466,583878,453360
"Pos",38337,"[M+H]+",11.606,"PC 16:1_18:2 (a)","PC",52503832,25596420,25696339,22533891,47750049,42059403,42096928,18435446,50006609,42638180,40675835,46059375,48994830,31206917,41381828,30144820,19385813,35443155
"Pos",38339,"[M+H]+",11.733,"PC 16:1_18:2 (b)","PC",172897014,209664035,202713849,178802364,135298904,126368165,106324864,59933873,136002223,122270039,129990257,115796653,118527255,99301049,101065615,88529442,148734344,96676140
"Pos",38334,"[M+H]+",13.457,"PC 16:1_18:2 (c)","PC",140535893,137365088,133496270,139845089,137519735,133490067,128684130,122251220,124329513,112406976,105522957,105667358,112830222,106428762,109217272,100514349,104151899,104837183
"Pos",38159,"[M+H]+",10.821,"PC 16:1_18:3","PC",7714808,8046716,7808765,7370551,7056013,6608524,6335675,3298314,7099499,6343280,6395974,6812662,6416786,5304810,6062320,4839497,5597996,5260672
"Pos",40653,"[M+H]+",11.336,"PC 16:1_20:4","PC",28249275,25552187,27306164,24860508,25412561,22749951,19994137,9415086,24668643,21758637,21664316,22186425,21340151,16735434,19014122,14076291,20097230,16565685
"Pos",40470,"[M+H]+",10.653,"PC 16:1_20:5","PC",8078045,7607314,7427737,6710777,6757673,6512895,5949723,3013020,6667866,6482841,5995517,6095021,5959968,4801691,5343219,4027687,4980412,4362360
"Pos",43330,"[M+H]+",11.367,"PC 16:1_22:5","PC",18638603,16408968,17288543,14504986,15092829,13787347,12336603,6186960,14438118,13501989,13507702,13080642,13909275,10592078,11983566,8979820,12800228,10452300
"Pos",43123,"[M+H]+",11.034,"PC 16:1_22:6","PC",63423157,56742743,59588737,50937833,50967885,47136583,41212694,17972785,49267428,47120689,45712478,42535220,44832903,34321786,37015292,26729690,36348942,32090791
"Pos",40099,"[M+H]+",14.068,"PC 17:0_18:1","PC",141970221,142522553,142403025,117400600,45292273,120186159,83550854,52531164,90304024,99539546,109874963,108300884,104935244,93314041,83233772,87790484,35784128,70396830
"Pos",39888,"[M+H]+",13.079,"PC 17:1_18:1","PC",910811282,827393577,812274532,779229644,783749856,719684904,581827374,323345262,707461369,712580055,701650440,710078114,713290670,584272541,589249957,503491216,665783719,561873620
"Pos",39684,"[M+H]+",12.176,"PC 17:1_18:2","PC",55215537,26771495,26519898,44213927,22919211,43379269,37270579,10950550,22238345,21276858,43435407,21139168,23878929,34366998,35325509,31470049,36592338,29450865
"Pos",42109,"[M+H]+",11.886,"PC 17:1_20:4","PC",12576706,11008735,14114223,9717450,10221128,8503127,7541713,3622144,8713571,8301279,8552905,8754659,8042382,6824196,7098684,5417107,7233900,6162411
"Pos",41485,"[M+H]+",14.982,"PC 18:0_18:1 (a)","PC",2984527722,2929441670,2897419546,2580554049,2474010046,2395615442,1715625898,998604045,2198384731,2151602501,2243658098,2236249711,2192309680,1729955765,1813040731,1541444643,2021375113,1811274845
"Pos",41491,"[M+H]+",15.894,"PC 18:0_18:1 (b)","PC",4435986,2699946,8338614,2430691,2384753,7617319,1750337,3598503,2068096,6226192,2114792,2172937,3469443,1740673,6792290,1628996,4028102,1735393
"Pos",44232,"[M+H]+",16.492,"PC 18:0_20:1","PC",82277190,80049709,80178779,71006064,69157462,65872058,44718943,29226146,56774565,57510725,58255406,60797836,58606665,47575959,47727515,42314621,55360561,48740166
"Pos",43877,"[M+H]+",14.167,"PC 18:0_20:3 (a)","PC",219089350,209425414,196344583,175078115,172750314,167037307,132604558,75157635,160545332,165006180,159501848,162599677,155622707,121848943,136011835,109083178,143648391,122554685
"Pos",43878,"[M+H]+",14.594,"PC 18:0_20:3 (b)","PC",25736579,26511739,25811717,24124736,22370219,20885333,17559593,10989677,21621883,20619965,20706879,11801383,20011228,10816373,18101249,14462363,16777928,16864853
"Pos",43702,"[M+H]+",13.534,"PC 18:0_20:4","PC",175664569,186234247,169131510,159457577,157029713,151385204,125750618,80609325,154360273,147470204,144498465,140801487,142341466,116214680,126554145,93719186,123715717,111648011
"Pos",43520,"[M+H]+",12.644,"PC 18:0_20:5","PC",121096678,126390090,122644667,91823476,104560896,92782455,73860370,41590456,102709641,97382436,102615586,93748214,96240511,67576479,83845975,55902326,80940280,65991143
"Pos",46234,"[M+H]+",13.531,"PC 18:0_22:5","PC",177581957,174562911,175141128,155266974,157544634,144688140,124341989,80500304,149255659,145663191,144345265,136981193,139266057,116407349,121783257,96018247,119869407,116909105
"Pos",46039,"[M+H]+",13.123,"PC 18:0_22:6","PC",144181333,142808526,138368891,122887751,124778069,116755937,89947587,54823664,114602517,108802781,106906618,110259131,101278968,85449299,88206063,64699057,87863913,79484218
"Pos",41251,"[M+H]+",13.687,"PC 18:1_18:1 (a)","PC",13079675948,12688488768,12576360448,11567528011,11208006744,10857627364,9216282365,5618143675,11044167688,10507268740,10682226074,10764517790,10633392784,8694806324,9210118301,8233428996,9936920166,8862084365
"Pos",41265,"[M+H]+",14.991,"PC 18:1_18:1 (b)","PC",32260896,7095086,33130289,20000313,16600844,30075759,22976258,4704665,28649132,15450835,23108479,21609304,16449504,10388028,14442003,6165094,17037045,24059116
"Neg",40864,"[M+HCOO]-",10.92,"PC 18:1_18:1<OH> (a)","OxPC",5442,6265,5702,10327,15778,16089,7324,5931,20137,167873,120246,168024,317337,237180,280698,500581,636352,533247
"Neg",40863,"[M+HCOO]-",11.193,"PC 18:1_18:1<OH> (b)","OxPC",6367,0,0,19977,11957,6402,50630,14696,59571,398530,314912,454968,691974,627076,831702,1347756,1628660,1553196
"Neg",41640,"[M+HCOO]-",10.077,"PC 18:1_18:1<OOH> (a)","OxPC",20199,7992,24888,28102,22497,22766,27597,23851,69722,173276,170866,155428,219160,193154,208344,292119,485265,343591
"Neg",41637,"[M+HCOO]-",10.332,"PC 18:1_18:1<OOH> (b)","OxPC",17563,4928,15709,38011,37992,39670,74713,19347,50100,139842,147842,153967,195306,134896,169425,488072,402872,304904
"Neg",41641,"[M+HCOO]-",10.429,"PC 18:1_18:1<OOH> (c)","OxPC",9372,7457,8250,41252,24804,39670,100234,28779,104274,257986,200269,237188,336229,320376,350108,547940,660760,696101
"Neg",40748,"[M+HCOO]-",10.465,"PC 18:1_18:1<oxo> (a)","OxPC",17663,6759,13914,24957,4749,6946,4854,3174,18690,38596,22588,21379,98630,66016,47569,108885,80960,66173
"Neg",40747,"[M+HCOO]-",10.739,"PC 18:1_18:1<oxo> (b)","OxPC",0,9833,0,0,0,6139,0,0,0,8734,3618,5100,19840,19797,28558,45969,78350,48124
"Pos",41066,"[M+H]+",12.692,"PC 18:1_18:2 (a)","PC",1793765159,1751165509,1701302449,1527060551,1502353800,1411100809,1189014499,422000135,995808805,1378756262,1440013794,1421956221,932336584,1097551915,1202022365,978476744,1275383792,1120916191
"Pos",41067,"[M+H]+",12.867,"PC 18:1_18:2 (b)","PC",185161714,171589454,165980255,145249955,146688400,137366834,115796803,199328465,484390219,134224635,135834168,131991513,493236476,109925852,119543194,96101257,125647355,109031106
"Pos",41068,"[M+H]+",13.268,"PC 18:1_18:2 (c)","PC",72596855,69055359,73819266,59004488,58812330,52562724,46028082,24487492,62757791,53930150,41495314,52791645,50626800,37989050,48286886,35340429,46877208,38938722
"Pos",40861,"[M+H]+",11.841,"PC 18:1_18:3","PC",118464249,110776055,101251328,91734770,96439278,86406320,74889615,39995906,91808236,84228857,86062026,82583303,84100705,66997752,70750668,58924629,80566379,64616789
"Pos",42725,"[M+H]+",14.346,"PC 18:1_19:1","PC",370063232,364844407,363049220,319934292,314338046,299745800,232592407,128321013,291425321,286874605,290195231,288798949,282512884,224441622,235313906,208783132,257985461,230287628
"Pos",42522,"[M+H]+",13.273,"PC 18:1_19:2 (a)","PC",48009918,43963617,42944305,38623568,40000820,36189059,28832363,15430319,35331074,33635322,34980662,35313516,17518104,27145565,28941474,23906323,32186784,29511444
"Pos",42521,"[M+H]+",13.478,"PC 18:1_19:2 (b)","PC",57809610,54130012,56721060,52996251,43956710,43129503,37671614,22682212,46913852,48558739,44416573,41739426,45248909,33975034,37012811,34675915,40299381,36380478
"Pos",44066,"[M+H]+",15.042,"PC 18:1_20:1 (a)","PC",1026150470,998169749,987613262,876092216,846029707,815576708,590909437,332121544,748220495,732155690,767096761,779900479,763546715,590627410,607574570,557364609,699394961,619467300
"Pos",44067,"[M+H]+",15.89,"PC 18:1_20:1 (b)","PC",3796178,1207432,5224594,1315354,1069866,1045643,1712629,537368,961813,933497,1247956,1042996,1018123,785113,815421,780845,1854955,2398325
"Pos",43876,"[M+H]+",13.889,"PC 18:1_20:2","PC",263701311,250815754,253654975,219265086,220817419,213833908,157031610,86965918,209102911,190901859,208185127,201266255,198011117,160254742,162961715,137343458,180627230,162850194
"Pos",43704,"[M+H]+",12.979,"PC 18:1_20:3","PC",263917014,257392345,258772616,259549060,239848245,203576239,183704519,110807138,215935815,222404579,210200006,253238535,244853995,185169080,195570676,166772996,180557458,181271174
"Pos",43328,"[M+H]+",11.63,"PC 18:1_20:5","PC",117154235,112135209,110175126,97427040,92618080,89395521,75874962,39568481,97275176,90806014,91516107,85146759,87684009,67351862,74763504,55263422,73883811,66601905
"Pos",45430,"[M+H]+",15.775,"PC 18:1_21:1","PC",15349221,18347133,18459453,15884548,15229456,15165083,10104406,2552618,10718002,10552730,13599399,13898366,13800605,10521817,10936420,10187902,10452800,10810760
"Pos",46770,"[M+H]+",16.577,"PC 18:1_22:1","PC",60767604,61447380,60264257,53585736,52110146,50064079,33892344,21242864,43326857,43444416,46194289,30517920,45606512,36234902,36020139,23233144,42613024,37847748
"Pos",46601,"[M+H]+",15.333,"PC 18:1_22:2","PC",41915714,41787476,41578312,35889962,19980637,33742209,24153204,14298874,30568423,30647548,31823732,31352858,31427687,24231957,25013826,22461866,29202675,25485377
"Pos",46235,"[M+H]+",13.307,"PC 18:1_22:4","PC",59523911,53308832,56458618,45487791,50795948,45999565,34325930,18483656,45514053,42982991,44755653,41834581,40862196,33164957,34428426,28031058,39605728,33733846
"Pos",46038,"[M+H]+",12.416,"PC 18:1_22:5 (a)","PC",265702522,250000260,247701596,231640465,222222364,218623710,173898832,105043585,213907578,211724398,216243776,203751211,206989093,166635176,182690668,147876666,194257928,164951541
"Pos",46037,"[M+H]+",12.682,"PC 18:1_22:5 (b)","PC",39136812,44123231,10040187,36068304,29698769,33092980,24756119,13217236,31823433,27042722,38194140,32694609,28176917,25240267,26210072,19944934,23816500,24965398
"Pos",45831,"[M+H]+",12.034,"PC 18:1_22:6","PC",273866115,257016199,253549442,229921596,215659103,207583877,167550288,86732471,214142989,201131329,195912106,194501779,188899087,151263702,159688569,120281169,161941113,139197545
"Pos",49494,"[M+H]+",18.212,"PC 18:1_24:1","PC",9254461,15687570,23207117,20327359,12684239,8573620,13141644,8124363,15035670,16305490,17785379,18420717,16124952,13028598,13438554,13233156,16439152,13409108
"Pos",48691,"[M+H]+",13.424,"PC 18:1_24:5","PC",21717930,14401521,17332132,14993305,14531958,13767423,11249982,3509450,14215733,12638975,16771316,14347402,21165102,3700465,9190437,7647381,12466027,10243252
"Pos",51971,"[M+H]+",19.742,"PC 18:1_26:1","PC",9717471,9834728,9931317,9187703,8590014,8407988,4759817,3557916,5837794,6862794,7290932,7642846,7108266,5471966,5104012,1327017,6604776,5749822
"Pos",45629,"[M+H]+",11.184,"PC 18:2_22:6","PC",13894698,12507708,12775020,7106402,11125048,10191854,8795757,4033867,10816948,9810109,9624862,9248027,9766127,7422784,8358872,5632803,7653972,7023037
"Pos",42921,"[M+H]+",15.472,"PC 19:0_18:1 (a)","PC",9959509,9497299,11606722,3571639,7689007,9127335,5159909,4302370,6683618,7943969,7236083,7890332,8762168,6522652,5865073,6881897,8621436,4723653
"Pos",42920,"[M+H]+",15.722,"PC 19:0_18:1 (b)","PC",39068578,38801436,37189584,33649533,33419822,30257887,13480972,13543149,29407194,27373312,29355585,29440418,28203658,22615535,23436686,19761448,23726882,22363733
"Pos",46414,"[M+H]+",14.285,"PC 20:1_20:3","PC",39935799,37467847,40027887,32623155,33200967,31433654,21964070,12208608,17075116,30253720,16236720,30308123,29232779,21560705,22914158,18776837,26227748,22301452
"Pos",48690,"[M+H]+",13.551,"PC 20:1_22:5","PC",21452155,9663668,19889962,22648045,20880006,21028938,6592293,10541773,17169344,6687065,17497738,17360838,21165102,23029694,7677800,14010406,16787594,5974622
"Pos",48487,"[M+H]+",13.173,"PC 20:1_22:6","PC",26659624,26192700,26734761,22136292,22648924,21307064,16496506,8951035,20747309,20006175,20420644,19900803,18939587,15386883,15753251,12441323,16670991,15014615
"Pos",45407,"[M+H]+",10.575,"PC 20:4_20:5","PC",858464,784639,757271,760871,674774,703639,374381,251384,677397,636634,662473,606570,590494,439827,469069,219586,252376,434606
"Pos",48103,"[M+H]+",11.325,"PC 20:4_22:5","PC",2283621,4371069,2258983,2007381,3908096,3686015,1755762,551271,1712146,1848925,1672121,1998584,3522778,1594298,1596531,805543,845605,2602622
"Pos",47904,"[M+H]+",10.998,"PC 20:4_22:6","PC",3902894,3627245,3656424,3064723,3011649,2922850,2340622,1097951,2838528,2661968,2598929,2348473,2273530,1925090,1823543,1169009,1623265,1485967
"Pos",47712,"[M+H]+",10.309,"PC 20:5_22:6","PC",633997,612983,648020,558143,533166,501800,411308,190429,499298,485469,425459,446038,418746,311776,343183,243839,312582,249441
"Pos",50356,"[M+H]+",11.013,"PC 22:5_22:6","PC",4905004,4207250,4597704,3819262,3896192,3441042,2895548,1340603,3592064,3659985,3299177,3112886,3104276,2443284,2704589,1710676,2492829,2213641
"Pos",50178,"[M+H]+",10.661,"PC 22:6_22:6","PC",858235,807195,847298,739482,736975,647982,565967,266154,637734,644180,631377,590125,582233,423661,486078,273036,432690,387960
"Pos",49670,"[M+H]+",19.787,"PC 24:0_18:1","PC",6057803,12247840,6938929,6510066,11106701,5331375,6177645,2404129,7414898,7784852,8673407,8856438,4892527,3501663,6796646,6253714,4637807,7110251
"Neg",30773,"[M-H]-",11.606,"PC 25:0<COOH>","OxPC",6030,0,0,0,0,0,4800,0,4588,0,0,0,0,0,0,0,0,0
"Neg",40836,"[M+HCOO]-",11.696,"PC 33:4<OH,oxo,OOH>","OxPC",0,0,0,0,0,0,0,0,0,0,0,0,0,0,0,0,0,4767
"Neg",39393,"[M-H]-",10.825,"PC 34:2<OOH,COOH>","OxPC",136062,133233,101712,84821,121624,136757,91346,31503,104582,116092,98240,103270,136885,79251,130594,84045,126951,93535
"Neg",41516,"[M+HCOO]-",12.301,"PC 34:4<OH,oxo,OOH>","OxPC",0,84155,58137,16611,0,27208,0,10315,30061,28777,92841,27172,0,87338,0,51258,43237,110909
"Neg",42120,"[M+HCOO]-",12.04,"PC 35:4<2oxo,OOH>","OxPC",0,0,0,0,0,0,0,0,0,0,0,0,0,0,0,0,0,0
"Neg",42219,"[M+HCOO]-",12.602,"PC 35:4<OH,oxo,OOH>","OxPC",0,0,0,0,0,0,0,0,0,0,0,14870,0,13482,0,13384,0,14672
"Neg",42118,"[M+HCOO]-",11.774,"PC 35:5<OH,oxo,OOH>","OxPC",0,0,8163,0,0,0,0,0,0,0,0,0,0,0,0,0,0,0
"Neg",40857,"[M+HCOO]-",14.871,"PC 36:2<OH>","OxPC",376325,309927,316662,360891,354294,271203,232167,134310,204410,230147,266979,228538,219559,242869,254030,187709,329787,295332
"Neg",43433,"[M+HCOO]-",14.083,"PC 37:4<OH,oxo,OOH>","OxPC",5266,0,6108,5559,0,0,0,0,12437,0,0,0,0,0,8412,0,0,5802
"Neg",43332,"[M+HCOO]-",12.674,"PC 37:5<OH,oxo,OOH> (a)","OxPC",0,0,0,0,0,0,0,0,0,0,0,0,0,0,0,0,0,13817
"Neg",43333,"[M+HCOO]-",12.891,"PC 37:5<OH,oxo,OOH> (b)","OxPC",58434,31432,41212,60312,24002,33021,8229,5378,10314,0,21759,14070,9493,0,8796,15605,36559,9024
"Neg",41917,"[M+HCOO]-",11.721,"PC 37:5<OH,oxo>","OxPC",970916,703410,656695,780925,601838,741115,532066,322352,631805,664543,649640,707800,664168,502168,587471,392629,612170,543409
"Neg",42499,"[M+HCOO]-",13.093,"PC 39:5<oxo>","OxPC",2031201,2619362,1747322,2204389,1981334,1995331,1709296,920717,1954531,1821530,1699167,1656345,1790767,1660520,1656465,1555398,1671130,1770821
"Neg",42416,"[M+HCOO]-",12.866,"PC 39:6<oxo>","OxPC",405505,322447,346488,340513,329394,346024,284410,124004,285960,325101,250512,302818,258711,236063,254676,127171,183930,186118
"Pos",29994,"[M+H]+",11.88,"PC O-12:0_16:0","EtherPC",34287196,32137114,31232610,28353430,27325811,26105051,22236185,13024309,26810269,24141303,25165326,24015771,24514295,19360838,21543878,18009436,23487577,20915931
"Pos",32111,"[M+H]+",11.816,"PC O-14:1_16:1 (a)","EtherPC",5811231,6014579,5459298,4796002,4548755,4458951,3971630,2311397,5218940,4592607,4316820,4634473,2779624,3244992,2952267,2077375,1786462,2633056
"Pos",32110,"[M+H]+",11.873,"PC O-14:1_16:1 (b)","EtherPC",5812013,6014579,3729421,4796002,4548755,4458951,3971630,2311397,5218940,4593592,4316820,4634473,1174015,1726732,2952267,2077375,1138751,2633056
"Pos",34612,"[M+H]+",12.752,"PC O-14:1_18:1","EtherPC",15937081,18332163,20632702,17103424,15762604,14245127,14361515,6450869,15686243,17211760,16943827,15548796,16102371,13539110,13698614,10189737,14614809,12089021
"Pos",31195,"[M+H]+",12.447,"PC O-15:0_14:0","EtherPC",20199009,17839730,18141224,18202459,17131609,16351233,13878405,8010090,16442298,13959089,15173313,14709363,14999800,12741476,7379470,11613420,14829079,13235574
"Pos",32475,"[M+H]+",13.078,"PC O-16:0_14:0","EtherPC",958325564,945185297,933059614,843550601,831259108,778950058,641860271,360809023,765021241,658106030,652355126,672641850,666893674,550051786,563164691,510872254,628072979,564392790
"Pos",32298,"[M+H]+",11.997,"PC O-16:0_14:1","EtherPC",45642839,44688309,48375456,41967197,38696497,34007737,33745634,16239832,38426504,33117136,35752868,36380961,35911958,24638398,30481074,27590607,34775137,28566336
"Pos",33740,"[M+H]+",13.5,"PC O-16:0_15:0 (a)","EtherPC",26581871,26094810,21966270,22067289,25556432,24695639,20516045,11113044,20504179,17853118,19743928,22372117,21775040,8758489,21925387,19412076,19852890,18464255
"Pos",33735,"[M+H]+",13.699,"PC O-16:0_15:0 (b)","EtherPC",215659413,214439467,211953495,196352265,188030189,178280071,154730123,99282814,183212064,169362354,166107803,165092145,76170003,141678118,146877115,132159879,158169302,146668696
"Pos",34998,"[M+H]+",14.407,"PC O-16:0_16:0 (a)","EtherPC",4601701156,4542004879,4534220094,3995674705,3905072916,3786268548,2887871054,1785680703,3500709396,3085181300,3073199115,3173127645,3203134665,2590812327,2712641411,2535788865,2998185126,2685488610
"Pos",34997,"[M+H]+",14.482,"PC O-16:0_16:0 (b)","EtherPC",4601701156,4542004879,4501908678,3998027673,3903599781,3782154088,2881363241,1785680703,3479418453,3065862432,3064332805,3173127645,3203134665,2588906430,2712641411,2536140571,2998185126,2685488610
"Pos",35000,"[M+H]+",15.823,"PC O-16:0_16:0 (c)","EtherPC",5977671,5014507,6771191,1993832,8502111,2831881,4001493,6399737,1671036,3040928,4071048,1606323,1999233,6512957,2372696,2828124,4504462,1926349
"Pos",34799,"[M+H]+",13.191,"PC O-16:0_16:1","EtherPC",3150988371,3180003540,3118056196,2775244679,2769710352,2546030207,2252788728,1268591647,2673619632,2443057833,2462808395,2541532655,2610161614,2052586107,2158097541,2028866789,2484721091,2114273640
"Pos",36277,"[M+H]+",14.924,"PC O-16:0_17:0","EtherPC",76879663,73166615,73582656,72376358,68361852,62832200,46179175,26336298,57939002,55041837,60814662,52093906,58495935,44191300,46662864,45933311,56018598,51579698
"Pos",36078,"[M+H]+",13.814,"PC O-16:0_17:1","EtherPC",354984279,357736618,350481191,314536953,306416536,303028606,246201327,142670946,299782442,272908027,285157167,289195134,293379768,239742406,244600020,218200495,278056037,241069187
"Pos",37438,"[M+H]+",14.502,"PC O-16:0_18:1 (a)","EtherPC",6030065023,5999806868,5934925109,5355869285,5191672861,4929541644,3995069852,2340022205,4955479846,4515975067,4687932690,4823354604,4857990420,3831942336,3974326633,3841825151,4544635464,4036636808
"Pos",37440,"[M+H]+",14.611,"PC O-16:0_18:1 (b)","EtherPC",589602090,559753855,548900545,5367464842,521884631,484341504,423224448,267921951,442886068,502438346,455858222,488535516,483098503,439173256,405395338,3849766894,490024787,407728535
"Pos",37239,"[M+H]+",13.42,"PC O-16:0_18:2","EtherPC",881353453,887778474,878663615,791600794,587005212,737023446,460621975,356698663,751535673,689286299,698918427,561153710,741633751,446419712,419656196,568384829,694255047,453386714
"Pos",37039,"[M+H]+",12.455,"PC O-16:0_18:3 (a)","EtherPC",46520594,50161600,50747862,45225637,44486238,42353907,34253790,20270401,42291519,38658152,41079589,42445303,41839168,31669386,33724772,32723115,40066981,32286781
"Pos",37040,"[M+H]+",13.153,"PC O-16:0_18:3 (b)","EtherPC",88508473,143714802,139448382,71575773,115517268,71968781,95668558,35405780,58694722,67531512,64188917,66743826,63585426,79207448,53829705,28668011,31487227,55886125
"Pos",38548,"[M+H]+",14.303,"PC O-16:0_19:2","EtherPC",25027173,24626694,23985877,22298848,20598178,21078904,16030217,9201217,22460430,20523738,18242151,21018390,14636958,16386407,17496689,14848644,19120126,16364000
"Pos",39693,"[M+H]+",13.675,"PC O-16:0_20:3","EtherPC",325521504,319695269,323176285,292717097,278687009,275339742,237772236,140694830,288662696,272457322,279801279,287036810,272848530,225370309,240231458,217380471,257802135,225392785
"Pos",39501,"[M+H]+",12.892,"PC O-16:0_20:4 (a)","EtherPC",61941006,59042835,59994002,50124671,51872564,48868269,38041603,21367534,53108645,43451194,51938995,46047831,46902838,38093471,41832813,36365377,47156511,35289973
"Pos",39500,"[M+H]+",13.101,"PC O-16:0_20:4 (b)","EtherPC",941632359,905898968,919567889,812257271,822131395,751176634,623949461,337280853,762688043,724205316,725969302,721278939,725776519,589092889,595704253,507861492,662504808,617138575
"Pos",39496,"[M+H]+",13.446,"PC O-16:0_20:4 (c)","EtherPC",65642422,80145676,59589115,69382476,53533080,59344750,56511991,26367655,62291051,62439634,55217872,55990637,47506515,40270091,47838071,32352348,36157601,11897402
"Pos",39495,"[M+H]+",13.847,"PC O-16:0_20:4 (d)","EtherPC",23411254,21523230,23732621,21456612,16719093,19779471,17067333,8952509,20705971,18621502,20229785,16814115,18701921,14744699,12660147,7087796,9382098,9373312
"Pos",39322,"[M+H]+",12.233,"PC O-16:0_20:5","EtherPC",393250923,379134635,373600485,340960669,333127702,312571359,275900565,146984395,328826009,301270217,316279977,298204918,304781592,249336464,260253767,215997215,279164999,237643923
"Pos",42928,"[M+H]+",17.696,"PC O-16:0_22:1","EtherPC",32326041,64653467,29848105,61045359,57199968,54656455,42054571,26184148,48487288,48316940,49365118,53256270,51842635,42487837,41720680,42648684,49644405,22527329
"Pos",42732,"[M+H]+",16.294,"PC O-16:0_22:2 (a)","EtherPC",108831484,109395711,96733813,115163118,86483718,83477043,80708970,47325856,78812818,79510079,80610857,105249240,103927259,69387635,82834682,66050243,80880071,70676144
"Pos",42733,"[M+H]+",17.365,"PC O-16:0_22:2 (b)","EtherPC",15895724,15776156,16817189,14359260,14365441,13266325,9960218,6853691,12371850,7242112,11728116,12827096,10785957,9415195,9743309,7139366,3585079,7361375
"Pos",42327,"[M+H]+",14.083,"PC O-16:0_22:4","EtherPC",82871477,69896652,100620082,56939190,116451610,101777406,42074280,41549343,100305160,100688625,99450607,52106663,47650395,76859821,80865008,67756013,89491783,56344156
"Pos",42123,"[M+H]+",13.117,"PC O-16:0_22:5","EtherPC",1085485258,1034614989,1037723402,909591025,933611290,850902402,699969640,378636701,854951567,823762650,814698219,808396596,808821882,661847211,683774047,577588326,740898558,653157431
"Pos",41942,"[M+H]+",12.671,"PC O-16:0_22:6","EtherPC",683532504,659330616,636946108,600373019,560454138,558087996,447096830,231271231,542811753,517688704,550619510,558553947,507662194,416179837,444957249,366311561,468541557,506605069
"Pos",45439,"[M+H]+",17.786,"PC O-16:0_24:2","EtherPC",3094253,8389917,12541376,5746015,6786914,6160352,10819594,2709737,2090712,6333965,3615062,6972355,5347941,11879313,6168965,4779628,4535699,4930932
"Pos",45028,"[M+H]+",15.284,"PC O-16:0_24:4","EtherPC",21447721,12775829,20264003,17525362,18717522,10445607,11298053,3956435,14462055,14400440,16224132,13950191,5225516,6857773,11181176,12210708,14615061,10257626
"Pos",44816,"[M+H]+",14.186,"PC O-16:0_24:5 (a)","EtherPC",76057959,77701145,75664419,69756254,69957883,60219131,48452804,25122094,58327207,60013604,59314884,62355425,61074101,42149527,45391614,39048870,53096799,45450699
"Pos",44818,"[M+H]+",15.196,"PC O-16:0_24:5 (b)","EtherPC",6343579,6599628,7074776,1862565,2186351,5288419,4040152,2006613,4610865,4671993,4603201,2020114,4587617,1187133,1757291,854632,2443010,2389857
"Pos",32296,"[M+H]+",12.889,"PC O-16:1_14:0","EtherPC",218026937,208569381,210483637,183476704,190671003,169517364,143575029,82764256,175809642,153926243,160750695,153230196,142729477,117140445,125752079,79946368,101632213,85714051
"Pos",34802,"[M+H]+",14.211,"PC O-16:1_16:0","EtherPC",874969818,832122162,828167488,722431421,731008385,686362267,539076113,328685841,650678250,608134011,594261056,599904301,557973800,453263126,472020325,315378231,400059966,344962823
"Pos",34614,"[M+H]+",12.185,"PC O-16:1_16:1 (a)","EtherPC",15494498,6138607,11007403,13461274,11459512,10087193,11967636,5065879,12151256,9399935,11452052,10284746,11775674,9654828,8986563,8348995,12523746,8230201
"Pos",34617,"[M+H]+",12.995,"PC O-16:1_16:1 (b)","EtherPC",451261731,448732210,432288381,390804633,399413772,360991332,312875394,177344720,380152040,337529544,346772118,336368011,316063244,256633597,258394880,178111098,221822358,184391769
"Pos",35881,"[M+H]+",13.573,"PC O-16:1_17:1","EtherPC",37092737,58026109,59594882,51207025,34540953,52641972,44112047,30020190,51650402,49649384,48069850,48498262,45536764,38379112,38826056,28003897,12008879,25979398
"Pos",37241,"[M+H]+",14.287,"PC O-16:1_18:1","EtherPC",1023217490,1018964950,1007653449,883247599,868417382,832226833,665342464,382924712,800030205,756107350,749594625,753393488,701233790,561215057,571468575,390509151,484942936,406769136
"Pos",39323,"[M+H]+",12.907,"PC O-16:1_20:4","EtherPC",152160058,141123717,141889421,123400263,129153195,112625048,96305468,50632318,120364676,108795509,112369663,105009043,94715301,81745992,87090028,54849399,66411706,60058520
"Pos",39156,"[M+H]+",12.026,"PC O-16:1_20:5","EtherPC",46239938,42415043,43065564,37983563,35831538,33657310,27230287,14169351,36541452,32186039,31115110,30229690,27155972,21050547,22225934,12179384,16664670,14439493
"Pos",42122,"[M+H]+",13.806,"PC O-16:1_22:4","EtherPC",17023607,19813766,33320063,34902881,40843427,35525818,20516178,11882120,35026710,32678402,31953642,18967833,31705414,17874224,15460848,9528829,20998339,21864529
"Pos",41704,"[M+H]+",12.447,"PC O-16:1_22:6","EtherPC",119438628,113314473,116652288,104871264,104124981,95242590,82525828,50734917,100936561,90593156,93437682,88641581,79402237,67002067,69241032,42118053,55077796,45682143
"Pos",34420,"[M+H]+",11.965,"PC O-16:2_16:1","EtherPC",4672807,4890562,2634881,4334552,4229175,3473494,3523725,1923052,4301273,2920075,3547430,3519942,3058892,2711319,2306655,1301642,2539320,1605599
"Pos",45221,"[M+H]+",16.709,"PC O-16:2_24:1","EtherPC",1959361,1903194,4981476,4562543,3000738,2384216,1425554,2346725,1590072,4250940,1256869,2028778,3267741,3366166,1783729,1689647,2609192,3734043
"Pos",36276,"[M+H]+",15.134,"PC O-17:0_16:0","EtherPC",93221554,95236145,93452830,77578296,74534477,73669453,40290511,36149174,67038978,59960757,56786287,64717863,63315037,53217639,55462407,46800500,59343826,50115629
"Pos",38767,"[M+H]+",15.233,"PC O-17:0_18:1","EtherPC",141195628,159430476,162928428,123379086,116613805,47137043,53728595,59295566,121171722,62702634,40629256,62336977,65268039,27365528,102031207,97952754,106550238,58445892
"Pos",40873,"[M+H]+",13.729,"PC O-17:0_20:4","EtherPC",25361275,24413340,15703486,26426862,22756604,20390930,7314517,4370990,11350773,18893621,18359854,14797012,20107158,16734868,16628378,14634689,11007195,16138036
"Pos",43342,"[M+H]+",13.287,"PC O-17:0_22:6","EtherPC",17877868,16388111,17536671,14695781,14532140,14087024,10105029,6139324,13069913,12915941,12813514,11816109,12792651,8870363,10190296,8648349,10534684,9210678
"Pos",36079,"[M+H]+",14.663,"PC O-17:1_16:0 (a)","EtherPC",19667122,21240843,10413857,18154813,18211654,16086860,7666977,8229387,8890101,15147747,14256538,15562345,13207649,10625382,11653111,6187220,10036924,4342271
"Pos",36076,"[M+H]+",14.902,"PC O-17:1_16:0 (b)","EtherPC",21419171,19838585,21682791,17664403,17457921,16708554,8146354,3719640,6452550,15117736,16220709,15002783,12593178,6279920,11137053,8236969,10508964,7520886
"Pos",38550,"[M+H]+",14.792,"PC O-17:1_18:1 (a)","EtherPC",10075782,11783706,3905474,3632378,8902787,8381579,6615579,3854731,7977685,2693994,7906349,7932500,5604020,4515788,5676501,3775399,4391076,4981357
"Pos",38553,"[M+H]+",14.98,"PC O-17:1_18:1 (b)","EtherPC",43871548,43711393,55483388,48068293,36925569,36148685,28187917,16541554,33115243,37877560,32824771,30770959,32614809,24998684,24628839,15338286,19829753,18005850
"Pos",37650,"[M+H]+",15.957,"PC O-18:0_16:0","EtherPC",651688795,653297177,636281465,542790473,527013623,517916595,375039999,240643153,443117074,411497012,407333018,436644109,426517983,348427572,367107167,328038137,414910713,359291264
"Pos",40104,"[M+H]+",16.038,"PC O-18:0_18:1 (a)","EtherPC",659301430,661593178,442914231,575777867,553411014,532499271,402788175,242544800,489910815,460581493,478960377,509827831,510459621,398218178,405003513,395607788,487666652,414034892
"Pos",40105,"[M+H]+",17.282,"PC O-18:0_18:1 (b)","EtherPC",4944737,4520846,4663775,2261192,914943,4863942,2990285,2182453,1914240,4422192,2591679,3321505,1065249,2604723,989646,1573195,3380997,1379674
"Pos",42530,"[M+H]+",15.121,"PC O-18:0_20:3","EtherPC",105799249,100904686,102243320,87358034,87330835,80401963,57640182,37995661,83115512,81709494,85182005,76871252,77896532,40328392,68860015,56897495,81093876,63638475
"Pos",42328,"[M+H]+",14.431,"PC O-18:0_20:4 (a)","EtherPC",226957861,221656317,222098479,196748164,199538601,184086110,139261120,81680745,175248271,174415099,179613189,175310966,173268215,141384955,143766742,127043052,158882692,145832828
"Pos",42331,"[M+H]+",14.849,"PC O-18:0_20:4 (b)","EtherPC",30263882,29665298,27863503,22711276,18125888,23972433,17103687,6804464,21967626,18719297,17927348,19948641,7146771,14434516,14194972,9308473,12056529,3661795
"Pos",42124,"[M+H]+",13.441,"PC O-18:0_20:5","EtherPC",162438144,148969160,151020976,141623473,137277075,132571835,111473841,59817903,127694625,125996780,119826417,112453089,121433262,103139859,98405089,86236403,115957146,101936238
"Pos",45438,"[M+H]+",17.88,"PC O-18:0_22:2","EtherPC",10502448,12109383,12541376,8677489,8984142,10255521,10819594,2021718,1824001,5635619,8411791,1453859,10411033,11879313,6861635,7584071,3309723,2197658
"Pos",45027,"[M+H]+",15.506,"PC O-18:0_22:4","EtherPC",15681992,14506943,16361583,15093533,15176340,11053833,8540615,1823167,10330640,10061414,8763901,10199755,13747776,9684255,8848188,8587191,9129204,9753505
"Pos",44815,"[M+H]+",14.399,"PC O-18:0_22:5","EtherPC",181947744,173276459,175030845,153949577,154349599,143635769,107544968,63273548,137413439,132652847,140072585,134941090,131207890,107964118,112591860,97877809,122730839,46556658
"Pos",44633,"[M+H]+",13.939,"PC O-18:0_22:6","EtherPC",164877674,165291505,160522682,143472092,138113023,134266329,99594051,56930117,129811836,113411735,128528006,121179286,161152941,95867841,100028695,80417571,108570951,114987642
"Pos",47541,"[M+H]+",15.651,"PC O-18:0_24:5","EtherPC",8200156,7853713,8317588,7616282,7064871,6964009,4322491,2066538,5719320,5633346,6716379,6360533,2465150,4789727,4220399,4377986,4747188,5256670
"Pos",37442,"[M+H]+",15.677,"PC O-18:1_16:0","EtherPC",76884528,76268190,67724573,72217918,63195382,25467865,46701759,35725707,24349211,60159272,58969273,57358039,57375340,41833706,47581116,36879196,37952107,37838030
"Pos",37240,"[M+H]+",13.272,"PC O-18:1_16:1","EtherPC",98005440,96963328,97709186,81326285,200794945,78595673,156657195,35845254,83207478,72030019,71791170,168080809,75881751,156196984,171122306,59158591,75307056,157075898
"Pos",38554,"[M+H]+",13.968,"PC O-18:1_17:1","EtherPC",75582198,74087808,71289317,62315967,62501271,59984965,48481655,26844197,57804359,53296181,59771144,58459456,58637392,45171126,47937066,42953314,55836093,46793627
"Pos",39890,"[M+H]+",14.58,"PC O-18:1_18:1 (a)","EtherPC",1061575286,1093611625,1046825662,937097448,816677737,862136968,704348670,390342154,844388838,779229221,818790216,864150218,874445869,652654255,682003836,664889136,824487375,707810414
"Pos",39891,"[M+H]+",15.768,"PC O-18:1_18:1 (b)","EtherPC",162375397,162198479,160218875,142931291,139775163,132746121,99524932,61502747,121459712,111969954,114617567,119437260,110349633,88124633,85821354,62781288,76613919,64057864
"Pos",39692,"[M+H]+",13.465,"PC O-18:1_18:2","EtherPC",118907735,123571290,110601379,103346993,100256207,98638379,80345548,42741977,89221523,84665343,83316984,82990797,95974212,74101278,64156771,70514699,92435164,79162351
"Pos",41073,"[M+H]+",14.366,"PC O-18:1_19:2","EtherPC",26511520,14888997,7720370,8514724,21621537,19437758,16596570,5465216,10864369,22893143,12307461,9872712,17257379,9048518,10835240,7826425,18220150,8511117
"Pos",42731,"[M+H]+",16.061,"PC O-18:1_20:1","EtherPC",26070536,25671340,26575070,7270306,25683208,21715878,5067413,2974482,21228182,15612361,18987313,6582105,6450324,13037672,5193152,16015761,18984493,16082559
"Pos",42326,"[M+H]+",13.778,"PC O-18:1_20:3","EtherPC",114646673,63989708,55353164,98050862,42458272,95850918,77761841,17772351,91618875,85666408,95405377,53807067,58093471,37878492,80311763,68953721,55812695,45455418
"Pos",42125,"[M+H]+",14.179,"PC O-18:1_20:4","EtherPC",65556089,62280244,62892439,52832867,53829976,48951393,38508371,21392535,44412511,44812194,47147625,44321583,41450777,30356178,33350438,21181905,27613340,22727075
"Pos",41943,"[M+H]+",12.285,"PC O-18:1_20:5","EtherPC",158799027,151090479,152084690,135311086,133276694,129680395,113073871,62263206,135590502,125064427,127541111,122507759,121916571,101177745,106255805,88597474,113171974,96584533
"Pos",45222,"[M+H]+",16.359,"PC O-18:1_22:2 (a)","EtherPC",5350805,3281855,6018802,4693556,5669678,4630635,2962759,2746723,4185506,4159062,4061194,5056738,2686145,3463331,3181342,4720300,4789145,3786078
"Pos",45223,"[M+H]+",16.425,"PC O-18:1_22:2 (b)","EtherPC",5646072,5589525,6018802,2142906,5669678,4630635,1559875,2746723,4628929,4159062,3628833,5056738,2003947,2050777,1395080,4720300,4789145,2821755
"Pos",45224,"[M+H]+",17.428,"PC O-18:1_22:2 (c)","EtherPC",1950195,2761816,2744893,3202492,2286207,2785430,1844951,1698837,3853477,2038280,2257595,3036600,3543723,1702317,1809904,2249514,1592340,1435849
"Pos",44634,"[M+H]+",13.161,"PC O-18:1_22:5 (a)","EtherPC",265830195,230627887,234359082,199665957,207647693,189083336,153462048,84781803,192415270,179134656,182575202,177679192,179332355,144337080,151731813,126492110,178790785,157595930
"Pos",44635,"[M+H]+",14.148,"PC O-18:1_22:5 (b)","EtherPC",68139005,57397297,59731092,49991553,56485864,48739714,37707470,20656462,42765034,48239731,45806389,43174074,12994339,32330286,30125929,18496610,24287955,8627671
"Pos",44417,"[M+H]+",12.735,"PC O-18:1_22:6 (a)","EtherPC",335851171,263326088,249365118,227932849,227628307,200536812,218370126,110141755,271486343,197735570,204656415,200318200,206602965,192223776,212053026,157192427,207355436,180428995
"Pos",44416,"[M+H]+",13.668,"PC O-18:1_22:6 (b)","EtherPC",50500602,54475328,54431468,53440139,50130501,49106269,42041868,29653538,48410164,42314956,46397499,43283082,38834559,35535922,37307618,22454329,26624619,25048935
"Pos",47326,"[M+H]+",14.251,"PC O-18:1_24:5","EtherPC",15602839,16211943,14223632,12282946,11280121,13271249,8354316,2492812,5772936,12245624,10260994,6713685,9883335,6708136,9152510,6425040,9879228,7535583
"Pos",39695,"[M+H]+",14.344,"PC O-18:2_18:1","EtherPC",311131706,360150711,307382520,300336283,302779954,289801988,227327216,125086979,278902561,256547606,270149274,222359263,215191702,164842273,198961105,108696326,183513902,128269074
"Pos",42532,"[M+H]+",15.754,"PC O-18:2_20:1","EtherPC",27220739,15646171,19694461,15359844,16132374,5802129,12344440,7339635,7484174,18757319,7554182,19898192,20045334,2430556,6156784,1909169,10486020,3608548
"Pos",41941,"[M+H]+",12.893,"PC O-18:2_20:4","EtherPC",227349140,215797859,232030266,186960504,210133839,146027508,149852540,85721937,198761327,169847846,180478592,131981215,204080123,124179404,135928712,72516332,98646656,28802813
"Pos",41705,"[M+H]+",12.097,"PC O-18:2_20:5","EtherPC",25575904,23673336,24377301,20871013,19779657,19465661,16615316,8496817,20787436,18164578,17998228,17166702,15924090,12702371,13637900,6804155,10370606,9123494
"Pos",44418,"[M+H]+",12.939,"PC O-18:2_22:5","EtherPC",26537029,65107966,68520765,54842759,60291148,60575313,16645363,8843886,19142261,51028933,55531125,51660384,39635696,14138098,14659319,10721730,12732516,11240195
"Pos",44220,"[M+H]+",12.523,"PC O-18:2_22:6","EtherPC",58645983,56031464,56850539,51697468,51054796,47187692,39354752,23179341,47607566,43749173,46589970,43738122,38608230,31691021,34356598,19350902,25649640,22058172
"Pos",38977,"[M+H]+",16.477,"PC O-19:0_16:0 (a)","EtherPC",5478871,4284528,6619535,5322301,5664991,4983209,3445988,1023827,2389040,3811121,3191806,4241429,4461030,2814161,2542722,3257660,4108279,3365703
"Pos",38978,"[M+H]+",16.744,"PC O-19:0_16:0 (b)","EtherPC",5515204,2425625,1980170,5000689,1552617,4315937,2523665,2085017,3217975,1551313,4139093,1155157,4280082,3715067,2414407,2774642,1635843,1007046
"Pos",41498,"[M+H]+",16.833,"PC O-19:0_18:1","EtherPC",15880282,9318403,17407556,9202577,7206424,2400185,10021806,1243657,12165050,12605446,7350562,13085993,13704129,7327988,7892498,7219315,11760580,11175280
"Pos",41272,"[M+H]+",15.471,"PC O-19:1_18:1 (a)","EtherPC",12943279,19480296,10651570,9810820,4195998,12660107,2947469,2547807,15442028,18605237,8728854,10231994,10348049,7802289,1665759,15258851,6952542,3942216
"Pos",41278,"[M+H]+",15.781,"PC O-19:1_18:1 (b)","EtherPC",5310772,5475471,4469560,3829964,4245501,3529064,805190,1626146,968443,2931691,1281630,3189292,4090301,2948329,2849083,2776815,4210788,836961
"Pos",40298,"[M+H]+",17.649,"PC O-20:0_16:0","EtherPC",9757610,23258512,22511056,20668585,19698739,18763156,6402295,9623342,6631348,16099126,16406974,17343796,6401100,14440241,14759094,6318033,16524530,15080691
"Pos",45029,"[M+H]+",15.971,"PC O-20:0_20:4","EtherPC",13314030,12676082,11566625,11013726,11170556,10067266,7987072,1886736,9582629,8851566,9342731,9311962,4447613,7729645,7882079,6231287,7970155,7205400
"Pos",47542,"[M+H]+",15.927,"PC O-20:0_22:5","EtherPC",24568750,24177778,23537918,20282861,20015669,18354524,15537917,9688861,17879012,16925070,17186991,17587029,18449650,14551840,14928850,12692738,16643069,13666296
"Pos",47325,"[M+H]+",15.41,"PC O-20:0_22:6","EtherPC",24137844,16492016,23715141,20918699,14200079,13101355,14820385,6397109,11725783,13078033,16521960,16903878,11202038,13552660,10346224,10352462,9448593,11809996
"Pos",42734,"[M+H]+",17.449,"PC O-20:1_18:1","EtherPC",15895724,15776156,16816881,14359260,14341737,13266325,9960218,6853691,12169769,6372056,11728116,12704825,10785957,9415195,9742543,7015271,4164991,7275592
"Pos",47327,"[M+H]+",15.606,"PC O-20:1_22:5","EtherPC",2163258,7656108,2143555,2009288,5845948,5433342,1467787,3578031,6129932,3332503,1593301,1540578,1526394,1246127,3557025,873322,3357752,981670
"Pos",43156,"[M+H]+",19.35,"PC O-22:0_16:0","EtherPC",10184038,9795714,9516005,8486452,8063539,7721393,2481731,4004789,5607001,2955451,2929675,7323989,2847100,5964218,5140911,5364635,6484684,6020049
"Pos",45663,"[M+H]+",19.375,"PC O-22:0_18:1","EtherPC",17266675,11249895,16824599,14678351,14454409,13806237,9654849,3669848,11470908,7491298,4889010,13050150,8185396,10721673,10711842,2073905,12569196,6118405
"Pos",47123,"[M+H]+",13.985,"PC O-24:6_18:1","EtherPC",10610049,8104958,9034492,7606011,8379704,7075534,5110109,2101445,5452467,5949366,7315577,5561879,3222166,4470830,4381776,2240821,4756656,4024453
"Neg",38819,"[M+HCOO]-",14.873,"PC O-34:1<OH>","OxEtherPC",67631472,60403661,63867261,59245242,54634154,54640692,36830281,21516055,42669638,38838147,35036641,38289082,38741122,32594058,34814000,28756592,36098316,32513250
"Neg",40233,"[M+HCOO]-",16.389,"PC O-36:1<OH>","OxEtherPC",2112816,1979973,2019639,1876427,1867489,1746245,1100925,676667,1370076,1259654,1217162,1279812,1248163,1073569,1082357,978997,1286565,995344
"Neg",31813,"[M-H]-",13.62,"PE 16:0_16:0","PE",3326083,3135124,3297418,2902822,2986128,2735476,2086938,1335686,1699260,2664613,2454833,2520547,2560358,1945329,1979012,1667932,2380857,1847679
"Neg",31699,"[M-H]-",12.494,"PE 16:0_16:1","PE",37666633,31064651,32328114,30098368,30352247,28917297,24612689,12848380,24586012,27329724,24301292,28546652,27058889,22781289,23337575,19650889,21701825,19821588
"Neg",32596,"[M-H]-",13.102,"PE 16:0_17:1","PE",6771382,6585358,6111913,5728807,5893351,5646891,4303383,2353812,4871678,5224977,4649574,5366895,4927910,4414024,4456813,3549291,4273096,3561180
"Neg",33587,"[M-H]-",14.959,"PE 16:0_18:0","PE",4356880,3821631,4043110,3649659,3448653,3449918,2033366,1235186,2397694,2811260,2678646,3103343,2733631,2263629,2310397,2035482,2464243,2023645
"Neg",33472,"[M-H]-",13.739,"PE 16:0_18:1 (a)","PE",157048704,150165539,138149995,131806216,124875458,128957098,95192104,56041797,109937937,116262265,109107342,125091969,111038626,96113068,98661997,81826008,97642383,85104652
"Neg",33473,"[M-H]-",15.786,"PE 16:0_18:1 (b)","PE",4511,4294,5259,170767,79976,147552,3210,19162,3611,2538,11143,0,3043,0,7124,2405,0,0
"Neg",34827,"[M-H]-",12.263,"PE 16:0_20:4 (a)","PE",1534858,572577,1438658,1000674,522791,557151,365276,545663,990707,931179,820179,1094210,947845,876448,711999,463055,888330,599311
"Neg",34824,"[M-H]-",12.46,"PE 16:0_20:4 (b)","PE",52077385,43768316,44322848,41888600,43828901,42025690,32992757,17728273,33798089,38895646,34090413,39495016,35442176,31665635,33195491,25015719,27896848,27314200
"Neg",34695,"[M-H]-",11.645,"PE 16:0_20:5","PE",11362195,9803581,10450534,9063498,9506783,8707774,7004432,3581833,7952326,8133278,7289148,8529104,7750951,6355254,6869879,4613609,5382051,5576667
"Neg",36259,"[M-H]-",12.075,"PE 16:0_22:6","PE",20719899,17158283,18641363,17368005,16522684,15772785,11451473,6523499,13387405,14988578,13143505,14683600,12635872,11268219,11862584,8625169,9933723,9419642
"Neg",31603,"[M-H]-",11.469,"PE 16:1_16:1","PE",4172790,3384326,3779017,3167024,3208508,3000466,2739762,1392229,2944440,3023795,2610415,2996074,2973745,2372284,2674334,1976214,2152846,2119003
"Neg",33346,"[M-H]-",12.601,"PE 16:1_18:1 (a)","PE",70242735,60535946,61959595,56047347,52913790,52063311,45511558,23243991,46549978,50504139,44959154,50805871,48838517,40465921,41029441,33601133,38816061,35145028
"Neg",33347,"[M-H]-",13.737,"PE 16:1_18:1 (b)","PE",236338,490952,11965,98793,24097,31436,0,7286,400404,14217,20040,17584,121396,0,53234,0,44716,74263
"Neg",33210,"[M-H]-",11.67,"PE 16:1_18:2","PE",2465556,2257365,2347287,1136623,2189291,1747582,1599381,823778,1823645,2003548,1616995,1971039,1685608,1507376,1758146,1229218,1223170,1388762
"Neg",34697,"[M-H]-",11.448,"PE 16:1_20:4 (a)","PE",4825809,4125077,4386250,3562513,3993374,3568660,3009517,1572163,3414767,3488122,3031538,3497680,3334143,2638160,2966514,1929799,2473125,2193981
"Neg",34696,"[M-H]-",12.061,"PE 16:1_20:4 (b)","PE",49906,10443,21039,67466,66669,43232,24752,16359,51050,28641,69897,40326,161115,183712,234318,399593,411244,413385
"Neg",34576,"[M-H]-",10.729,"PE 16:1_20:5","PE",1205754,1163832,1154732,1043802,984200,1047196,814802,390162,909077,874902,697894,879630,948212,706237,767422,495314,666289,545129
"Neg",36258,"[M-H]-",11.457,"PE 16:1_22:5","PE",1380800,1089045,1288255,1036965,1137815,961189,854721,426982,939597,1057669,887664,1054026,1044541,786011,960498,780196,848911,799857
"Neg",36135,"[M-H]-",11.118,"PE 16:1_22:6","PE",2943245,2155666,1605804,2165246,2036147,2002259,2890577,756375,1632588,1838805,1495045,1913894,2108937,1381257,1442224,959461,1263614,1237439
"Neg",35684,"[M-H]-",13.057,"PE 17:0_20:4","PE",5752768,5350527,5498555,4926264,5745989,4959975,3612470,1939415,4089343,4766064,3802725,4559367,3882189,3550899,3803244,2661795,3522045,3047448
"Neg",37303,"[M-H]-",13.075,"PE 17:0_22:5","PE",3511600,3600336,1951564,3361025,1246230,3022754,2173018,1220980,2586340,2941904,2578018,2978960,2740386,2516436,1308622,2067431,2414657,2148252
"Neg",34193,"[M-H]-",13.208,"PE 17:1_18:1","PE",10591808,9394048,9393401,9015256,8434508,8044878,6157560,3364193,7340517,7650045,7245322,8060242,7880572,6557755,6581782,5770748,7065853,5609200
"Neg",37004,"[M-H]-",11.628,"PE 17:1_22:6","PE",444687,382592,332725,337416,283823,202620,153565,81517,253812,277319,205696,259861,235240,221301,271379,141539,172504,174897
"Neg",35196,"[M-H]-",15.09,"PE 18:0_18:1 (a)","PE",143254188,131299425,132871508,121128851,113503900,115693558,74674104,45894689,89676820,100069100,96547227,107153478,95538366,81754477,84385501,68766411,84961227,70640219
"Neg",35198,"[M-H]-",15.445,"PE 18:0_18:1 (b)","PE",1425290,1533879,1654200,1400652,1445879,1308633,936301,491423,1324439,974425,1043851,1251040,1191705,1290042,1089133,724381,1087802,788038
"Neg",35197,"[M-H]-",17.248,"PE 18:0_18:1 (c)","PE",16793,4232,6193,110294,80140,38202,2307,5310,7755,6998,8032,0,3016,0,2686,0,0,4511
"Neg",35074,"[M-H]-",14.194,"PE 18:0_18:2","PE",6397949,5753722,5518941,3864958,4311369,4739473,3302212,1620088,3060012,3967921,3568704,5233073,3612675,1336115,2848404,2764853,3836853,3271508
"Neg",36804,"[M-H]-",15.612,"PE 18:0_20:2","PE",3250753,2918224,2843743,2693786,2353326,2578551,1568243,986111,1976797,2213716,2223502,2356845,2113876,1762227,1848352,1490202,1831461,1520445
"Neg",37585,"[M-H]-",13.984,"PE 18:0_20:2<oxo>","OxPE",24274,0,6236,427098,185093,222657,193266,177778,190466,596088,542149,550721,454825,351003,487683,470705,493015,558581
"Neg",36678,"[M-H]-",14.276,"PE 18:0_20:3 (a)","PE",11635381,13939717,11339641,13147425,12510431,12852943,8811356,5042267,7813133,11248416,10787380,11771421,10596067,9042151,9784546,7518062,9276633,5779585
"Neg",36679,"[M-H]-",14.732,"PE 18:0_20:3 (b)","PE",8846192,7678175,8026410,7483268,6895007,6933454,4634496,2610983,5626292,6298387,5985669,6420749,5829790,5003040,5065693,3928874,4966236,4011241
"Neg",36549,"[M-H]-",13.461,"PE 18:0_20:4 (a)","PE",6106663,4948128,4846155,4512484,4490923,5256207,3050472,2701765,3408451,4380608,4244668,4834874,4412292,3356408,3407372,3124440,3698667,2874017
"Neg",36548,"[M-H]-",13.693,"PE 18:0_20:4 (b)","PE",193341069,177810543,172847884,165340424,158888850,159863568,114965087,70185738,132644363,145320384,136212468,148406052,131161134,120674798,120670903,94396982,116061816,100776944
"Neg",36553,"[M-H]-",14.307,"PE 18:0_20:4 (c)","PE",181841,53602,156497,34401,115877,168205,86705,84498,172499,173805,146121,199485,27896,81876,240525,54725,120524,92045
"Neg",36551,"[M-H]-",15.665,"PE 18:0_20:4 (d)","PE",16351,3652,2475,189717,159021,159621,2680,10441,12009,6743,30768,2285,3290,8259,2517,2968,2956,0
"Neg",36403,"[M-H]-",12.783,"PE 18:0_20:5 (a)","PE",50925794,42492089,46244688,39706184,40215365,38218302,28657785,15545795,30775013,36523031,33259043,36925064,31995405,27530237,28055673,22121490,27203700,23136920
"Neg",36404,"[M-H]-",13.732,"PE 18:0_20:5 (b)","PE",107514,410151,10498,68967,14148,38758,0,17922,106676,0,64286,12694,57135,0,23943,11326,32902,11029
"Neg",38361,"[M-H]-",15.778,"PE 18:0_22:3","PE",685898,637108,675683,548530,224450,540032,315527,153865,382397,422911,487655,458524,437527,344361,369291,255073,321356,285319
"Neg",38245,"[M-H]-",14.637,"PE 18:0_22:4","PE",5888209,5718059,5414963,5117097,4625714,4608379,2999127,1605481,3503373,3857734,3789115,4163566,3577876,3540117,3373018,2776685,3332429,2615581
"Neg",38135,"[M-H]-",13.67,"PE 18:0_22:5","PE",37436923,35854219,35022389,32370147,31001501,31221704,22265184,13762342,25082704,27813002,26017275,29307940,26649778,23525189,23129215,18760003,23292249,19321371
"Neg",38005,"[M-H]-",13.25,"PE 18:0_22:6","PE",77801986,70597556,71097497,66380795,65174235,62143899,42928497,23651189,49296810,55123332,52610819,57426987,51924971,43502865,44360667,32976204,41524949,34771964
"Neg",35073,"[M-H]-",13.837,"PE 18:1_18:1 (a)","PE",184096767,163538531,164451183,151788188,143866388,146514173,111030952,61561313,125570090,134030821,120661822,139977611,126150950,114712331,114563002,91790006,105940175,93480776
"Neg",35071,"[M-H]-",14.456,"PE 18:1_18:1 (b)","PE",497641,483705,913044,506991,693040,1021655,273194,305232,1075708,348652,717067,245809,665983,275084,243342,468424,761271,514898
"Neg",35075,"[M-H]-",15.068,"PE 18:1_18:1 (c)","PE",192638,233216,54662,74198,40388,92063,17856,82459,194899,45517,71744,92758,298767,44678,15509,9669,49922,14693
"Neg",35072,"[M-H]-",15.869,"PE 18:1_18:1 (d)","PE",4830,5654,9027,83080,35123,74100,4292,23101,9597,5572,9286,5032,10989,0,23053,0,3343,3846
"Neg",34952,"[M-H]-",12.809,"PE 18:1_18:2 (a)","PE",36483742,23817144,26141118,22113099,24465614,21001677,22667597,9053916,17947981,20839741,18733708,20368453,18359115,16203341,16503904,12862494,20241870,13483494
"Neg",34953,"[M-H]-",13.003,"PE 18:1_18:2 (b)","PE",2405259,7510158,7399895,6276498,5130347,7425986,1704758,2910362,6664739,6445403,5587140,6488838,6064245,5404374,5572943,4470983,1655849,4401409
"Neg",34951,"[M-H]-",13.407,"PE 18:1_18:2 (c)","PE",2634257,2420569,2301100,2125573,2029270,2077611,1477189,852037,905626,1842695,1752641,2055489,1774446,1644514,1599601,1175827,1604491,1200053
"Neg",34954,"[M-H]-",14.075,"PE 18:1_18:2 (d)","PE",13972,0,4807,139847,85952,133809,54496,54751,181787,364169,402654,478888,512584,424629,560795,495058,486827,462375
"Neg",34825,"[M-H]-",11.929,"PE 18:1_18:3","PE",2535523,2341798,2543443,2388473,2437086,2113148,1641277,906118,2007697,2046021,1746214,1827007,1785359,1654420,1502397,1147485,1313245,1188070
"Neg",36803,"[M-H]-",15.149,"PE 18:1_20:1","PE",12635047,11363594,11501611,10397421,9733738,9666474,6631322,3944457,7955839,8685733,8208946,9051507,8259868,7008552,7374892,5674391,6983054,5993530
"Neg",36547,"[M-H]-",13.093,"PE 18:1_20:3","PE",6060754,3049790,6396790,5842583,2972613,5395702,4278657,2409020,5372062,5123686,4709967,5437613,5719627,4126086,3762921,3065649,4587332,3327922
"Neg",36401,"[M-H]-",12.555,"PE 18:1_20:4 (a)","PE",109997658,92486505,94781831,89368935,88923329,84799684,68262422,35581415,69764611,80142905,69773913,80510076,75103958,64897241,64287069,50109828,58896524,54110662
"Neg",36407,"[M-H]-",13.226,"PE 18:1_20:4 (b)","PE",46607,21346,56394,139436,41329,47711,25253,86716,56376,48800,123289,118014,137379,146147,99375,172708,258362,86017
"Neg",36257,"[M-H]-",11.741,"PE 18:1_20:5","PE",23243546,19181452,20774229,18175294,18451131,17889917,13437534,6927829,15788510,16345977,14207296,16745867,14873689,12555125,13404642,9541587,11045371,10414186
"Neg",38006,"[M-H]-",12.536,"PE 18:1_22:5","PE",20524861,16503409,18124328,16419138,16724717,15437374,12430436,6659965,12249776,14219715,12802126,14844902,13614680,11378327,11599547,9281832,10880086,9872908
"Neg",37870,"[M-H]-",12.163,"PE 18:1_22:6","PE",41941110,33879599,37987343,33711193,32767396,32077000,23219221,12994181,27923432,30396411,25720776,29679753,27058873,22895821,23774677,16932457,18896862,17754514
"Neg",37757,"[M-H]-",11.312,"PE 18:2_22:6","PE",1953171,1498075,1648380,1343219,1431487,1097503,1070977,493336,1165098,1301716,1112665,1233713,1083310,920861,829811,608947,766341,669026
"Neg",36027,"[M-H]-",15.809,"PE 19:0_18:1","PE",1062947,1037059,1061278,896498,788824,1017147,278006,288153,642241,646900,734123,788137,671547,527972,592460,539959,552582,463782
"Neg",37429,"[M-H]-",14.341,"PE 19:0_20:4","PE",1044948,899786,900871,380271,710788,757186,565934,306268,561632,712537,731371,757238,723035,588569,211921,385132,536178,431095
"Neg",38246,"[M-H]-",15.055,"PE 20:0_20:4","PE",2001181,1872452,1901885,1724591,1650819,1680310,1059452,678054,1190561,1474394,1408959,1486458,770993,1230086,1161366,994869,1211108,950064
"Neg",39586,"[M-H]-",13.305,"PE 20:1_22:6","PE",2380838,2034770,2038342,1675758,1841078,1695439,1293249,670583,1309778,1706027,1572235,1655364,1457322,1233645,1234278,903469,1092145,927952
"Neg",39368,"[M-H]-",11.4,"PE 20:4_22:5","PE",558282,495610,536836,379325,476020,204330,298245,90125,411341,443353,346585,308052,385037,255977,301635,183457,309962,200221
"Neg",39256,"[M-H]-",11.04,"PE 20:4_22:6","PE",1465981,967194,1371102,1076567,890163,1017220,419814,283230,753086,844690,624954,678241,1081728,482700,923701,330976,666475,519333
"Neg",39959,"[M-H]-",16.577,"PE 22:0_20:4","PE",1338786,1237867,1273512,1147750,1078713,1117907,628590,380764,714194,907129,977674,1039059,948661,731000,732926,527850,738151,591717
"Neg",39828,"[M-H]-",15.076,"PE 22:1_20:4","PE",2916212,2572044,2756874,2514846,2404720,2352851,1573775,875533,1863223,2107800,1943648,2284724,1895880,1650876,1719368,1358558,1739548,1405943
"Neg",41636,"[M-H]-",18.233,"PE 24:0_20:4","PE",1161348,1071008,1029604,1000366,867015,899830,464860,182480,578300,759834,790017,836172,732673,622304,620396,450837,603808,487036
"Neg",37007,"[M-H]-",14.012,"PE 36:2<2OH>","OxPE",8522,6399,7621,18354,8685,26828,4596,6079,12398,10327,0,0,11249,7666,5117,4587,8203,15933
"Neg",35541,"[M-H]-",12.931,"PE 36:6<oxo>","OxPE",0,0,0,0,0,0,0,0,0,0,0,0,0,0,0,0,0,0
"Neg",36577,"[M-H]-",13.308,"PE 37:4<oxo>","OxPE",188469,123919,160627,127455,184639,147099,106276,63379,173378,100140,122211,97105,61075,50899,57281,27039,44401,21045
"Neg",38565,"[M-H]-",15.034,"PE 38:2<OOH>","OxPE",640195,400865,554931,576948,532580,364023,306493,282407,418592,411261,393788,385616,384370,384667,360420,426569,565318,467965
"Neg",37583,"[M-H]-",13.725,"PE 38:2<oxo>","OxPE",113512,200323,0,104404,0,0,11378,0,68236,0,19656,0,49464,0,28839,0,63295,30474
"Neg",40102,"[M-H]-",12.883,"PE 38:3<2OH,OOH>","OxPE",1152283,887516,941198,878327,842897,879533,657523,372305,766825,613388,540176,561924,635278,567669,619015,484176,684721,603316
"Neg",39991,"[M-H]-",11.827,"PE 38:4<2OH,OOH>","OxPE",928792,675991,692590,676329,715124,627078,596751,255076,698600,618927,589753,588670,644815,509731,589539,455763,519822,564912
"Neg",33961,"[M-H]-",13.221,"PE O-16:0_20:4","EtherPE",3427257,2775099,2985814,2514665,2682276,2239975,1887848,955027,2183290,2324010,2094063,2246027,2231086,1895222,2088014,1561509,1680361,1517913
"Neg",30847,"[M-H]-",14.314,"PE O-16:1_16:0","EtherPE",1595043,1242181,1346825,1161332,1167752,1139511,857510,553541,971049,1105616,925058,940496,853709,806540,823501,453592,532114,501903
"Neg",30739,"[M-H]-",13.099,"PE O-16:1_16:1","EtherPE",11292960,11119770,10569071,9605168,9375718,9375411,7726760,4540589,8932235,8447148,7162025,8579249,7287724,6714542,7071951,3976192,4660811,3860632
"Neg",32471,"[M-H]-",14.41,"PE O-16:1_18:1","EtherPE",57212482,51435154,53320950,47290954,45999822,45882551,36932079,22106830,43131397,41632992,36575310,41963704,36039740,32066119,33101411,19495888,23056900,19115848
"Neg",34082,"[M-H]-",14.952,"PE O-16:1_20:2","EtherPE",5140471,4535650,5128601,4662768,4519020,4699323,4088844,3039996,4088154,4428650,3917313,4566507,2153056,3853905,4027493,3448362,3616982,3453636
"Neg",33958,"[M-H]-",13.603,"PE O-16:1_20:3 (a)","EtherPE",3715033,3508521,1969481,3281138,3209772,3144131,2552480,1644842,2488170,2585063,1455630,2855015,2602979,2459559,2026119,1101249,1573399,857086
"Neg",33960,"[M-H]-",13.772,"PE O-16:1_20:3 (b)","EtherPE",3005774,2887670,3333432,2961895,2589940,2816926,2203944,1282718,2348736,2481533,2034518,2146021,2069252,1823157,2049060,1009548,1139401,1049825
"Neg",33959,"[M-H]-",14.036,"PE O-16:1_20:3 (c)","EtherPE",5237809,4429736,4764681,4110068,3962050,4008892,3133629,1890486,3819570,3586764,3064779,3565651,2885131,2633293,2796483,1483970,1654064,1392441
"Neg",33828,"[M-H]-",12.821,"PE O-16:1_20:4 (a)","EtherPE",6012566,4846351,5879193,4745604,4804681,4381734,3954964,1820096,4045213,3843321,3400696,4232240,3362482,3006242,3213987,1843209,2012915,1732197
"Neg",33829,"[M-H]-",13.022,"PE O-16:1_20:4 (b)","EtherPE",154434161,141030884,143739780,128137854,135274464,125448372,105576157,62153765,121813343,115250107,98644875,111203354,93518010,87115509,89550217,48228061,57578417,49250783
"Neg",33703,"[M-H]-",12.151,"PE O-16:1_20:5","EtherPE",68516563,55220780,62838478,54316033,53380729,51059320,41618468,23562589,47902420,47000163,39106970,46112927,38723411,34651364,34591550,18639511,20544750,18358222
"Neg",35792,"[M-H]-",16.087,"PE O-16:1_22:2","EtherPE",3936660,3691304,3529185,3089161,2836431,2863627,2293910,1471455,2694253,2639410,2551997,2565916,2336207,1975851,2029247,1170111,1407007,1230150
"Neg",35695,"[M-H]-",15.057,"PE O-16:1_22:3","EtherPE",6956411,6272977,6512969,5892455,5647393,5509465,4170275,2553761,4869202,4859281,4292464,4854923,1803900,2000560,3785774,1054551,1578226,1824729
"Neg",35573,"[M-H]-",13.955,"PE O-16:1_22:4","EtherPE",32188609,26637049,28555895,24990397,25409365,24374980,19321513,10967188,21226583,22346684,19050746,21233971,17935217,16515250,16342025,8853206,10451440,9017663
"Neg",35447,"[M-H]-",13.015,"PE O-16:1_22:5 (a)","EtherPE",218234460,195228002,199019745,177976403,185409162,173406879,143288738,84529152,165881163,159374829,134796755,152789494,127990297,120092472,122708987,66071068,79517374,68672336
"Neg",35448,"[M-H]-",14.979,"PE O-16:1_22:5 (b)","EtherPE",0,0,0,108344,37113,21761,0,17778,0,0,14150,0,11212,0,8414,0,0,0
"Neg",35305,"[M-H]-",12.591,"PE O-16:1_22:6 (a)","EtherPE",215348260,183734413,185740238,173544714,173238979,156948788,138544839,76097003,140448967,147267282,126640896,138832100,120708291,106762111,102038465,59257667,69683565,61114315
"Neg",35307,"[M-H]-",14.507,"PE O-16:1_22:6 (b)","EtherPE",0,9973,13791,28800,25649,18551,6283,19584,7577,0,8395,0,0,0,0,0,0,0
"Neg",34702,"[M-H]-",13.657,"PE O-17:1_20:4","EtherPE",3161729,2822040,2825302,2651404,2502002,2443631,2186178,1381398,2286774,2447253,2070037,2242442,1763529,1874719,1705791,888671,1017238,1012309
"Neg",36142,"[M-H]-",13.196,"PE O-17:1_22:6","EtherPE",4898209,4223732,4531156,4052364,3878273,3735525,2829976,1536572,3134818,3054223,2730338,3111202,2455417,2171807,1964989,1075538,1263211,1013759
"Neg",34337,"[M-H]-",14.468,"PE O-18:0_18:1","EtherPE",724521,561176,1042554,418942,624420,651520,366325,257639,363284,198970,202107,420289,466835,285381,459009,662889,467748,337571
"Neg",34197,"[M-H]-",15.82,"PE O-18:1_18:1","EtherPE",21349279,20164859,19985282,18272048,16215321,16480920,11868694,7414507,14749578,14388528,13889828,14853611,12891561,10873164,11122610,6652741,7779428,6470943
"Neg",35911,"[M-H]-",17.331,"PE O-18:1_20:1","EtherPE",3831635,3416911,3421405,3162983,2729671,2942930,1927574,1287553,2394201,2440000,2408043,2567642,1090310,916709,939214,503787,1340975,1118706
"Neg",35574,"[M-H]-",14.325,"PE O-18:1_20:4","EtherPE",45930348,40982208,43265852,38591107,37922664,36660222,28747242,16954165,33181461,32281127,29561979,32182225,27529960,24708785,24739079,13351306,16151006,13413303
"Neg",35449,"[M-H]-",13.359,"PE O-18:1_20:5","EtherPE",21868941,20149768,20055722,17844467,18029987,17236251,14180745,8676742,15811263,15036149,14558810,15712304,13080358,11400154,11674034,6321950,7467681,6164484
"Neg",37319,"[M-H]-",15.331,"PE O-18:1_22:4","EtherPE",5449086,3563347,5160928,4834459,4621278,4204248,3075086,1830132,3525116,3707601,3528765,3699532,3184224,2734657,2733849,1406028,1783178,1492107
"Neg",37182,"[M-H]-",14.292,"PE O-18:1_22:5 (a)","EtherPE",47160175,41242809,43652206,39667753,38313646,37192494,28630515,16549862,31884052,32818390,29350056,32082077,27299356,23853921,24416995,13129372,15978588,13350560
"Neg",37181,"[M-H]-",14.725,"PE O-18:1_22:5 (b)","EtherPE",467648,831801,685596,629377,606878,318668,485049,215923,542465,559049,459764,417221,186681,196818,154157,104762,170712,144486
"Neg",37015,"[M-H]-",13.836,"PE O-18:1_22:6","EtherPE",52675411,46448126,48020336,43480475,42778500,42448100,32742094,19110017,35149988,36253106,31489824,36483970,29263299,26937756,26593126,14536442,16724548,14054746
"Neg",32347,"[M-H]-",13.175,"PE O-18:2_16:1","EtherPE",3231488,3102951,3332299,2823299,2981126,2825227,2211625,1343924,2169115,2676617,916599,2486485,2683268,2224954,2185656,1358165,1542880,1350285
"Neg",34085,"[M-H]-",14.478,"PE O-18:2_18:1","EtherPE",23458835,20105475,21420465,19001998,18287796,17793587,14445203,8560700,17033934,16384204,14794735,16705709,14241422,12736978,12991563,7838060,9132310,7588084
"Neg",35793,"[M-H]-",15.851,"PE O-18:2_20:1","EtherPE",2724045,2450431,2594251,2426120,2052770,2156390,1436639,855392,1911440,1984500,1794642,1996529,1639628,1372422,1487980,914388,1023180,878301
"Neg",35306,"[M-H]-",12.22,"PE O-18:2_20:5","EtherPE",13854019,11165069,12276886,10588466,10723205,10602353,8458154,5046804,10313295,9672448,7940333,9065892,7959954,6638033,7314327,3697139,4393932,3614678
"Neg",37014,"[M-H]-",13.075,"PE O-18:2_22:5","EtherPE",28414387,25676544,25578951,22511759,22902675,22043033,18257234,10789077,21177209,20612398,17157637,19069006,15333774,14491471,15113939,8191456,9996783,8471404
"Neg",36907,"[M-H]-",12.66,"PE O-18:2_22:6","EtherPE",44365661,36395157,38149102,33811652,33825184,31195403,26933086,15263180,28456447,29764852,24588377,27380449,23850914,21349717,20034563,11688247,13688219,12054067
"Neg",35910,"[M-H]-",14.571,"PE O-20:1_18:1","EtherPE",7618,36896,22026,53925,25236,83960,27773,8979,64654,14925,22054,53669,31993,53084,39418,24744,36606,64956
"Neg",37318,"[M-H]-",15.776,"PE O-20:1_20:4","EtherPE",2133290,1820018,1886337,1838847,1651430,1562722,1176874,647508,1329874,1404820,1309524,1390537,1184392,1013314,1001462,510483,630009,537615
"Neg",38736,"[M-H]-",15.224,"PE O-20:1_22:6","EtherPE",1874522,1677786,1695372,1538084,1486938,1451128,1050416,571155,1098386,1175846,1116298,1190607,911740,862792,789191,402888,517492,397642
"Pos",30836,"[M+H]+",13.107,"PE P-16:0_16:1","EtherPE",22467891,22097100,22759858,20075041,19665658,18972355,16387318,11720322,19537783,17031502,17144265,17366194,14970718,14045444,14184862,8281152,9495959,8297883
"Pos",33361,"[M+H]+",14.418,"PE P-16:0_18:1","EtherPE",121656851,117116445,120287958,104233010,103502734,99381750,82066647,59757450,97511605,90178699,93255411,94792230,81625907,71692947,72642304,43592818,50865755,45993062
"Pos",33176,"[M+H]+",13.305,"PE P-16:0_18:2","EtherPE",12769250,12219534,9096450,10942755,9947391,9320926,7185734,6827677,16536939,8599052,14970732,7447474,8484302,5161846,7311069,3806400,1891185,4035353
"Pos",35523,"[M+H]+",14.043,"PE P-16:0_20:3","EtherPE",12065734,11554247,11165230,10053858,9700943,9720149,7827433,5379009,8847682,8574255,8528218,8808622,7262486,6138591,6472687,3671117,4453179,4031962
"Pos",35335,"[M+H]+",12.825,"PE P-16:0_20:4 (a)","EtherPE",11859273,11085064,11739095,9381803,9726292,9593805,7925335,5756711,10725162,7413028,9106138,8866226,7896330,6758557,6259471,4315121,4246808,3998647
"Pos",35334,"[M+H]+",13.029,"PE P-16:0_20:4 (b)","EtherPE",324046356,324051099,323478747,289978046,288017056,269218980,232335984,161531583,272904691,245419326,246660511,247103570,211938483,192747814,188456884,109091207,132295229,115124947
"Pos",35155,"[M+H]+",12.158,"PE P-16:0_20:5","EtherPE",135745184,128357952,128062833,112426759,109233834,106612697,92074313,62109406,111441488,95536429,95537360,96387771,81335246,72356523,72305709,38482971,46669174,41415905
"Pos",38353,"[M+H]+",16.095,"PE P-16:0_22:2","EtherPE",10266143,9460807,9761931,7917109,7874871,8103886,5860700,4484481,7391176,6397227,6489643,7306194,5997865,5314225,5273881,3007840,3793329,3206431
"Pos",38173,"[M+H]+",15.063,"PE P-16:0_22:3","EtherPE",11581074,12242669,17582644,10800336,10042908,4875570,8355248,4151450,6087659,8669456,6331686,5903888,3715950,10200698,5376473,4432015,4045290,2689922
"Pos",37965,"[M+H]+",13.964,"PE P-16:0_22:4","EtherPE",70586196,66420319,65824111,57780398,63447570,56075114,47226033,32549163,53959730,48314622,51092487,49397402,41545773,39562458,39571526,21933901,24491456,23433151
"Pos",37799,"[M+H]+",12.781,"PE P-16:0_22:5 (a)","EtherPE",15299733,14743228,15018533,13902845,12961961,12255105,10001067,6841852,13539243,13491046,10663665,12589049,12149569,9488782,9906049,7535281,9162249,8351791
"Pos",37797,"[M+H]+",13.026,"PE P-16:0_22:5 (b)","EtherPE",456706459,443731797,447626965,389046540,391275705,366811856,305648541,212503436,366134461,327891732,328867092,327975847,279269507,252640901,248171019,136843857,170200547,151248780
"Pos",37617,"[M+H]+",12.597,"PE P-16:0_22:6","EtherPE",446614433,424512522,432107928,374379743,379100708,356995938,296538750,214614068,351350086,315176289,323360174,318611036,263016197,239667125,235530066,132828970,159075333,141138406
"Pos",38940,"[M+H]+",13.203,"PE P-17:0_22:6","EtherPE",11989453,10910425,12558304,9303925,10532635,8954082,6918326,5278575,8785336,8225978,7837974,7383868,7238931,5819053,5809819,2929209,3407970,2737213
"Pos",33565,"[M+H]+",15.745,"PE P-18:0_16:0","EtherPE",2841463,2730907,2833445,2296441,2404796,2305308,1512950,1212491,1934917,1779532,1945444,1971473,1693054,1339439,1490442,861006,1011676,917725
"Pos",35882,"[M+H]+",15.83,"PE P-18:0_18:1","EtherPE",52980325,51413281,51706324,44137916,42429345,41778432,30608526,21610181,36567311,34610179,35891916,37838523,31396082,27042041,27130850,16152951,19517653,17043442
"Pos",38552,"[M+H]+",17.345,"PE P-18:0_20:1","EtherPE",9187601,8610916,8794019,7459737,7315276,7356359,4970236,3785835,6025520,5795472,6240457,6579566,5299768,2143206,4647994,2807764,3373726,2955795
"Pos",37962,"[M+H]+",14.331,"PE P-18:0_20:4","EtherPE",102444370,99444144,98761929,88454779,87871372,83847552,66375833,46942276,76985145,74178194,76597114,74907463,62914197,57497087,55474107,30741827,37849916,34190800
"Pos",37798,"[M+H]+",13.365,"PE P-18:0_20:5","EtherPE",48852452,47956046,46984597,43487122,41705113,39614552,33132864,21893834,37414281,34524706,35643764,34514028,30523143,27198561,24826131,13588543,15640179,15048844
"Pos",41075,"[M+H]+",17.637,"PE P-18:0_22:2","EtherPE",2721446,2973640,2409007,2347338,3217466,2372744,1619047,964530,1046672,1907855,1758864,2024489,1720793,1685128,2046185,558374,843706,1027617
"Pos",40672,"[M+H]+",15.341,"PE P-18:0_22:4","EtherPE",16753652,16440880,16922372,14545006,14516711,13819253,9722571,6835129,11520983,11496929,11929793,11449659,9721337,8834745,8482609,4663632,5913015,5120551
"Pos",40488,"[M+H]+",14.299,"PE P-18:0_22:5","EtherPE",109942937,107691095,107845012,95329848,95727489,91249546,70400037,50156177,81142795,80678363,82480169,78914967,66358394,60644373,59601652,32665864,41267465,36975131
"Pos",40266,"[M+H]+",13.846,"PE P-18:0_22:6","EtherPE",119590399,118136672,115642415,99922921,101554087,102334028,75782884,55497112,90714764,82272661,87811270,84642640,68160309,63028553,62286648,32781042,40540127,36769979
"Pos",43341,"[M+H]+",15.426,"PE P-18:0_24:5","EtherPE",6313761,6111954,5939547,5420186,5130950,5050006,3490701,2487774,4346368,4326018,4499134,4389707,3731217,3128049,1761671,1848312,2426568,2060557
"Pos",35711,"[M+H]+",14.487,"PE P-18:1_18:1","EtherPE",51722818,49693854,48612996,42742149,43150510,40091010,32952510,24560811,40673623,36012810,39072448,38360136,32542603,28973598,28642671,17733944,20495191,19111210
"Pos",35524,"[M+H]+",13.237,"PE P-18:1_18:2","EtherPE",6698619,7796001,6571619,7205372,6008839,5351877,4264070,2638170,6906184,6563590,5615896,4495300,5907767,4385346,5096317,4075029,4772372,4290903
"Pos",38352,"[M+H]+",15.861,"PE P-18:1_20:1","EtherPE",7453524,6687757,6715085,5792056,5718569,5412281,4245166,2897698,4717026,4879575,5042127,5158564,4205708,3671901,3520339,2536558,2831080,2752194
"Pos",37615,"[M+H]+",12.228,"PE P-18:1_20:5","EtherPE",29164824,26340033,25906047,24042464,22563259,22283298,19661744,13101165,22480543,19727818,20286455,19003563,15949033,14113326,14369565,8359328,9339370,7786577
"Pos",41076,"[M+H]+",17.437,"PE P-18:1_22:1","EtherPE",1460852,900025,1389819,1001288,296842,779919,726590,436459,798190,725925,1063824,973449,738973,479054,199669,308582,251472,335281
"Pos",40491,"[M+H]+",14.052,"PE P-18:1_22:4","EtherPE",25004008,23307386,23257936,21662207,21586642,19025193,15386473,10851759,18583786,17732753,19247895,19096946,16445776,13700263,14704758,9256469,11233590,10277337
"Pos",40073,"[M+H]+",12.668,"PE P-18:1_22:6","EtherPE",96024559,87884865,87919112,75944227,75581783,73659760,61626878,43899824,73488613,65312806,66224957,64074198,54454794,47655921,49008398,26829310,32902004,29705263
"Pos",40673,"[M+H]+",15.784,"PE P-20:0_20:4","EtherPE",5469243,5343804,5473136,4693633,4732545,4473764,3244293,2407577,3771936,3652496,3829657,3856856,3265308,2898794,2812361,1538975,1904544,1722827
"Neg",32007,"[M-H]-",11.559,"PG 14:0_16:0","PG",262547,265201,277206,343155,379038,295332,189722,65856,365753,344199,326040,355994,309378,301906,315347,251479,339308,311507
"Neg",33779,"[M-H]-",11.857,"PG 16:0_16:0 (a)","PG",1554574,1389549,1515283,1603487,1935760,1877104,1683005,937195,1755700,1651353,1186301,1851601,178024,883210,176563,46935,52943,56837
"Neg",33778,"[M-H]-",11.95,"PG 16:0_16:0 (b)","PG",1554574,1389549,253747,450547,1935760,1872584,1683005,938113,1755700,1651353,367211,1851601,1300671,883479,405097,239020,231898,217951
"Neg",33777,"[M-H]-",12.649,"PG 16:0_16:0 (c)","PG",2247636,2323130,2158798,2916899,2809360,2858512,2116876,1087352,2381661,2845893,2340359,2595786,2786275,2060284,2338615,2063929,2649385,2175466
"Neg",33660,"[M-H]-",11.034,"PG 16:0_16:1 (a)","PG",2737457,1560281,2071794,2891039,2439585,2728941,1944818,1159676,2702984,1548473,1124925,1736638,3840545,1138003,2145757,556524,1269530,1524856
"Neg",33658,"[M-H]-",11.161,"PG 16:0_16:1 (b)","PG",67598,83950,147989,33902,88440,59746,1074130,23281,76841,137624,108497,104179,3840545,880830,1364444,1394850,1374832,1125692
"Neg",33656,"[M-H]-",11.658,"PG 16:0_16:1 (c)","PG",1756072,1769938,1897825,2370914,2381617,2179952,1973146,790096,2310149,2250346,1909589,2286657,2299983,1878245,2049137,1704747,2076237,2055499
"Neg",35391,"[M-H]-",11.959,"PG 16:0_18:1 (a)","PG",12289358,11261136,12592032,13933360,14258446,12942184,12390448,6497331,13614405,11510567,10784203,12539415,6602615,1243435,1315242,470466,475078,515876
"Neg",35392,"[M-H]-",12.196,"PG 16:0_18:1 (b)","PG",6176006,4915536,5973259,4700375,4771020,4200337,3868663,2006273,4556933,4588473,3564204,4708127,4691967,8891238,16541281,14756607,15820178,14251055
"Neg",35390,"[M-H]-",12.718,"PG 16:0_18:1 (c)","PG",35018207,14683504,16528447,16935450,19068133,16552231,13932777,7381482,105442765,18789941,16964261,18327006,36519873,14045445,14586735,37981998,47859092,65972764
"Neg",36217,"[M-H]-",13.213,"PG 16:0_19:1","PG",3327624,2911436,3001720,3258414,3139314,2916252,2270785,1068050,2461453,2639231,1106138,2555561,2194197,1779363,1378476,1199790,1512142,1239141
"Neg",36750,"[M-H]-",11.654,"PG 16:0_20:4","PG",462736,445476,444832,579330,526569,437212,432378,195489,499677,521681,417390,507483,441800,387879,511944,371646,389457,407085
"Neg",38188,"[M-H]-",10.72,"PG 16:0_22:6 (a)","PG",2801221,2761347,2905494,3218522,3152447,2984334,2654882,1360159,2943905,2703400,2274493,2558716,980874,1096768,1302282,140707,219791,138686
"Neg",38189,"[M-H]-",10.848,"PG 16:0_22:6 (b)","PG",210222,221694,274082,227436,214980,155044,204557,99673,218306,250325,275377,290476,2054346,1297204,1540549,1946805,2693855,2154635
"Neg",33548,"[M-H]-",10.314,"PG 16:1_16:1","PG",62787,38268,56310,69235,22259,42169,44295,7461,62628,36230,10316,291580,497719,388599,467219,372635,405385,233215
"Neg",35261,"[M-H]-",11.072,"PG 16:1_18:1 (a)","PG",11041888,8784075,7170497,10729928,9132156,8935242,12757455,3866451,9295131,4460318,6423472,4196402,2829181,569422,1801295,152404,260859,657295
"Neg",35263,"[M-H]-",11.204,"PG 16:1_18:1 (b)","PG",860847,928819,2418432,723526,765617,725761,12757455,436270,775667,3833403,891246,3011101,6455552,7029118,5312427,6236791,7571528,6179916
"Neg",35262,"[M-H]-",11.749,"PG 16:1_18:1 (c)","PG",1686954,1615385,1768200,1865485,1984744,1731306,1835566,810872,992638,2007317,1729800,1950144,1903638,1768570,1979411,1592600,1743725,1886168
"Neg",38083,"[M-H]-",10,"PG 16:1_22:6 (a)","PG",1125344,957932,1193996,1315280,1208165,1182155,1075250,589327,1120850,1147700,1048483,999632,121635,105853,122731,27753,53876,41422
"Neg",38082,"[M-H]-",10.115,"PG 16:1_22:6 (b)","PG",76204,74298,92446,89096,80341,63000,67884,49446,63008,132384,1048483,115881,1218065,880226,1068556,764036,1034942,775283
"Neg",37120,"[M-H]-",13.263,"PG 18:0_18:1 (a)","PG",603232,423418,418926,548578,645921,320953,454080,260226,416993,618798,586989,858944,1129622,941426,956833,5705546,5849868,5840283
"Neg",37117,"[M-H]-",13.852,"PG 18:0_18:1 (b)","PG",32492443,29338804,30191379,28557433,28372511,28022632,21412449,12171682,23950798,24887819,21848140,24794155,20912700,18927377,19547770,12534384,14908288,13138534
"Neg",38810,"[M-H]-",14.494,"PG 18:0_20:1","PG",0,0,13659,13933,13646,10633,29753,24085,0,1999118,1430989,1276699,546909,1725632,695785,4528490,4849094,2150380
"Neg",36978,"[M-H]-",12.067,"PG 18:1_18:1 (a)","PG",33315417,27280427,30373757,34098780,32490284,30709860,29044197,15972215,28477436,31938407,24539706,30808545,2804399,2440228,2865589,890092,983752,995870
"Neg",36979,"[M-H]-",12.217,"PG 18:1_18:1 (b)","PG",2104388,1860294,2151593,1889141,2019300,1657765,1849404,1181182,3982542,3082049,2714015,3406618,32869564,27690964,29941119,27792643,30208029,27276116
"Neg",36980,"[M-H]-",12.802,"PG 18:1_18:1 (c)","PG",1228477,1147751,1449934,1165495,1329859,1061531,1094995,607947,1062624,1091605,1081936,1188353,1042956,947442,896053,732317,822265,740224
"Neg",36869,"[M-H]-",11.352,"PG 18:1_18:2 (a)","PG",2874524,1373200,3190903,3856538,3849453,2084827,2072675,1833760,3648637,3686353,2930509,1236116,2335585,3120736,434900,213075,227322,262197
"Neg",36868,"[M-H]-",11.46,"PG 18:1_18:2 (b)","PG",2874524,334917,434744,356751,397096,1404996,2072675,236969,412036,3686353,2930509,1896865,3749818,3120736,2397560,2887570,2091432,3298166
"Neg",38671,"[M-H]-",13.11,"PG 18:1_20:1 (a)","PG",623125,713555,428689,1763171,1129984,1453722,738076,817113,1627775,2477880,1350337,1175970,535849,256642,1094413,583621,1643310,1434447
"Neg",38672,"[M-H]-",13.287,"PG 18:1_20:1 (b)","PG",440903,333888,99220,183331,294814,164295,88851,83597,103577,341180,659835,1436335,1350154,676379,730071,3966736,1954766,3230676
"Neg",38674,"[M-H]-",13.358,"PG 18:1_20:1 (c)","PG",74435,333888,99220,100388,294814,164295,88851,52464,103577,260726,203233,1436335,856571,575439,1250987,3882617,4076512,4219169
"Neg",38305,"[M-H]-",11.055,"PG 18:1_20:4 (a)","PG",1829492,1344900,1383228,1541321,1249451,1188948,721861,376419,1305527,1215458,620121,913400,1582932,261350,619038,182125,515716,428324
"Neg",38306,"[M-H]-",11.194,"PG 18:1_20:4 (b)","PG",121363,91593,173097,52476,41607,36642,965361,112086,79226,93204,260246,238285,591407,596134,575253,837601,939384,779968
"Neg",40019,"[M-H]-",11.973,"PG 18:1_22:4","PG",30524,39701,102087,68007,176517,17078,36149,27975,74165,15373,93836,118856,287577,155109,394774,359825,975447,1631686
"Neg",39894,"[M-H]-",11.096,"PG 18:1_22:5 (a)","PG",2364151,2178082,1897696,2405406,2163802,2027929,3107882,815387,1893922,1032205,1462470,650085,493800,113252,275413,123985,268633,121545
"Neg",39896,"[M-H]-",11.237,"PG 18:1_22:5 (b)","PG",449676,171381,624226,149828,149247,115129,145445,87806,160513,1014670,202760,624387,1772293,1549069,1856540,1526211,2112579,1747664
"Neg",39774,"[M-H]-",10.825,"PG 18:1_22:6 (a)","PG",11835348,10393822,11168656,12263138,11607846,11734487,10685574,5594740,11411781,10837083,8839254,10235738,6601115,8975281,9560335,402962,582546,554196
"Neg",39775,"[M-H]-",10.98,"PG 18:1_22:6 (b)","PG",783406,556945,1377601,462955,308880,547594,386556,226912,642073,543138,559471,568825,6453988,8975281,2265478,7157634,10443734,8629448
"Neg",42534,"[M-H]-",10.066,"PG 22:5_22:6 (a)","PG",481567,430480,465231,516740,538802,439613,241193,218244,467897,286338,425349,401108,433682,349848,394239,265894,19216,314898
"Neg",42533,"[M-H]-",10.152,"PG 22:5_22:6 (b)","PG",481567,430654,465231,6724,8210,263640,196737,218244,467897,205853,425349,401108,433682,349848,394239,265894,388159,314898
"Neg",42428,"[M-H]-",9.839,"PG 22:6_22:6","PG",1799706,1353861,1564107,1658432,1571797,1442463,1290908,682377,1417119,1349853,1305869,1259479,1305354,1036838,1190935,770138,1061841,927431
"Neg",40283,"[M-H]-",12.083,"PG 38:1<OOH> (a)","OxPG",1213255,1058575,1174322,1097028,1108599,986118,826120,401476,918524,969097,788084,901742,661828,669441,889048,417209,436388,441988
"Neg",40284,"[M-H]-",12.426,"PG 38:1<OOH> (b)","OxPG",4272435,3331410,3961009,2961499,3726213,3312520,3178682,1611801,2703990,3439390,2461984,2613348,1884880,1975314,1353738,1290947,1060597,895308
"Neg",39363,"[M-H]-",13.306,"PG 38:1<oxo>","OxPG",1172972,1098988,1100088,920160,937973,826471,606847,336982,649467,832649,739676,812451,800050,640764,589845,485312,532090,466907
"Neg",39219,"[M-H]-",12.386,"PI 16:0_16:0","PI",159112,551249,381831,809733,254666,628308,559373,360812,917106,1056890,1267839,1397526,1418589,1582012,2451179,1236352,1879232,1764694
"Neg",39084,"[M-H]-",11.408,"PI 16:0_16:1","PI",1516452,1970524,2096044,2059541,1432076,1687004,1736054,1140277,2676289,2832915,3519811,3661341,3801487,3968346,5442227,2878251,4295420,4108578
"Neg",39892,"[M-H]-",11.947,"PI 16:0_17:1","PI",113497,336496,370777,151602,267331,217501,297481,116629,515684,439604,548658,750862,595652,581345,964352,427704,673608,645923
"Neg",40847,"[M-H]-",13.565,"PI 16:0_18:0","PI",41564,282428,442409,502673,219500,470428,454454,269329,417953,614991,1410606,1323088,1364796,1649923,1819755,1012982,1568170,1551140
"Neg",40710,"[M-H]-",11.635,"PI 16:0_18:1 (a)","PI",1370934,1821018,1718458,588849,1337153,1085456,1458560,830499,1980745,1427197,1614137,2276966,1929123,1815262,1938155,1075365,1229467,1189500
"Neg",40711,"[M-H]-",12.487,"PI 16:0_18:1 (b)","PI",15603525,18437388,19502905,23254545,15054588,21290620,18604472,12129335,24788263,27997591,34443802,37757253,38989350,37696049,56782646,29516206,43579659,42395123
"Neg",41988,"[M-H]-",11.429,"PI 16:0_20:4 (a)","PI",2613135,3170839,3465228,3574205,2796159,3181700,3012302,1973514,4479089,5111802,5859116,5905607,6185643,5867447,9223567,4129882,6421750,6326243
"Neg",41986,"[M-H]-",12.162,"PI 16:0_20:4 (b)","PI",691198,586726,685915,536761,628382,655785,192520,200468,441233,439573,392815,573732,372373,385139,472365,237099,233745,267159
"Neg",41877,"[M-H]-",10.728,"PI 16:0_20:5","PI",69762,149289,152278,135657,90220,171928,95214,52770,166626,113074,219329,232972,282605,264787,431423,164204,305371,262063
"Neg",43396,"[M-H]-",12.229,"PI 16:0_22:5","PI",1473699,1530060,1282825,1459991,1433087,1547695,1462739,1272591,1995844,1720902,1546084,1592828,1719808,1659072,1865287,773566,1542570,1780111
"Neg",40584,"[M-H]-",11.505,"PI 16:1_18:1","PI",5713551,6699992,7259580,7721269,5838534,6415363,6793747,4341780,9937813,10986132,11787941,14039988,13726916,12809370,19910826,10537183,15285407,14596888
"Neg",41566,"[M-H]-",13.076,"PI 17:0_18:1","PI",478304,1295651,1092052,808378,979716,1151207,1053462,755865,1228486,1738943,2261478,2343186,2351842,2549604,3542721,1633695,2756545,2272137
"Neg",42771,"[M-H]-",11.953,"PI 17:0_20:4","PI",309857,455098,445658,425017,367359,428696,366578,245700,608033,670259,793744,874445,780650,737519,1161441,557896,811369,755380
"Neg",41436,"[M-H]-",12.04,"PI 17:1_18:1","PI",781323,1018306,1024675,1278350,821935,981272,899420,565153,1359536,1475324,1711923,1915142,1814487,1901517,2898759,1402330,2146416,1899132
"Neg",42440,"[M-H]-",14.835,"PI 18:0_18:0","PI",13760,51563,39032,53143,25197,42847,14344,32925,49565,94972,142899,120110,73039,139060,220713,51105,131538,158984
"Neg",42327,"[M-H]-",13.701,"PI 18:0_18:1 (a)","PI",13596186,20247609,17859645,21018198,13567941,19351938,15369092,12550126,23954412,25305080,32663392,35977353,34153889,35814900,48618736,27967968,42885830,37609058
"Neg",42328,"[M-H]-",14.03,"PI 18:0_18:1 (b)","PI",476195,798756,935348,1043953,625338,888236,715436,595739,1134331,1142222,1614698,1741758,1437265,1532935,2383052,1168648,1960809,1522459
"Neg",43844,"[M-H]-",14.904,"PI 18:0_20:1","PI",1486159,2155409,2104586,2301758,1666035,2217935,1497410,1372950,2448022,2615199,3986355,3672280,3453521,3490210,5264539,2767875,4116526,3512126
"Neg",43738,"[M-H]-",14.18,"PI 18:0_20:2","PI",3155099,4198829,4161739,4450056,2951593,4454299,3333536,2548929,5037434,5427951,6562795,7566454,7190272,6915889,9929594,5294724,8064053,6860255
"Neg",43610,"[M-H]-",13.019,"PI 18:0_20:3 (a)","PI",5926415,8001819,7858135,8397434,6466913,8257647,6444036,4670714,10253514,10578119,12582087,13643956,8506953,13449541,18538773,10603725,15589787,13659870
"Neg",43612,"[M-H]-",13.42,"PI 18:0_20:3 (b)","PI",2463270,3416689,3209223,3903919,2629065,3582449,2651983,2141344,4375115,4707602,6081160,6320266,6134320,5978137,8467600,4487502,6948136,5721540
"Neg",43505,"[M-H]-",12.511,"PI 18:0_20:4","PI",24559217,27288209,28739769,31023406,23029184,30009810,26094083,18362550,35176403,41573880,49604929,52404453,52301168,51841766,74309493,35848155,54315815,54862459
"Neg",45117,"[M-H]-",15.229,"PI 18:0_22:2","PI",686850,1014980,911441,1164485,669784,950906,728029,553748,1071537,1253810,1716660,1667383,1497304,1570937,2043382,1096934,1898079,1585931
"Neg",44923,"[M-H]-",13.344,"PI 18:0_22:4","PI",1481744,1978591,2059399,2183710,1726946,2208350,1634961,1132506,2561355,2935702,3909718,4038210,3639664,3810834,5040887,2266550,4294548,3640143
"Neg",44819,"[M-H]-",12.496,"PI 18:0_22:5","PI",3052194,3517225,4031951,4219296,3075078,4135503,3341432,2267008,2757415,5498673,6220431,6897877,6949352,6825075,9452896,4814657,7167170,6730984
"Neg",44719,"[M-H]-",12.145,"PI 18:0_22:6","PI",1773366,1995522,2193064,2512562,1813453,2304563,1686999,1158894,2753694,3055385,3247222,3935968,3611579,3540887,4970656,2234158,3605067,3283487
"Neg",42202,"[M-H]-",12.591,"PI 18:1_18:1 (a)","PI",26293590,32569850,33044785,36097535,25866304,32327428,30280149,19451768,21980408,45248198,53338566,58527395,62122895,57907962,80486841,47201702,69919120,61867744
"Neg",42201,"[M-H]-",12.942,"PI 18:1_18:1 (b)","PI",2373289,2606014,2708068,2760727,2740996,2889556,2547287,1849250,4037553,4346433,4258961,5176871,5224776,5577688,6200349,4051035,5501546,4967315
"Neg",42086,"[M-H]-",11.719,"PI 18:1_18:2 (a)","PI",1298974,1367140,1584004,1621147,1262225,1593686,1390813,969182,1922468,2214969,2438653,2786748,3044054,2676562,3830916,2107493,2638750,2764682
"Neg",42085,"[M-H]-",11.895,"PI 18:1_18:2 (b)","PI",1377593,1584535,1703534,1119887,675639,1729128,1626049,969205,2278928,2333208,3019882,3268532,2418420,3100056,4401790,2359555,3632750,3602561
"Neg",42996,"[M-H]-",13.158,"PI 18:1_19:1 (a)","PI",465256,936922,1214971,1584455,394561,1298090,997666,848812,1207139,1936340,2354079,2668606,1111408,2614841,3501260,1951790,3045919,1898782
"Neg",42995,"[M-H]-",13.548,"PI 18:1_19:1 (b)","PI",271377,422581,271271,357423,285302,371419,548042,690119,871781,555533,688172,786631,493689,1438079,1796639,945756,965725,1397995
"Neg",43736,"[M-H]-",13.781,"PI 18:1_20:1 (a)","PI",2108588,4099438,4096573,3769920,4703860,3115214,2773451,3913299,4239627,4549869,4772877,7481685,5128118,7508646,10150833,5832220,13946446,6050877
"Neg",43737,"[M-H]-",13.851,"PI 18:1_20:1 (b)","PI",2970797,2605153,4096573,3641686,4703860,1282595,740684,3913299,3873161,4329131,6098736,4883587,6099764,7508646,10150833,5832220,13946446,6232038
"Neg",43611,"[M-H]-",12.774,"PI 18:1_20:2","PI",1716796,2350430,2217170,2287291,1775340,2412320,2020144,1293116,1800181,3240468,2433797,4116519,2020702,3720936,5476339,3029298,4602025,3890485
"Neg",43506,"[M-H]-",11.981,"PI 18:1_20:3","PI",1521649,1780498,1965055,2176849,1665778,1914645,1836810,1115758,2603831,3011201,3388960,3516167,3503810,3126833,4375092,2497252,3490559,3929325
"Neg",43395,"[M-H]-",11.518,"PI 18:1_20:4","PI",11225447,13008440,14151801,13420061,11581559,13298391,11987082,7558808,18470174,18421936,22403250,24020125,24570621,22475392,35206958,16357956,25006543,24789508
"Neg",43303,"[M-H]-",10.822,"PI 18:1_20:5 (a)","PI",320501,399702,405040,427373,308720,469988,337026,210658,501585,591776,641908,731695,778828,691799,1108611,507586,732948,640180
"Neg",43304,"[M-H]-",11.127,"PI 18:1_20:5 (b)","PI",213189,589487,665543,247830,527423,656253,504756,300158,651495,681327,633751,911400,1058404,637024,1002295,451004,959243,528349
"Neg",45016,"[M-H]-",14.037,"PI 18:1_22:2 (a)","PI",851903,997244,1032470,1130773,718549,1046155,908651,579197,1298416,1390599,1625501,1793331,1759095,1818645,2402638,1304553,2039962,1794181
"Neg",45015,"[M-H]-",14.329,"PI 18:1_22:2 (b)","PI",376934,498509,551588,581745,471168,500637,169973,304199,591256,737546,823116,889041,804207,844979,1297797,718468,907977,863888
"Neg",44820,"[M-H]-",12.284,"PI 18:1_22:4","PI",325782,621331,613957,287323,259399,498129,529096,192037,694943,1001457,1149779,1174551,654190,1262277,1620665,815889,693413,832915
"Neg",44720,"[M-H]-",11.518,"PI 18:1_22:5","PI",1005356,1203219,1341541,1274200,1066723,1200738,1047957,711870,1657948,1826942,2073129,2142928,2248814,2023671,3206698,1503489,2282665,2182194
"Neg",44619,"[M-H]-",11.205,"PI 18:1_22:6","PI",530610,678566,795831,577802,571508,662758,760717,346653,840533,1029768,1139333,1264107,1166160,1085589,1626012,704768,1144207,1054052
"Neg",44101,"[M-H]-",12.013,"PI 19:1_20:4","PI",277666,451762,413534,362569,452882,381690,395013,310171,653243,722713,853376,944710,752246,911055,1320893,585279,877054,843812
"Neg",34454,"[M-H]-",11.546,"PS 16:0_16:1","PS",4840697,5918059,5652744,2295568,4390615,5463004,5757880,3688387,7787458,6654253,7223020,9198595,8608727,8771079,10516551,5815409,8087362,6339935
"Neg",36139,"[M-H]-",12.657,"PS 16:0_18:1 (a)","PS",31498253,40258245,39635509,37958695,29648551,37183304,36309610,24654209,46632877,45587895,48604615,57368306,56899812,55710450,65709552,37436270,53531149,44012614
"Neg",36137,"[M-H]-",13.409,"PS 16:0_18:1 (b)","PS",254096,1072806,927702,888478,261544,489801,378754,185319,366735,950215,729639,709442,489063,393479,951958,705514,965553,904706
"Neg",37533,"[M-H]-",11.546,"PS 16:0_20:4 (a)","PS",732252,961732,1034280,849882,715316,926484,893260,559344,1204322,1113078,1247125,1471264,1317916,1229913,1727028,713178,1046911,895098
"Neg",37532,"[M-H]-",12.641,"PS 16:0_20:4 (b)","PS",1648198,2295392,2790009,3060969,2653314,3030400,2574435,1710899,3204685,2234947,3044236,3324544,2155306,3164740,3511778,2128407,3124430,2697049
"Neg",39131,"[M-H]-",11.605,"PS 16:0_22:5 (a)","PS",1120936,1193639,2240839,2111556,1138055,2080984,1433117,1369632,3019736,2593157,2625055,3298113,2100673,2766470,2650901,1694912,2367447,1326184
"Neg",39133,"[M-H]-",12.6,"PS 16:0_22:5 (b)","PS",0,0,15422,92658,0,20290,44397,9350,0,72466,81940,160838,111894,114636,343247,590400,871053,721955
"Neg",39000,"[M-H]-",11.223,"PS 16:0_22:6","PS",696752,764867,847562,730872,562134,722781,821108,388422,984764,931870,884231,1200428,986370,933737,1266493,498278,791698,619500
"Neg",36015,"[M-H]-",11.662,"PS 16:1_18:1","PS",4074092,5127719,5068913,1668349,1897100,4634467,4815216,2767561,6285713,5287428,5984495,7313595,6078388,7141077,8903389,4706208,6156661,5743952
"Neg",37007,"[M-H]-",13.259,"PS 17:0_18:1","PS",1971874,2827816,2770044,2857661,2295204,2739606,2452881,1679253,3768607,3034476,4265423,4327055,4583195,4752697,5586846,3053637,4451320,3685308
"Neg",37875,"[M-H]-",13.878,"PS 18:0_18:1 (a)","PS",50176647,64354870,61939571,59547278,45934085,61471092,52409519,36330766,73723288,75449395,75287609,88122403,82587823,84038200,110852886,54539516,76836083,64459663
"Neg",37879,"[M-H]-",14.46,"PS 18:0_18:1 (b)","PS",1258064,922778,1158299,1394544,1037378,980156,592596,488877,2237287,783472,983581,986619,855086,2750889,1072790,2128029,1091933,2886716
"Neg",37877,"[M-H]-",14.865,"PS 18:0_18:1 (c)","PS",332962,507677,483820,447046,299629,632262,373632,583376,629449,576671,1103948,950772,610508,1394063,488463,647462,1170981,368090
"Neg",39371,"[M-H]-",13.168,"PS 18:0_20:3","PS",4262725,5986911,5682723,5835838,4444884,5788344,5018727,3436228,7123045,6739698,7105059,8265498,8220271,8004221,9875103,4817323,6996140,5770224
"Neg",39885,"[M-H]-",12.96,"PS 18:0_20:3<OH> (a)","OxPS",1062772,1025388,842960,827839,930670,1023115,679481,462989,974546,795936,766430,774170,993913,820083,821755,496029,620847,558918
"Neg",39888,"[M-H]-",12.985,"PS 18:0_20:3<OH> (b)","OxPS",1062772,1005348,833724,788755,908441,989418,656936,452889,953470,795937,740802,766404,976817,796728,788838,496029,561208,532486
"Neg",39887,"[M-H]-",13.196,"PS 18:0_20:3<OH> (c)","OxPS",38188,70110,62259,37459,37515,31230,76702,90178,63566,162935,179006,120576,68252,52113,26992,90866,81228,123383
"Neg",39261,"[M-H]-",12.65,"PS 18:0_20:4 (a)","PS",4722442,5850606,5535837,5420311,4791091,6129040,5781825,3370326,6362477,6546651,6707092,8385542,7738699,7152655,8305463,4686435,6858006,5434594
"Neg",39260,"[M-H]-",13.858,"PS 18:0_20:4 (b)","PS",9464770,6876669,8191809,8683028,7563201,8995480,6779082,3975017,8346637,8054528,8161493,9154677,8753623,8630790,9457943,6083990,7970548,7013291
"Neg",39132,"[M-H]-",11.841,"PS 18:0_20:5 (a)","PS",1009094,1277619,1438769,1277880,1063338,553651,1270937,707623,1688807,663436,1687251,725449,1158252,1752495,1884673,869522,1356301,1121501
"Neg",39129,"[M-H]-",12.806,"PS 18:0_20:5 (b)","PS",1716684,2169709,1924688,2036629,1616525,1816014,1816286,980735,1052338,1778383,2316912,2180236,2226625,2051809,2246466,1380147,1866376,1447505
"Neg",41004,"[M-H]-",14.523,"PS 18:0_22:3","PS",412520,195320,595955,298126,381897,393204,154328,89121,207777,567616,707381,852906,466973,875228,1017135,152281,608780,518960
"Neg",40892,"[M-H]-",13.5,"PS 18:0_22:4 (a)","PS",1530221,2753796,1554318,2044610,1219497,2548836,1968100,1591185,2614174,2891497,4272647,3962017,3670946,1662336,2574404,1100631,3131760,2487112
"Neg",40889,"[M-H]-",15.155,"PS 18:0_22:4 (b)","PS",767589,773031,682832,718870,613163,623924,399229,258264,577537,661387,526611,680864,583253,497867,717745,410580,274401,466402
"Neg",41248,"[M-H]-",13.15,"PS 18:0_22:4<OH>","OxPS",95455,129840,106622,112743,129426,130084,85287,44319,96340,40165,33934,50990,41360,59417,105265,32716,26052,11051
"Neg",40763,"[M-H]-",12.632,"PS 18:0_22:5 (a)","PS",24595465,34862588,36576552,30473044,27801848,29443409,31849946,16597081,38651796,33421059,33989467,37884172,34407314,36347518,43314161,20081109,29706122,26464418
"Neg",40762,"[M-H]-",13.405,"PS 18:0_22:5 (b)","PS",225938,238750,281888,334652,306894,234818,131752,104313,264362,219186,354911,129157,180504,173151,366798,71306,344118,333414
"Neg",40760,"[M-H]-",14.265,"PS 18:0_22:5 (c)","PS",625694,494527,516751,503595,536058,513420,387751,225585,434005,469766,403964,685598,542032,652622,767871,354978,371857,178891
"Neg",40630,"[M-H]-",12.273,"PS 18:0_22:6 (a)","PS",12080294,15032405,13795606,12681626,12013482,15545061,14840816,8997027,18369464,16649697,18473080,21416770,20424347,19770436,23777997,10973888,14215481,13221733
"Neg",40628,"[M-H]-",13.143,"PS 18:0_22:6 (b)","PS",281568,377444,304565,266482,149278,212053,299840,217737,299160,210594,506678,283868,132842,720310,400229,127634,290520,175275
"Neg",31486,"[M-H]-",7.28,"PS 18:0_9:0<oxo>","OxPS",36566,36133,0,88130,0,0,0,14592,0,10356,0,0,0,0,0,11009,3036,0
"Neg",37764,"[M-H]-",12.773,"PS 18:1_18:1","PS",25252678,27613859,30951951,28075383,20941190,30273297,29681438,19101102,36262993,32054653,39056080,43997038,17703534,42664093,48508567,28507347,37997685,31872343
"Neg",37647,"[M-H]-",11.862,"PS 18:1_18:2 (a)","PS",618974,731985,470468,581971,678956,515538,739247,485550,928198,972547,943293,1354753,862077,1099699,1338821,541665,915458,913558
"Neg",37648,"[M-H]-",11.99,"PS 18:1_18:2 (b)","PS",1125084,1432051,941468,734693,967461,1078277,892326,211931,1767481,1246180,1370577,1302110,1981736,1564239,1068885,1423244,1743973,1453342
"Neg",37649,"[M-H]-",12.858,"PS 18:1_18:2 (c)","PS",28382,0,36679,7453,11057,11983,9428,0,7640,0,0,6833,78530,36409,107926,614611,344095,454325
"Neg",39471,"[M-H]-",13.944,"PS 18:1_20:1","PS",4230550,5932894,1910135,5355098,4082913,4389111,4831000,3166420,7164589,6294326,6874845,6262805,4377225,6885441,9167783,4580998,6615275,5549681
"Neg",39995,"[M-H]-",13.915,"PS 18:1_20:1<OH>","OxPS",0,0,0,0,0,0,0,0,0,0,0,0,0,0,0,0,0,0
"Neg",41122,"[M-H]-",15.276,"PS 18:1_22:1","PS",3119995,3894795,4391078,4258645,2948098,2052662,3618756,2362853,4817524,4143880,5320977,5831037,5204647,5410404,6388447,3463341,5124482,4303878
"Neg",41440,"[M-H]-",15.649,"PS 18:1_22:1<OH>","OxPS",383292,393729,322859,340961,352944,297788,231090,150464,248516,220494,224877,269342,251466,195675,205462,148144,207926,155175
"Neg",41007,"[M-H]-",14.214,"PS 18:1_22:2","PS",176982,320611,245693,383564,170055,309834,389732,196004,498262,238422,548825,470086,591081,353883,694715,138491,474660,327395
"Neg",40629,"[M-H]-",11.629,"PS 18:1_22:5","PS",2755543,3193852,3406704,3073342,2805001,2658678,2707641,1770675,4113731,3423882,3352353,3487145,1215014,1221567,1575714,759818,1049561,2416445
"Neg",40513,"[M-H]-",11.299,"PS 18:1_22:6 (a)","PS",2005304,2551095,2598019,2112882,1938566,2291359,2281445,1411672,2761267,2876654,2723503,3193924,3040324,2959067,3427672,1713056,2283725,1852202
"Neg",40512,"[M-H]-",12.557,"PS 18:1_22:6 (b)","PS",3074638,3168335,2494691,3075043,2975855,2674797,2346837,1278536,2251128,2555625,2527048,2224890,2468276,2377489,2329909,1612470,2049602,1952404
"Neg",42717,"[M-H]-",16.725,"PS 18:1_24:1","PS",1179398,1495340,1438203,1411706,416168,563497,1096795,449594,1555022,1428424,1808640,1797513,1745777,1556473,2007730,688475,1578733,905192
"Neg",42601,"[M-H]-",15.454,"PS 18:1_24:2","PS",230134,170122,222672,133678,279108,259183,309740,113464,488795,460345,401072,336181,524432,229907,584290,144290,358830,245329
"Neg",39590,"[M-H]-",15.229,"PS 20:0_18:1","PS",2589531,1226690,3276434,1715121,2076465,2096236,2453229,1592701,1517271,3415327,3468528,4311980,4083220,4005806,4218801,1031157,3875777,3057585
"Neg",43774,"[M-H]-",13.862,"PS 20:1_24:5","PS",1418519,1556211,2270736,1666713,1013428,1744200,1768242,1016802,1801217,3093271,3330818,6405843,4119629,6170806,3285693,2470093,4941265,3039923
"Neg",41248,"[M-H]-",16.753,"PS 22:0_18:1","PS",887628,3208880,1200121,2356256,2048954,2359714,1953026,1575354,2842926,2196865,3287387,3525322,3719498,3870840,3955466,1838317,1467520,2497802
"Neg",42842,"[M-H]-",18.379,"PS 24:0_18:1","PS",1253885,927039,1582250,929526,1333858,1627280,1244698,939590,1662003,1838026,2251463,2373514,2188800,1978870,2378864,655378,830932,1735522
"Neg",37676,"[M-H]-",12.953,"PS 34:2<2oxo>","OxPS",0,0,0,0,0,0,0,0,0,0,0,0,0,0,0,0,0,0
"Neg",40737,"[M-H]-",12.372,"PS 38:3<2OH>","OxPS",22858414,19798291,17981786,19799643,19630127,20664351,18894014,10562903,19122769,17818652,17260930,18033502,21085457,18331109,21680184,16880394,18637933,19744476
"Neg",41344,"[M-H]-",14.234,"PS 40:2<oxo>","OxPS",3382530,3690488,2973348,3080275,3048876,3012137,2650259,1470501,2785487,2709142,2474943,2338458,2616398,2185340,2272820,1495177,1826505,1456517
"Pos",39522,"[M+NH4]+",22.025,"TG 14:0_14:0_16:0","TG",3798667,3374601,3604049,3041578,3839125,2885809,2198670,1848598,2199608,2539811,2743811,2891804,2825858,2264946,2395076,2261479,2723025,2327734
"Pos",39345,"[M+NH4]+",21.189,"TG 14:0_14:0_16:1","TG",1660863,1644264,1633299,1245291,2070671,1291061,1331788,799068,1262263,1335662,1291467,1254631,1424652,1232289,1186661,1228409,1404309,946403
"Pos",40894,"[M+NH4]+",22.395,"TG 14:0_15:0_16:0","TG",1556807,1905773,1758554,1729649,1477292,1123669,984572,1559320,1590040,1524259,1560323,1607148,1747392,1316041,998296,1411601,1103674,1431436
"Pos",40700,"[M+NH4]+",21.64,"TG 14:0_15:0_16:1","TG",613482,534551,558735,476720,1682068,555179,403731,553169,358009,467504,563052,482049,483865,862586,782177,349297,420839,530430
"Pos",42346,"[M+NH4]+",22.758,"TG 14:0_16:0_16:0","TG",31092402,26772189,28276315,26617695,25932023,23942457,15148209,13050937,15660475,18775642,20851647,22304837,21404915,18204995,18923155,18091324,19970387,18435345
"Pos",42149,"[M+NH4]+",22.063,"TG 14:0_16:0_16:1","TG",14722640,12744498,13898905,12125605,14050239,11333937,7947193,7634631,8463129,9425685,10609895,11222476,10446496,9049832,9454942,9019565,10073332,9207679
"Pos",44841,"[M+NH4]+",22.783,"TG 14:0_16:0_18:1","TG",117186455,102488098,108332587,100257240,97521549,92711645,61349060,50658521,60393011,73289421,83883572,87623791,82573578,72993728,73299217,70119221,78292980,71082569
"Pos",46963,"[M+NH4]+",21.89,"TG 14:0_16:0_20:4","TG",365876,387424,232913,224272,294347,281755,208962,207810,301214,236245,269735,260495,297529,165828,309956,243623,190172,89664
"Pos",49500,"[M+NH4]+",21.882,"TG 14:0_16:0_22:5","TG",1135436,1096133,1020515,501333,942938,842075,656645,539599,754341,830105,900519,750311,797292,871691,667327,711611,785953,759191
"Pos",49325,"[M+NH4]+",21.532,"TG 14:0_16:0_22:6","TG",371852,308225,344780,295589,314181,261934,191188,144376,210234,237506,280678,270624,258141,226724,206107,184709,231086,197817
"Pos",41964,"[M+NH4]+",21.25,"TG 14:0_16:1_16:1 (a)","TG",1541611,1380315,1490307,612034,1847080,1214396,333240,845645,651621,986330,1135522,602550,1115422,1057897,931399,1045388,685480,1074644
"Pos",41968,"[M+NH4]+",21.332,"TG 14:0_16:1_16:1 (b)","TG",1541611,1380315,1490307,687253,1847080,1214396,576146,162247,383057,986330,1135522,614888,120685,1057897,119089,1045388,449247,1074644
"Pos",44659,"[M+NH4]+",22.099,"TG 14:0_16:1_18:1","TG",24348679,21033483,23592689,20683584,23043095,19023444,13685905,12341469,14728029,16282063,18179538,19788009,18538498,15583826,16167733,15965496,17687762,16096070
"Pos",44441,"[M+NH4]+",21.304,"TG 14:0_16:1_18:2","TG",971859,823033,925142,511959,885423,646267,526202,398468,606526,383828,591440,724132,600721,310293,549266,641344,658714,398683
"Pos",43737,"[M+NH4]+",23.071,"TG 15:0_16:0_16:0","TG",10179011,8697950,8753684,8181025,9293243,7486344,5513979,5264198,5364782,6215239,7080491,7383892,7249796,6270290,6330839,5905344,6666012,6024991
"Pos",43551,"[M+NH4]+",22.437,"TG 15:0_16:0_16:1","TG",4962140,4773662,4997260,4389761,5747292,4105932,3334926,3381998,3552648,3688486,3900074,4124404,4080452,3437651,3566768,3559291,4001849,3559373
"Pos",46253,"[M+NH4]+",23.102,"TG 15:0_16:0_18:1","TG",28124367,24526704,25746699,23343372,24794989,21771735,14112424,12654054,14793704,17645024,19715159,20667360,19293463,16635107,17076485,16380759,17664819,16903393
"Pos",50754,"[M+NH4]+",22.289,"TG 15:0_16:0_22:5","TG",325479,302916,193944,126256,70362,157709,77758,76172,66080,123770,215402,155497,84769,130426,162518,103819,220791,204364
"Pos",45052,"[M+NH4]+",23.393,"TG 16:0_16:0_16:0","TG",128726751,111549220,118422370,106660110,103133856,105019181,57754436,53668412,62846991,77730013,88923912,92074759,85312972,77728522,77469497,70635744,83695662,77632242
"Pos",46438,"[M+NH4]+",23.675,"TG 16:0_16:0_17:0","TG",11031982,9887191,10427800,9296167,10029111,9139526,5702687,5015444,5962043,6992601,7832932,8136436,7982259,6778929,7073990,6493194,7583820,7089531
"Pos",47764,"[M+NH4]+",23.959,"TG 16:0_16:0_18:0","TG",73686111,65812861,69701732,60649472,60774641,61473803,33055787,30801069,34404824,44185327,52870302,53125368,48382649,42648686,44621417,40982991,47053179,43964624
"Pos",47560,"[M+NH4]+",23.412,"TG 16:0_16:0_18:1","TG",390199508,340880071,365884919,326525184,319091064,317907209,188693889,168007883,195534041,236462294,275645324,287388432,261193592,239522627,238379073,223438411,255564179,236462898
"Pos",49681,"[M+NH4]+",22.64,"TG 16:0_16:0_20:4","TG",1960479,1732226,2179214,1353783,1876689,1472512,1129741,644170,1271424,1292311,1516274,1465791,1566282,1396166,1448768,1178371,1531902,1338447
"Pos",49501,"[M+NH4]+",22.066,"TG 16:0_16:0_20:5","TG",664879,523767,678262,551225,649458,519374,382554,275112,343751,459627,463781,555653,429207,352654,445006,355440,519812,373142
"Pos",51817,"[M+NH4]+",22.321,"TG 16:0_16:0_22:6","TG",2985016,2475731,2599373,2394303,2491668,2249615,1488706,1211828,1522721,1926218,2181706,2147191,2053330,1851429,1861432,1547608,1912147,1756016
"Pos",54082,"[M+NH4]+",25.044,"TG 16:0_16:0_23:0","TG",767896,698411,691116,642757,887808,690153,548416,631077,597291,614825,587260,688098,608628,591222,563653,610024,642477,578697
"Pos",55236,"[M+NH4]+",25.21,"TG 16:0_16:0_24:0","TG",3347048,2926219,3195599,2883110,3227623,2695755,1889398,1772452,1796400,2263283,2450993,2629630,2442025,2170594,2161560,2035896,2244935,2074079
"Pos",56279,"[M+NH4]+",25.353,"TG 16:0_16:0_25:0","TG",840420,762655,730481,724172,880235,701765,611460,631460,593765,615740,692703,656169,694677,633423,618708,630520,661989,334855
"Pos",62620,"[M+NH4]+",25.954,"TG 16:0_16:0_32:1","TG",461024,428810,443533,427661,488754,426372,257020,242723,260371,303262,348295,341367,349503,305578,278624,319202,357691,281921
"Pos",44658,"[M+NH4]+",22.288,"TG 16:0_16:1_16:1","TG",896914,848604,831137,792748,1049441,708821,647419,612928,656614,694597,734409,752358,742156,624397,697184,662050,751204,641217
"Pos",46067,"[M+NH4]+",22.471,"TG 16:0_16:1_17:1","TG",5570614,4878442,5226845,4990421,5770499,4809796,3351981,3105920,3541329,3837780,4404389,4419611,4482936,3742245,3958128,3860959,4109767,3713139
"Pos",47352,"[M+NH4]+",22.817,"TG 16:0_16:1_18:1","TG",160686131,136208905,147867102,137394159,132977347,126900485,86544626,71984288,86886566,102957920,117991274,124895562,117779132,101433312,103625488,101688833,110784606,99823441
"Pos",46962,"[M+NH4]+",21.519,"TG 16:0_16:1_18:3","TG",918651,778409,822794,581314,750513,718762,504735,463276,399279,667810,584113,670042,665011,587593,628326,573911,645987,545055
"Pos",51818,"[M+NH4]+",21.9,"TG 16:0_16:1_22:5","TG",1980384,1657272,1426172,1383453,1559030,1358676,1106057,906407,1298475,1307102,1443016,1236148,1402263,1185637,1298157,1028074,1300610,1195438
"Pos",51635,"[M+NH4]+",21.569,"TG 16:0_16:1_22:6","TG",1171239,960262,1007516,912933,1009809,879468,638508,529846,690902,889862,941230,895371,849242,749179,740642,712222,801959,721577
"Pos",48918,"[M+NH4]+",23.696,"TG 16:0_17:0_18:1","TG",24722920,24869614,27444272,24194698,25281139,22830234,13829166,10339957,14271978,13844391,18754294,21262468,20379696,17246024,18106986,16738276,19038626,17549307
"Pos",53234,"[M+NH4]+",22.952,"TG 16:0_17:0_22:5","TG",269121,317464,168858,191837,267029,248383,82610,68809,140528,112505,191988,222269,123232,125357,207742,166093,85838,127901
"Pos",48712,"[M+NH4]+",23.119,"TG 16:0_17:1_18:1","TG",31356820,26175248,28403265,26064816,26740753,24034364,15603637,13960671,16139407,19546880,22618468,23620754,22146967,18916195,19532394,18466463,20721915,19067484
"Pos",53062,"[M+NH4]+",22.286,"TG 16:0_17:1_22:5","TG",410450,342275,344806,375201,373216,310161,185334,134245,248866,267068,191361,303123,248640,235063,202119,189220,267610,217259
"Pos",50410,"[M+NH4]+",24.442,"TG 16:0_18:0_18:0","TG",17696721,15939140,17277153,14435981,14450212,14153530,7949880,7600725,8341988,10292143,12012134,12530590,11566497,10144250,10476160,9287853,11123164,10152788
"Pos",50217,"[M+NH4]+",23.971,"TG 16:0_18:0_18:1","TG",157103398,139456320,151761500,132932266,132342783,130225103,74470285,68030183,76675910,96053120,114501060,115343973,106107131,92650534,94677575,89091279,101002016,93866645
"Pos",51454,"[M+NH4]+",24.203,"TG 16:0_18:0_19:1","TG",9133354,8081904,8711016,7733038,7688583,7317941,4358844,3926693,4606613,5534815,6627387,6554174,6110911,5380915,5502191,5110087,5855165,5476735
"Pos",52878,"[M+NH4]+",24.854,"TG 16:0_18:0_20:0","TG",4133318,3574798,3787020,3214568,3454815,3286082,2157715,1960298,2154539,2492145,2806400,2954512,2758204,2571439,2433286,2402562,2632450,2388993
"Pos",52670,"[M+NH4]+",24.451,"TG 16:0_18:0_20:1","TG",29887349,27353611,29493045,24621649,24993709,24111089,13906956,12782992,14421704,17567373,21081821,21132429,19852775,16941923,17783357,16266065,18565235,17380083
"Pos",55038,"[M+NH4]+",24.854,"TG 16:0_18:0_22:1","TG",10167187,9141511,10014695,8951951,9015198,8679049,4921293,4558638,5000655,6178956,7209718,7474901,7039802,6097583,6038508,5803823,6466567,6095600
"Pos",54388,"[M+NH4]+",23.23,"TG 16:0_18:0_22:5","TG",4370767,3431711,3185129,4128785,3334898,3215139,2001603,1156073,1991914,3134630,1585185,3115150,2823595,2657523,2785452,2077391,2946831,3159637
"Pos",54224,"[M+NH4]+",23.008,"TG 16:0_18:0_22:6","TG",2474049,1953271,1937447,1795938,1778567,1691997,1078880,924474,1013501,1351191,1445026,1564195,1512257,1357880,1311029,1191961,1423454,1155853
"Pos",57329,"[M+NH4]+",25.498,"TG 16:0_18:0_24:0","TG",2296165,2033375,2104384,1935975,2136658,1881273,1208100,1130328,1219104,1491683,1701726,1590475,1516449,1430837,1469887,1356221,1526385,1387793
"Pos",59366,"[M+NH4]+",25.741,"TG 16:0_18:0_26:0","TG",711550,594480,658681,620554,659471,564086,392146,385826,341734,425722,492350,552090,507153,461088,430038,443305,463870,394250
"Pos",50031,"[M+NH4]+",23.43,"TG 16:0_18:1_18:1","TG",398496058,338780046,371531233,335228191,325629364,321778393,203549068,180007100,210874117,247302335,288794886,302784519,277914611,250907734,247104839,239274958,270202296,247831563
"Pos",49851,"[M+NH4]+",22.855,"TG 16:0_18:1_18:2","TG",95602174,79149090,86703716,80576861,79399786,76360441,52053106,44092333,51836776,61712303,72037861,73680492,70666559,60655049,61611921,60651605,65523244,59730510
"Pos",51252,"[M+NH4]+",23.708,"TG 16:0_18:1_19:1","TG",27363087,23120767,25825184,23111330,23832385,21313874,13347302,11392051,13375014,17153817,19875679,20234067,19730789,16654194,17364052,16331137,18013688,16864444
"Pos",52472,"[M+NH4]+",23.982,"TG 16:0_18:1_20:1","TG",120359190,103385779,114892143,102647813,100638206,99562228,60066214,54014616,60633324,75175978,90541702,90799859,84150781,73754828,73242364,71526261,78263871,73322658
"Pos",51982,"[M+NH4]+",22.617,"TG 16:0_18:1_20:4","TG",7276273,6250340,7039915,6174438,6513637,5856986,4006961,3455873,4240357,4995920,5804623,5483684,5547252,4700238,4800014,4007167,5229820,4838318
"Pos",51816,"[M+NH4]+",22.09,"TG 16:0_18:1_20:5","TG",1041985,940247,1267526,1108301,1205199,915592,632278,562449,630856,822547,871304,1017529,835852,744482,769007,570976,840516,714382
"Pos",53406,"[M+NH4]+",23.339,"TG 16:0_18:1_21:3","TG",679802,1667798,261782,833926,1538447,323193,582232,413968,261859,384400,1254316,1530242,671709,290992,1196622,1032411,1087608,580838
"Pos",54389,"[M+NH4]+",23.081,"TG 16:0_18:1_22:4","TG",4865443,2592664,3439680,4431704,5286797,3041967,2983533,2434444,2088100,3451730,3303138,2845703,2069809,3602595,3415967,1973643,1173220,1616479
"Pos",54226,"[M+NH4]+",22.624,"TG 16:0_18:1_22:5","TG",9150768,7410369,8070746,7307512,7662931,6755006,4312124,3719544,4617919,5632153,6528530,6451481,6297825,5482667,5536073,4916103,5707192,5102665
"Pos",54064,"[M+NH4]+",22.345,"TG 16:0_18:1_22:6","TG",5834989,4632372,5267746,4546820,4858146,4419684,2906609,2401244,3001742,3774287,4281231,4354928,3950812,3515324,3652999,3219794,3759427,3462658
"Pos",57017,"[M+NH4]+",24.855,"TG 16:0_18:1_24:1","TG",12781145,11001087,12282507,10891924,10949022,10326388,6434660,5595258,6116342,7720525,9069613,9259254,8626113,7632789,7427951,7461893,8044791,7509094
"Pos",58070,"[M+NH4]+",25.031,"TG 16:0_18:1_25:1","TG",1466925,1236933,1383982,1186048,1377575,1164544,754382,714078,806183,933899,1048632,1080765,999674,963880,919509,910600,982251,885969
"Pos",59077,"[M+NH4]+",25.199,"TG 16:0_18:1_26:1","TG",8296879,6983704,7898205,7229138,7459684,6575648,4170037,3629180,3907136,5082998,5955461,6267598,5564216,4978480,4996706,4703383,5151852,4677777
"Pos",62547,"[M+NH4]+",25.729,"TG 16:0_18:1_30:1","TG",1260945,1156078,1208125,1118467,1155101,1036044,647701,646025,648053,831912,965120,1017951,897515,844394,788175,846297,847598,774020
"Pos",63819,"[M+NH4]+",25.948,"TG 16:0_18:1_32:1","TG",730636,668179,650047,633602,633491,550707,397479,364777,326857,426933,497387,522128,484967,424993,451882,457119,463467,398685
"Pos",49502,"[M+NH4]+",21.622,"TG 16:0_18:2_18:3","TG",705746,527448,384662,580751,612058,608227,462149,422572,485206,494114,355517,541476,519907,519126,585636,442128,498271,485769
"Pos",60019,"[M+NH4]+",25.346,"TG 16:0_19:1_26:1","TG",799785,734290,749292,734081,771926,694558,409141,405493,407007,513194,585410,597267,588301,484105,473533,472434,581276,519177
"Pos",60911,"[M+NH4]+",25.484,"TG 16:0_20:1_26:1","TG",3214087,2778660,3055588,2830875,2860637,2558145,1672961,1427953,1567483,2004308,2399905,2371845,2127890,1890877,1945919,1905120,2035853,1867727
"Pos",55693,"[M+NH4]+",23.824,"TG 16:0_20:2_21:2","TG",510446,604775,860449,221034,699741,472375,428022,318393,466055,480271,616772,678976,651821,200629,552774,367442,399826,145202
"Pos",55965,"[M+NH4]+",21.73,"TG 16:0_20:4_22:5","TG",238514,222888,107541,248172,183277,184814,53294,61275,107739,128120,119933,127451,127170,109692,110277,102339,102926,115831
"Pos",58060,"[M+NH4]+",22.319,"TG 16:0_22:4_22:5","TG",56299,11855,12053,16692,14507,21175,14720,3707,15662,5613,15685,19704,15462,12696,11346,9335,29310,58218
"Pos",57911,"[M+NH4]+",21.999,"TG 16:0_22:4_22:6","TG",12633,6655,11588,4313,9369,5333,0,0,0,8121,6945,8704,3962,5137,3798,3637,5756,4250
"Pos",57743,"[M+NH4]+",21.382,"TG 16:0_22:5_22:6","TG",97038,57448,102105,44208,42239,18540,22585,17215,31509,51813,89364,41170,361076,315818,384862,783084,966714,851380
"Pos",57172,"[M+NH4]+",25.213,"TG 16:0_24:0_18:1","TG",8634520,7457489,8327394,7402332,7882008,6830454,4232232,3775407,4082401,5369333,6272507,6397781,5709322,5098375,5134702,4970492,5370952,4930726
"Pos",58218,"[M+NH4]+",25.36,"TG 16:0_25:0_18:1","TG",1064980,967401,1052869,977745,1118708,846631,632054,608243,651596,711617,818039,784558,762706,724104,727313,685006,709447,640800
"Pos",59220,"[M+NH4]+",25.498,"TG 16:0_26:0_18:1","TG",4213414,3763035,4107677,3660338,3767706,3459108,2146035,1909637,2065863,2625878,3086632,3044728,2808808,2495691,2608613,2472328,2822651,2481527
"Pos",44440,"[M+NH4]+",21.412,"TG 16:1_16:1_16:1","TG",518070,572793,356020,487649,436692,581858,347503,132270,117343,185723,198790,473689,489746,174599,412979,96511,331614,194915
"Pos",47146,"[M+NH4]+",22.143,"TG 16:1_16:1_18:1","TG",19749793,16288995,17455108,15547754,17385344,14560103,11192305,8737449,10974602,12859440,13919487,14520574,13834761,11991895,11736317,12325484,13023228,11777641
"Pos",49322,"[M+NH4]+",21.057,"TG 16:1_16:1_20:4","TG",49110,77623,86237,92042,44575,23096,28717,9788,66436,55067,25415,31231,44709,18745,59903,55139,35185,47816
"Pos",48519,"[M+NH4]+",22.512,"TG 16:1_17:1_18:1","TG",3885433,3572508,3873981,3335624,3992091,3420723,1921442,2116525,2278332,2831521,3184628,3100478,2929909,2506245,2345870,2620237,2964622,2491141
"Pos",49682,"[M+NH4]+",22.277,"TG 16:1_18:1_18:2","TG",9530122,8196135,8548779,7778107,8058769,7701044,5911345,5069366,5823843,6618831,7405347,7539279,7247771,6574146,6546793,5963698,6950354,6497187
"Pos",51634,"[M+NH4]+",21.325,"TG 16:1_18:1_20:5","TG",205725,115957,63137,94158,166893,30135,33129,89055,23647,21233,58402,77037,51093,75506,65981,68528,113020,49754
"Pos",54065,"[M+NH4]+",21.949,"TG 16:1_18:1_22:5","TG",1032070,365647,863072,403231,815273,769109,368096,674668,614828,695306,836206,641646,946473,361387,405872,596879,610375,730542
"Pos",53897,"[M+NH4]+",21.61,"TG 16:1_18:1_22:6","TG",1062034,862462,909696,542290,825272,794665,559969,471212,578536,705902,751671,737880,758185,658033,631032,562031,658246,585943
"Pos",51072,"[M+NH4]+",23.144,"TG 17:1_18:1_18:1","TG",14191054,11075853,12364113,11491913,11753102,10686312,6956562,6037205,7168303,8530900,10092073,10766797,9863822,8376031,8720088,8353827,8891521,8433642
"Pos",50920,"[M+NH4]+",22.641,"TG 17:1_18:1_18:2","TG",1067880,623968,1140328,978841,984293,578802,533499,326156,667550,222794,922803,435896,265746,384208,335138,538467,806075,535309
"Pos",55396,"[M+NH4]+",22.95,"TG 17:1_18:1_22:4","TG",642577,434339,395678,234469,267472,286501,208126,62242,227893,324777,287570,282101,212368,327121,144605,154579,379268,197723
"Pos",55221,"[M+NH4]+",22.306,"TG 17:1_18:1_22:5","TG",179921,84927,162236,155127,134525,80135,32162,24230,35217,44723,87852,81313,114723,43574,60926,39310,42245,82231
"Pos",57923,"[M+NH4]+",24.662,"TG 17:1_18:1_24:1","TG",893324,697394,805767,756490,745034,711132,453888,378676,401050,508927,595210,577255,597467,509648,540810,509018,561859,522114
"Pos",53739,"[M+NH4]+",24.213,"TG 18:0_18:1_19:1","TG",6862655,5989280,6540736,6003835,6115000,5649350,3526475,3138260,3515624,4353795,5153465,4953445,4821383,4245400,4308002,4000392,4559120,4131095
"Pos",54870,"[M+NH4]+",24.454,"TG 18:0_18:1_20:1","TG",24431572,21468248,23343350,20109656,20621089,19178667,11942060,10840893,11962825,14454184,17697597,17643748,16614334,14447799,14257614,13907512,15326451,14250219
"Pos",56569,"[M+NH4]+",23.699,"TG 18:0_18:1_22:4","TG",3091049,2634889,2996540,1676913,2616721,2427655,948427,740803,1504107,1061951,2235610,2247366,2204421,932312,1866720,1639441,1935653,997687
"Pos",56424,"[M+NH4]+",23.234,"TG 18:0_18:1_22:5","TG",6714363,5653092,4658598,5296697,4655920,4463792,3112829,2374848,2763719,3776697,4024545,4987629,3640261,4041936,4168915,2952059,3649655,3147200
"Pos",56270,"[M+NH4]+",23.024,"TG 18:0_18:1_22:6","TG",2830056,2074332,2144795,2128748,2105507,1992498,1233735,995032,1346358,1547740,2008843,1936998,1825107,1459331,1410530,1225856,1595757,1335266
"Pos",61047,"[M+NH4]+",25.737,"TG 18:0_26:0_18:1","TG",1259236,1132957,1248386,1123177,1150857,1030206,622058,631233,648082,795832,941763,939188,873396,820910,745534,797663,827765,787633
"Pos",52320,"[M+NH4]+",23.454,"TG 18:1_18:1_18:1","TG",144449296,121703498,136507438,122343179,120630853,118394542,78109348,68842595,81168068,93318896,106680186,112060983,105302188,94710076,93555343,89820186,100431709,92794680
"Pos",52149,"[M+NH4]+",22.945,"TG 18:1_18:1_18:2","TG",27829814,24152214,25488781,24455647,24838664,22738632,16102687,14273033,16829456,18956026,22854435,21505974,20548143,19509244,19794472,17960532,20049840,18005029
"Pos",53557,"[M+NH4]+",23.723,"TG 18:1_18:1_19:1","TG",9729764,7806685,8822163,7929132,8222340,7459311,4654756,3887484,4679104,6053472,7092582,7153957,6914623,5935741,6120964,5756234,6210405,5816463
"Pos",53405,"[M+NH4]+",23.235,"TG 18:1_18:1_19:2","TG",631967,1667798,1558411,767469,1538447,1208720,312220,472050,541940,480847,1254316,1530242,734695,903694,1196622,1032411,1087608,622072
"Pos",54707,"[M+NH4]+",23.988,"TG 18:1_18:1_20:1","TG",37513469,31295845,35046795,31661472,30871195,30432418,18877167,17335255,19482057,23835976,28718920,28968680,26732353,23060670,23552754,23111885,24917529,23488247
"Pos",54550,"[M+NH4]+",23.526,"TG 18:1_18:1_20:2","TG",10859708,8996744,10150681,9434261,4017129,3833419,5678584,2973529,5849562,7106865,8042778,7934095,2732445,6952609,7001291,2919216,7335755,3502619
"Pos",56272,"[M+NH4]+",22.645,"TG 18:1_18:1_22:5","TG",3936282,3111837,3601506,3165199,3240027,2807259,1897381,1491751,1977459,2512763,2953401,2750906,2534139,2315653,2379049,2230046,2476719,2310603
"Pos",56097,"[M+NH4]+",22.369,"TG 18:1_18:1_22:6","TG",2978398,2313609,2683846,2384367,2441848,2281782,1478199,1234154,1457679,1926020,2240489,2206168,2008264,1792540,1868991,1638935,1931332,1722680
"Pos",58938,"[M+NH4]+",24.855,"TG 18:1_18:1_24:1","TG",6162598,4987656,5758054,5130865,5060834,4941404,3059476,2654802,2960914,3817445,4425820,4438124,4255163,3603653,3541835,3499583,3935600,3491272
"Pos",58789,"[M+NH4]+",24.493,"TG 18:1_18:1_24:2","TG",1726810,1496953,1617959,1367721,1496063,1337872,795921,726494,854517,1065583,1279569,1286515,1204200,1041019,1002213,949344,1069536,1065380
"Pos",59897,"[M+NH4]+",25.026,"TG 18:1_18:1_25:1","TG",575193,482966,488817,471140,471875,424058,272700,282405,274427,367153,406127,446898,354927,348444,357082,311457,388634,321618
"Pos",60800,"[M+NH4]+",25.191,"TG 18:1_18:1_26:1","TG",3010413,2505889,2797302,2575711,2665472,2381737,1489246,1325839,1454512,1854403,2274679,2292546,2018587,1855218,1831617,1754376,1852242,1700120
"Pos",60683,"[M+NH4]+",24.871,"TG 18:1_18:1_26:2","TG",968419,805830,895896,859991,856766,803728,497642,432695,477244,614517,716024,688489,638640,632898,600314,569184,587450,574780
"Pos",63734,"[M+NH4]+",25.726,"TG 18:1_18:1_30:1","TG",594633,551358,553508,493449,549040,460279,354641,286275,301793,387739,482047,474941,428674,421260,376309,392674,424638,347410
"Pos",64763,"[M+NH4]+",25.939,"TG 18:1_18:1_32:1","TG",354601,291505,366465,334481,342468,309488,192349,168733,185554,217157,256798,310662,263233,227710,222438,238408,276182,211779
"Pos",51981,"[M+NH4]+",22.318,"TG 18:1_18:2_18:2","TG",5399822,5026274,5252174,4947747,5071598,4697605,4218272,3797878,4043569,4665468,4712070,4675551,4527768,4489038,4367531,4292267,4654633,4322747
"Pos",56098,"[M+NH4]+",22.038,"TG 18:1_18:2_22:5","TG",81860,73203,87982,160218,85244,67573,33169,27609,87002,71903,56901,88541,136374,72252,118620,106447,147116,107491
"Pos",55844,"[M+NH4]+",24.226,"TG 18:1_19:1_20:1","TG",2337596,1898571,2122152,1883634,1951460,1751153,1151092,983819,1184885,1400315,1751609,1682086,1536162,1420580,1459247,1383074,1498199,1408536
"Pos",57323,"[M+NH4]+",22.967,"TG 18:1_19:1_22:5","TG",149844,24569,106089,111750,61600,110515,29160,41591,66316,17756,35677,44188,39731,20315,63417,44192,63837,17982
"Pos",56858,"[M+NH4]+",24.463,"TG 18:1_20:1_20:1","TG",9993212,8419892,9385100,8190403,8211958,7793960,5018198,4405473,4976142,5922976,7150910,7248181,6839133,5837371,5972454,5877833,6341254,5870580
"Pos",56719,"[M+NH4]+",24.063,"TG 18:1_20:1_20:2","TG",3982381,3189954,3532424,3238068,3339475,3104564,1874482,1742989,1904917,2439007,2828783,2995591,2789282,2399987,2414460,2356401,2616268,2505339
"Pos",58644,"[M+NH4]+",24.144,"TG 18:1_20:1_22:3","TG",794829,618092,774022,371533,675414,527221,214134,71595,173361,141282,591469,507012,318383,411735,435860,375175,450551,236393
"Pos",58483,"[M+NH4]+",23.736,"TG 18:1_20:1_22:4","TG",1433981,996526,1409097,680457,1297284,1169273,349543,174919,411237,824923,573308,782452,1029456,409944,699862,744623,566435,430124
"Pos",58351,"[M+NH4]+",23.236,"TG 18:1_20:1_22:5","TG",1914479,1157877,1368685,1582713,933766,667597,705508,506835,520793,928211,1148838,1253269,1056540,946982,905567,559860,546412,478121
"Pos",58211,"[M+NH4]+",23.028,"TG 18:1_20:1_22:6","TG",799839,613506,699281,619491,618444,614346,303412,146323,337327,462558,230002,459885,305519,411015,315287,411982,461595,331173
"Pos",62440,"[M+NH4]+",25.475,"TG 18:1_20:1_26:1","TG",1054019,920828,1006709,904499,924873,829170,564012,486278,553137,738603,870217,763798,709798,627085,704756,630545,682185,620154
"Pos",58210,"[M+NH4]+",22.765,"TG 18:1_20:2_22:5","TG",74090,20307,63386,44744,107213,52700,17417,35986,11230,45498,39332,76025,71194,120785,28912,10750,44229,16121
"Pos",58061,"[M+NH4]+",22.184,"TG 18:1_20:3_22:5","TG",5955,33914,12117,6058,8026,39727,0,0,0,7990,16016,19704,5484,0,9731,6646,4666,5010
"Pos",57912,"[M+NH4]+",21.723,"TG 18:1_20:4_22:5","TG",56412,70264,33850,7294,23756,32997,41059,8024,22258,31906,21222,26834,37532,14115,20079,14938,25380,49564
"Pos",60400,"[M+NH4]+",24.209,"TG 18:1_22:1_22:4","TG",209521,83708,43292,74246,163033,81588,38091,48564,41019,30400,93271,70856,79114,103664,80561,41778,98591,93614
"Pos",60273,"[M+NH4]+",23.779,"TG 18:1_22:1_22:5","TG",160076,324912,219040,277672,124600,207359,80989,106172,91658,224420,186542,189966,87471,113244,185266,175062,103498,197592
"Pos",60015,"[M+NH4]+",22.882,"TG 18:1_22:4_22:4","TG",0,8239,0,0,12544,7344,0,0,0,0,6148,0,0,0,0,0,7685,0
"Pos",59889,"[M+NH4]+",22.333,"TG 18:1_22:4_22:5","TG",14600,4065,12063,18367,10950,5328,3413,4064,3724,10697,12613,0,5227,20325,8542,26949,54977,69810
"Pos",59743,"[M+NH4]+",22.043,"TG 18:1_22:4_22:6","TG",0,10820,0,5098,0,0,5085,0,4398,6654,6535,0,28918,9211,3878,3275,280301,10256
"Pos",59742,"[M+NH4]+",21.735,"TG 18:1_22:5_22:5","TG",4943,9561,8600,4694,3354,10038,0,0,4906,3622,8590,10430,9252,7482,4812,11799,29317,18812
"Pos",59594,"[M+NH4]+",21.411,"TG 18:1_22:5_22:6","TG",10687,22891,26110,25574,15630,10322,6984,8809,12526,29680,31334,28162,191870,97502,178265,395173,510649,429541
"Pos",60541,"[M+NH4]+",24.577,"TG 18:1_24:1_20:3","TG",207298,257238,203937,169697,222299,128647,28922,121581,90819,152791,53614,188279,184548,76647,124747,71537,123717,87726
"Pos",51815,"[M+NH4]+",21.622,"TG 18:2_18:2_18:2","TG",1960721,1796468,1910834,1702857,1807565,1865411,1644124,1713848,1619241,1746552,1802848,1761898,1802375,1761960,1657408,1682376,1815881,1709304
"Pos",18807,"[M+NH4]+",10.768,"TG 8:0_8:0_10:0","TG",225927,421381,29442,81831,92038,91389,489399,572317,34890,80298,60406,165208,99445,115166,62814,60385,123021,50660
"Pos",16801,"[M+NH4]+",9.496,"TG 8:0_8:0_8:0 (a)","TG",182080,99262,130305,8810,21917,947690,133807,381934,10143,91199,30582,33804,131393,28832,149059,14835,197031,37109
"Pos",16802,"[M+NH4]+",9.891,"TG 8:0_8:0_8:0 (b)","TG",119508,285748,22283,34223,31879,35041,234089,335126,25588,35498,23004,99495,26332,34248,19931,8459,50186,7671
